questionText,options[0],options[1],options[2],options[3],correctAnswer
Synonym of Dank is ______________?,A. Broken,B. Damp,C. Hard,D. Demolished,B. Damp
What is the antonym of Generous?,A. Stingy,B. Kind,C. Giving,D. Helpful,A. Stingy
Take the book ___________ the table.,A. Off,B. In,C. Into,D. Out of,A. Off
Antonym of BLUSTER is: __________?,A. Bravado,B. Boast,C. Confidence,D. Meekness,D. Meekness
Antonym of CAVEAT is: __________?,A. Guarantee,B. Warning,C. Assurance,D. Disclaimer,C. Assurance
Antonym of BAROQUE is: __________?,A. Minimalist,B. Ornate,C. Classical,D. Rococo,A. Minimalist
Antonym of VELLEITY is: __________?,A. Aversion,B. Passion,C. Indifference,D. Apathy,B. Passion
Antonym of CORUSCATING is: __________?,A. Mundane,B. Tenebrous,C. Sparkling,D. Brilliant,A. Mundane
Antonym of RHUBARB is: __________?,A. Serenity,B. Cacophony,C. Harmony,D. Sweetness,C. Harmony
Antonym of KILTER is: __________?,A. Balance,B. Order,C. Harmony,D. Out-of-sync,D. Out-of-sync
Antonym of DILETTANTE is: __________?,A. Amateur,B. Connoisseur,C. Novice,D. Enthusiast,B. Connoisseur
Antonym of CONFABULATION is: __________?,A. Verification,B. Fabrication,C. Distortion,D. Exaggeration,A. Verification
Antonym of PERSPICACITY is: __________?,A. Acumen,B. Astuteness,C. Naivety,D. Intelligence,C. Naivety
Synonym of PROPINQUITY is: __________?,A. Distance,B. Closeness,C. Remoteness,D. Isolation,B. Closeness
Synonym of CROMULENT is: __________?,A. Acceptable,B. Unacceptable,C. Questionable,,A. Acceptable
Synonym of AMANUENSIS is: __________?,A. Secretary,B. Assistant,C. Clerk,D. Scribe,D. Scribe
Synonym of DESIDERIUM is: __________?,A. Craving,B. Satisfaction,C. Fulfillment,D. Contentment,A. Craving
Synonym of FINAGLE is: __________?,A. Surrender,B. Manipulate,C. Cooperate,D. Wheedle,D. Wheedle
Synonym of MACADAMIZED is: __________?,A. Graveled,B. Mudded,C. Turfed,D. Paved,D. Paved
Synonym of SIBYLLINE is: __________?,A. Enigmatic,B. Obvious,C. Transparent,D. Subtle,A. Enigmatic
Synonym of LEVITATE is: __________?,A. Sink,B. Float,C. Plod,D. Wander,B. Float
Synonym of ACCUBATION is: __________?,A. Conversation,B. Reclining,C. Ambulation,D. Occupation,B. Reclining
Synonym of the word FRABJOUS is: __________?,A. Wonderful,B. Surprising,C. Blithe,D. Gusto,A. Wonderful
Change the voice : You will be acknowledge by the Government.,A. Government will acknowledge you,B. Government was acknowledge you,C. Government is acknowledge you,D. None of these,A. Government will acknowledge you
The term Aqua means______?,A. Water,B. Marsh,C. Alloy,D. None,A. Water
The idiom a hard nut to crack means:,A. An easy question,B. A foolish search,C. A difficult problem,D. Expensive thing,C. A difficult problem
What is the phrasal meaning of carry-on?,A. To continue doing something,B. To end doing something,C. To start doing something,D. None of these,A. To continue doing something
What is an antonym of the word ‘Profusion?,A. Scarcity,B. Abundance,C. Confusion,D. None of these,A. Scarcity
What is a word similar to scarcely?,A. barely,B. certainly,C. completely,D. surely,A. barely
The Pros and Cons means:,A. Former and letter,B. Foul and Fair,C. Good and evil,D. For and against a thing,C. Good and evil
She is awaiting _______ result.,A. for,B. from,C. the,D. on,C. the
Call on means ______?,A. Doubtful,B. Prove a theory,C. Play a visit to someone,D. Summon as a witness,C. Play a visit to someone
Honey : Bee ::,A. Sparrow : Nest,B. Sonnet : Poet,C. Sculptor : Statue,D. None of these,B. Sonnet : Poet
The idiom “Kick the bucket” means?,A. To kill,B. To achieve a goal,C. To die,D. To be successful,C. To die
A bag of bones means: ____________?,A. an extremely thin person.,B. a container use to carry bones.,C. a person who has a lot of energy.,D. a type of storage for old items.,A. an extremely thin person.
Idiom To carry weight means: __________________?,A. to bewitch,B. to have trouble or grief,C. to have importance,D. to stop permanently,B. to have trouble or grief
Idiom “A bag of bones” means,A. an extremely thin person.,B. a difficult thing.,C. comfortable.,D. a big important person.,A. an extremely thin person.
Idiom “A bed of roses” means:,A. comfortable.,B. an extremely thin person.,C. a difficult thing.,D. a big important person.,A. comfortable.
Idiom “A bed of thorns” means:,A. a difficult thing.,B. comfortable.,C. an extremely thin person.,D. a big important person.,A. a difficult thing.
Idiom “A beast of burden” means :,A. a person or animal used for carrying heavy loads or does hard work.,B. a wild animal used in the circus.,C. a dangerous animal.,D. a person who enjoys lifting weights.,A. a person or animal used for carrying heavy loads or does hard work.
Idiom “A big gun” means:,A. a big important person.,B. an extremely thin person.,C. a difficult thing.,D. comfortable.,A. a big important person.
Idiom “A bird of passage” means: ______________?,A. comfortable.,B. an extremely thin person.,C. a difficult thing.,D. a migratory bird.,D. a migratory bird.
Idiom “A bird’s eye view” means:,A. A view from a high or elevated position.,B. A very detailed view of something.,C. A view of something close up.,D. A perspective from a person’s point of view.,A. A view from a high or elevated position.
Idiom “A black sheep” means: ________________?,A. an extremely thin person.,B. a difficult thing.,C. person with bad reputation.,D. comfortable.,C. person with bad reputation.
Idiom “A blessing in disguise” means: __________?,A. A curse like a blessing.,B. a misfortune that results in something good.,"C. A situation where someone is tricked into thinking something good,",D. a blessing that is hidden from others.,B. a misfortune that results in something good.
Idiom “A blind alley ” means: ____________?,A. a street that leads to nowhere.,B. A shortcut to success.,C. place you can always find help.,D. a difficult situation with no solution or escape,D. a difficult situation with no solution or escape
Nafeesa is afraid ___________spiders?,A. from,B. in,C. about,D. of,D. of
Many species of insects were wiped _______ when the jungle was cleared.,A. Away,B. On,C. Out,D. Of,C. Out
My father was so poor _________?,A. That he could not buy us food,B. That who could not buy us food,C. To he could not buy us food,D. None of These,A. That he could not buy us food
What is the synonym of Placate?,A. Rouse,B. Harass,C. Pacify,D. None of the above,C. Pacify
Antonym of Sacrilegious is ________?,A. Pious,B. Impious,C. Profane,D. None,A. Pious
Idiom of ‘A pipe dream’ is ____________?,A. Unattainable dream,B. A day dream,C. A night dream,D. None,A. Unattainable dream
Antonym of Wrath is ____________?,A. Solace,B. Peace,C. Delight,D. None,C. Delight
Synonym of Feral is ______________?,A. Wild,B. Tame,C. Tamed,D. None,A. Wild
What is the meaning of gloss?,A. Dull,B. Brightness,C. Smoothness,D. None,B. Brightness
Antonym of Laborious is ________?,A. Diligent,B. Lazy,C. Frivolity,D. None,B. Lazy
Sell someone down the river means:,A. Deliberately kill (a person or animal) by drowning,B. Betray someone for personal profit or advantage,C. Hate someone to an extreme level,D. To destroy or get rid of someone,B. Betray someone for personal profit or advantage
Burn the midnight oil means:,A. Turn on light in late night,B. Work late into the night,C. Work hard to achieve something,D. Waste the resources,B. Work late into the night
Penny wise and pound foolish,A. Wise to spend each penny carefully,B. Careful about small amounts but careless about large amounts,C. People who don’t understand the importance of each penny,D. A part of life,B. Careful about small amounts but careless about large amounts
"Please, stop ________ so many mistakes.",A. To making,B. Making,C. Makes to,D. Make,B. Making
What is the meaning of the phrase ‘cry over split milk’?,A. Brief explanation,B. When you complain about a loss from the past,C. Express your feelings,D. Be sad over little things,B. When you complain about a loss from the past
‘Water under the bridge’ means:,A. A stagnant pond,B. Something that happened in the past and cannot now be changed,C. Alter facts or figures dishonestly or illegally,D. Unresolved issue or conflict,B. Something that happened in the past and cannot now be changed
What is the correct antonym of the word VELLEITY ?,A. whim,B. selenite,C. Galimatias,D. Disinclination,D. Disinclination
‘Be under the scanner’ means: ____________?,A. Being closely examined,B. Be under the watchful eye,C. Be under scrutiny,D. All of Above,D. All of Above
Idiom “hold the ring” means:,A. Monitor a dispute without becoming involved in it,B. Become involved in a conflict,C. Set the alarm,D. Make new ringtones,A. Monitor a dispute without becoming involved in it
Idiom “cook the books” means: _____________?,A. Alter facts or figures dishonestly or illegally,B. Read or write a lot of books,C. Give exact information,D. Come to an agreement,A. Alter facts or figures dishonestly or illegally
There was a ‘whiff of’ consensus on the proposed constitutional amendments during talks between the government and opposition. Here ‘whiff of’ means:,A. Lack of something,B. A slight sign of something,C. Disagreement on something,D. Quarrel on something,B. A slight sign of something
SCIENTIST : LABORATORY ::,A. Teacher : Classroom,B. Dentist : Drill,C. Lawyer : Client,D. Actor : playwrite,A. Teacher : Classroom
"Although officials claimed that it’s hull was _______, the Titanic sank after hitting an iceberg.",A. Iron made,B. Impenetrable,C. Prominent,D. Oval,B. Impenetrable
Muslim alchemists tried to attain wealth by _______copper and other base metals into gold.,A. Placing,B. Coin aging,C. Melting,D. Transforming,D. Transforming
A rumor that the corporation was close to the ________ caused panic among it’s creditors and stockholders.,A. New venture,B. Bankruptcy,C. Divided declaration,D. Annual BOD meeting,B. Bankruptcy
"Despite his illness, Inzamam was ________ in winning his team.",A. Disappointing,B. Useless,C. Vigorous,D. Instrumental,D. Instrumental
Maria forced herself to eat every piece on her plate; although she found the food practically______?,A. Delicious,B. Spicy,C. Inedible,D. Nourishing,C. Inedible
"But with the US and UK ‘egging on’ the Israelis, instead of reining in their rabid ally, it is difficult to foresee a negotiated denouement of this dangerous conflict. Here phrase ‘egging on’ means:",A. Embarrass,B. Strongly encourage,C. Feel ashamed,D. Make fool,B. Strongly encourage
American ‘sabre-rattling’ is unlikely to bring calm to a Middle East that is ready to explode. Here ‘sabre-rattling’ word means:,A. Threat of military force,B. Military aid,C. Unchecked financial support,D. Coercive measures,A. Threat of military force
"In their first debate, Kamala gets under Trump’s skin. Here “get under someone’s skin” means:",A. Irritate or upset someone,B. Do it with a lot of force and energy,C. To meet and spend time with someone,D. Say or do something that someone should not have,A. Irritate or upset someone
"Take something with a pinch of salt”, means:",A. Without wholly believing,B. Eat with some extra salt,C. Eat without salt,D. Believe something completely,A. Without wholly believing
Qureshi accuses prosecution of dilly-dallying. Here the word ‘dilly-dallying’ means:,A. Wasting time by being indecisive,B. Becoming hasty in decision making,C. Not cooperating with council,D. Not respecting because of political interference,A. Wasting time by being indecisive
What is the meaning of the idiom “Spill the beans”?,A. To make a mess,B. To reveal a secret,C. To tell a lie,D. To start a fight,B. To reveal a secret
"Be quids in, means:",A. To be making a profit,B. To suffer loss,C. To be in a situation,D. To be a part of a group,A. To be making a profit
The new TV series from the West Wing team is ready to roll. Here idiom ‘ready to roll’ means:,A. Near to be finished,B. Start to be ruined,C. Going to start soon,D. Ready to leave soon,C. Going to start soon
"Be pushing up the daisies, means:",A. Live for a long time,B. To be dead,C. Try hard for success,D. Trying something irrelevant,B. To be dead
"Follow hot on the heels of, means:",A. Happen very slowly,B. Happen very soon,C. Happen in hidden manner,D. Happen slow and secretly,B. Happen very soon
I have claim _____ you.,A. In,B. At,C. On,D. Over,C. On
He died ______ fever.,A. From,B. By,C. Of,D. In,C. Of
I’m sure to profit _____ his lecture.,A. From,B. At,C. By,D. On,A. From
"“In for a penny, in for a pound”, means:",A. Used to say: very expensive to purchase,B. Used to say: finish a project once started at any cost,C. Used to say: leave as soon as possible,D. Used to say: having an intense and,B. Used to say: finish a project once started at any cost
"‘To put your foot in your mouth’, means:",A. To behave immaturely,B. Compulsively bite or chew your skin,C. Say something unnecessary and,D. To remain silent until you are asked to speak,C. Say something unnecessary andembarrassing
"‘Keep a tight rein on’, means:",A. Exercise strict control over,B. Reign masses by force,C. Ride horse fast,D. Make uncomfortable,A. Exercise strict control over
"“Till the cows come home”, means:",A. Until evening time,B. For a very long time,C. Futile efforts everyday,D. Sometimes in a day,B. For a very long time
"‘Paint the town red’, means:",A. Make town colorful,B. Keep something secret,C. Go out and enjoy oneself,D. Show the sign of danger,C. Go out and enjoy oneself
"“To keep your nose clean”, means:",A. Drink extra fluids during flu to keep from getting dehydrated,B. Always remain clean and healthy,C. Avoid getting into trouble,D. Be quite and careful,C. Avoid getting into trouble
"‘Take a dim view of’, means:",A. Blur something,B. Take it easy,C. Pay no heed,D. Disapprove and criticize,D. Disapprove and criticize
"‘Wake up and smell the coffee’, means:",A. Rouse and enjoy morning coffee,B. Ignore every thing and enjoy,C. Realize the truth and facts,D. Be confident about yourself,C. Realize the truth and facts
"‘All hat and no cattle’, means:",A. Very impressive,B. All talk but no action,C. Much powerful and strong,D. Place without animals,B. All talk but no action
‘Without further ado’ means: ___________?,A. With no more trouble,B. With no more delay,C. With no more respect,D. With no more silence,B. With no more delay
Synonym of Infuriate is : ___________?,A. Threaten,B. Enrage,C. Burn,D. Disgrace,B. Enrage
which only one word is correctly spelt,A. promiscous,B. promiscuous,C. promiscuuous,D. promisscuous,B. promiscuous
Synonym of Garish is: _________?,A. Confused,B. Gaudy,C. Unusual,D. Exciting,B. Gaudy
Fast : Hunger : : Race : _________?,A. Horse,B. Smartness,C. Strength,D. Fatigue,D. Fatigue
Genuine : Authentic : : Mirage : _________?,A. Hideout,B. Illusion,C. Image,D. Reflection,B. Illusion
"Idiom, “Meat and potatoes”, means: ____________?",A. Important and necessary food,B. Important and basic parts of something,C. Unnecessary parts of something,D. Unpredictable things,B. Important and basic parts of something
What is the most opposite from the word ‘foe’?,A. Friend,B. Foul,C. Fail,D. Enemy,A. Friend
What word from the following is the most opposite from word ‘Stringent’?,A. Lieutenant,B. General,C. Meritorious,D. Lenient,D. Lenient
He had dared to challenge the views of an ‘august’ body of imperial historians. here ‘august’ word means:,A. Ordinary,B. Worthy of respect,C. Silly,D. None of These,B. Worthy of respect
“Make sheep’s eyes at” means: _________?,A. look at (someone) in a foolishly amorous way,B. Leer at,C. Gaze at,D. None of These,A. look at (someone) in a foolishly amorous way
Choose the appropriate meaning of the idioms from the choices given.  To keep the pot boiling.,A. To maintain interest,B. To heat,C. To show anger,D. To do experiments,A. To maintain interest
Everyone run ________ the thief.,A. After,B. With,C. For,D. on,A. After
I _________ to Islamabad with some friends last night.,A. have gone,B. went,C. am gone,D. am going,B. went
She was sitting  ________her mother.,A. Beside,B. Along,C. Across,D. None of These,A. Beside
“Cast pearls before swine” means:,A. Waste time on a bad activity,B. Offer something valuable to someone who does not know its value,C. Become very serious for your work,D. None of These,B. Offer something valuable to someone who does not know its value
“To give the devil his due” means: _________-?,A. Admit good qualities of someone you do not like,B. Be afraid of the enemy,C. Do not underestimate your enemy,D. All of These,A. Admit good qualities of someone you do not like
“A happy go lucky fellow” means:,A. A care free and vivacious person,B. A very lucky person,C. A very courageous person,D. A very lazy person,A. A care free and vivacious person
The prison has succeeded in reducing ‘recidivism’. The word ‘recidivism’ word means:,A. The tendency of a convicted criminal to reoffend,B. Going back to a previous behavior,C. Backsliding,D. All of These,D. All of These
Person living in a certain place?,A. Evict,B. Wild,C. Dictator,D. Domicile,D. Domicile
Stocks “eke out” gains amid growing political noise. Here “eke out” means?,A. Obtain something only with difficulty,B. Be ruined,C. Skyrocket without effort,D. Remain stable,A. Obtain something only with difficulty
Just good enough means?,A. Not sufficient time,B. An estimated criteria,C. Good for Circumstances,D. None of these,C. Good for Circumstances
Choose the correct antonym of ruthless:,A. Majestic,B. Grief,C. Merciful,D. Pity,C. Merciful
Synonym of Notorious is _______?,A. Fervour,B. Flagrant,C. Finesse,D. Festive,B. Flagrant
Choose the correctly written spelling from the following options?,A. Recrudescence,B. Recrudascence,C. Recrudescance,D. Recrudescince,A. Recrudescence
Tick the correct spelling of the given word in options.,A. Condescend,B. Condascend,C. Condescand,D. Condiscend,A. Condescend
Choose the correct spelling of the following word?,A. Auxuliary,B. Auxilliary,C. Auxiliary,D. Auxuiliarye,C. Auxiliary
“In toto” means: __________?,A. Partially,B. In danger,C. As a total or whole,D. Step by step,C. As a total or whole
The available information amounts to very little ‘in toto’. Here ‘in toto’ is?,A. Adjective,B. Adverb,C. Preposition,D. None of these,B. Adverb
A person who loves mountain:,A. Bibliophile,B. Photophile,C. Orophile,D. Selenophile,C. Orophile
The one-word substitution for “The breaking of an image” is:,A. Iconoclast,B. Iconography,C. Iconolater,D. Iconoclasm,D. Iconoclasm
What is the one-word substitution for  ‘Incapable of being Seized”,A. Impregnable,B. Inviolable,C. Unassailable,D. Invulnerable,A. Impregnable
_______Parrot of Pakistan is beautiful ?,A. a,B. an,C. The,D. None,C. The
Which of the following is a synonym for “riven by”?,A. United by,B. Strengthened by,C. Split by,D. Supported by,C. Split by
He is walking _____ road.,A. By,B. On,C. With,D. In,B. On
“Take the wind out of someone’s sails” means:,A. To change the direction of someone,B. To make someone feel less confident,C. To destroy someone,D. To make someone more confident,B. To make someone feel less confident
The government should not spend money on helping “lame ducks”. Here lame ducks  means:,A. Needy,B. Unsuccessful,C. Powerless,D. Inactive,B. Unsuccessful
"A large number of ammunition, weapons and explosives __________ recovered from the terrorists on Sunday.",A. Was,B. We’re,C. Has,D. Have,A. Was
The traveler enquired to the farmer if he could tell him the way to the nearest inn.,"A. The traveler said to the farmer, “Where is the nearest inn?”","B. The traveler said to the farmer, “Which is the way to the nearest inn?”","C. The traveler said to the farmer, “Can you tell me the way to the nearest inn?”","D. The traveler said to the farmer, “Can you tell me where is the nearest inn?”","C. The traveler said to the farmer, “Can you tell me the way to the nearest inn?”"
The idiomatic phrase “a month of Sundays” means,A. Time,B. A long time,C. A special Sunday,D. A short period,B. A long time
The phrase/ idiom “As right as rain” means:,A. Something is wet,B. Cloudy weather,C. Something is right,D. Something is perfect,D. Something is perfect
The Phrase/ idiom “See eye to eye” means:,A. Have a same look,B. Have a same countenance,C. Have a same opinion,D. Have a same eyes colour,C. Have a same opinion
The Phrase/ idiom “Elephant in the room” means:,A. A major issue,B. A minor problem,C. An idiot person,D. A giant man,A. A major issue
The Phrase ‘Clouds on the horizon’ means:,A. Frustration,B. Problems,C. Destruction,D. Thunder and lightning,B. Problems
A picture in water color on wall:,A. Epitaph,B. Epicure,C. Fatal,D. Fresco,D. Fresco
Animals having two feet:,A. Bigamy,B. Bulletin,C. Biped,D. Carnivore,C. Biped
A person who wants to destroy all government and orders:,A. Brail,B. Anarchist,C. Biped,D. Crank,B. Anarchist
‘To pull socks up’ means?,A. Take a bigger risk,B. Make an effort to improve work,C. Come to a halt,D. Stop doing something,B. Make an effort to improve work
What is the one-word substitution for the term “galling”?,A. Irritating,B. Infuriating,C. Relaxing,D. Satisfying,B. Infuriating
What is the nearest meaning of the phrase “bandy something around”?,A. To play with an object,B. To discuss something casually or exchange ideas informally,C. To argue intensely,D. To throw something away,B. To discuss something casually or exchange ideas informally
What is the nearest meaning of the word “protracted”?,A. Brief,B. Lengthy or prolonged,C. Intense,D. Rapid,B. Lengthy or prolonged
What is the nearest meaning of the word “wryly”?,A. Happily,B. Sarcastically,C. Seriously,D. None of These,B. Sarcastically
What is the nearest meaning of the phrase “hell to pay”?,A. A difficult task,B. A lively party,C. Severe consequences or trouble,D. An unexpected reward,C. Severe consequences or trouble
What is the nearest meaning of the word “scathing”?,A. Mild,B. Severe or harsh,C. Supportive,D. Praise,B. Severe or harsh
What does the word “indictment” signify?,A. Formal accusation,B. Strong evidence of serious flaws or wrongdoing,C. Legal charge,D. Moral condemnation,A. Formal accusation
What is the nearest meaning of the following idiom: “Brave the elements”?,A. Face difficult challenges,B. Fight with nature,C. Endure harsh weather conditions,D. Conquer fears,C. Endure harsh weather conditions
What is the nearest meaning of the following idiom: “Hold sway”?,A. Dance gracefully,B. Have control or influence,C. Manage a situation,D. Stand firm,B. Have control or influence
What is the nearest meaning of the following idiom: “Spring a tap”?,A. Pull a prank,B. Initiate a conversation,C. Trick someone into doing or saying something,D. Start an argument,C. Trick someone into doing or saying something
Which of the following is a synonym for “breakneck”?,A. Leisurely,B. Dangerous,C. Slow,D. Rapid,D. Rapid
Which of the following is a synonym for “square up”?,A. Avoid,B. Confront,C. Ignore,D. Mislead,B. Confront
Which of the following is a synonym for “corrode”?,A. Strengthen,B. Decay,C. Polish,D. Assemble,B. Decay
Which of the following is a synonym for “swathe of”?,A. Fragment of,B. Piece of,C. Strip of,D. Heap of,C. Strip of
Detect analogy :  Cap : Turban : Hat,A. Headgear,B. Umbrella,C. Hair,D. Safety,A. Headgear
choose the correct meaning of the idiom: ” To plough the sand”.,A. To make the desert bloom,B. To work in vain,C. To do a difficult work,D. To make the desert fertile,B. To work in vain
The cheque is____Habib Bank. Use suitable Preposition.,A. at,B. on,C. upon,D. up,B. on
The boy fell _______ the pond yesterday.,A. into,B. in,C. from,D. over,A. into
Synonym of Ratify is _____________?,A. Negotiate,B. Denounce,C. Approve,D. Challenge,C. Approve
Synonym of Quarry is _____________?,A. Trend,B. Prey,C. Decoy,D. Seeking explanation,B. Prey
"He says, ” They will hurt you”.",A. He said to me that they will hurt me.,B. He said to me that they would be hurt me.,C. He said to me that they would hurt you.,D. He said to me that they would hurt me.,D. He said to me that they would hurt me.
He tends to___________to any suggestion I make in meetings.,A. differ,B. agree,C. accept,D. cooperate,A. differ
Synonym of Notwithstanding is _______________?,A. in spite of,B. conclusion,C. Finally,D. none of above,A. in spite of
What is the Synonym of word ‘Winnow’ ?,A. Fuse,B. Sift,C. Espouse,D. Gather,B. Sift
Identify the correct spelling:,A. Commision,B. Comission,C. Comision,D. Commission,D. Commission
Choose the correct spelling from the followings?,A. Cemetary,B. Cemetery,C. Cemmetary,D. Cemmetery,B. Cemetery
Synonym of Abortive is ___________?,A. Unsuccessful,B. Productive,C. Consuming,D. Effective,A. Unsuccessful
Which spelling is correct?,A. Milennium,B. Millenium,C. Millennium,D. Milenium,C. Millennium
‘Vent one’s spleen’ means:,A. Express one’s joy,B. Express one’s anger,C. Let something out,D. None of These,B. Express one’s anger
Choose Correct Spelling?,A. Succide,B. Suicide,C. Sucide,D. Suiccide,B. Suicide
A disease that causes death:,A. Fatal,B. Congenital,C. Feather,D. None,A. Fatal
What does the idiom “to bear the brunt of” mean?,A. To enjoy the benefits of something,B. To take on the main force or impact of something,C. To avoid responsibility,D. To lead a group or effort,B. To take on the main force or impact of something
What does the idiom “have an axe to grind” mean?,A. To have a tool that needs sharpening,B. To be skilled at woodworking,C. To have a personal interest or grievance,D. To be ready for hard work,C. To have a personal interest or grievance
What does the idiom “to bury the hatchet” mean?,A. To hide evidence,B. To end a conflict and make peace,C. To postpone a decision,D. To prepare for battle,B. To end a conflict and make peace
What does the idiom ‘to call a spade a spade’ mean?,A. To dig for the truth,B. To use the correct tool for the job,C. To speak bluntly and truthfully,D. To disguise the truth with euphemisms,C. To speak bluntly and truthfully
Antonym of MELANCHOLY is _________?,A. sadness,B. joy,C. gloom,D. sorrow,B. joy
Antonym of ENTICE is _________?,A. attract,B. repel,C. lure,D. tempt,B. repel
Antonym of CAPRICIOUS is _________?,A. predictable,B. fickle,C. whimsical,D. impulsive,A. predictable
He is looking forward to _______ his bro.,A. see,B. seeing,C. saw,D. None of These,B. seeing
Synonym of CAPRICIOUS is _________?,A. impulsive,B. amusing,C. instinctive,D. carefree,A. impulsive
Choose correct spelling?,A. Mnemonics,B. Mnenomics,C. Nemonics,D. Nenomics,A. Mnemonics
He is very careful. He ____________ his children to drive his car in rush hour traffic.,A. does not allow,B. did not allow,C. allowed,D. allow,A. does not allow
Are we ____________ to leave on vacation?,A. already,B. altogether,C. all together,D. all ready,D. all ready
Ahmed was true to his ______________ when he saved the child’s life in the accident but asked for money as a favor from the child’s parents.,A. colors,B. tones,C. character,D. self,C. character
They have a(n) ___________ on the top prize in the competition.,A. advantage,B. edge,C. eye,D. vision,B. edge
"________me, I would be happy to dedicate a few extra hours for the humanitarian cause.",A. As of,B. As for,C. As from,D. D. None of These,B. As for
Our group will be____________ by your group at next intersection but the goal of both groups will remain same.,A. joined,B. replaced,C. ignored,D. influenced,A. joined
He is fond____Mangoes.,A. For,B. Of,C. At,D. Into,B. Of
Samra is good  _____ mathematics.,A. In,B. For,C. At,D. To,C. At
A lengthy and aggressive speech addressed to a large assembly.,A. Cacophony,B. Harangue,C. Hullabaloo,D. Pandemonium,B. Harangue
What is the similar meaning of Seminal?,A. Destructive,B. Diverging,C. Influential,D. Disguised,C. Influential
He is blind _________ one eye.,A. in,B. of,C. to,D. with,A. in
They are enjoying swimming.  What is ” swimming ” according to grammar?,A. Verb,B. Adjective,C. Noun,D. Adverb,C. Noun
Synonym of ” inane ” is ______________.,A. lifeless,B. senseless,C. hopeless,D. faithless,B. senseless
Synonym of “cryptic” is ____________.,A. obscure,B. written,C. copied,D. None of These,A. obscure
A doctor who treats children is called __________.,A. Pedophile,B. Fatalist,C. Pediatrician,D. Pedagogue,C. Pediatrician
He met a man who lived in USA last year. What is ” who ” according to grammar here?,A. Interrogative Pronoun,B. Distributive Pronoun,C. Relative Pronoun,D. Reciprocal Pronoun,C. Relative Pronoun
A person who is unable to pay his debts is called ___________.,A. Borrower,B. Insolvent,C. Lender,D. Allen,B. Insolvent
Always try to be polite _____ others.,A. with,B. to,C. for,D. on,B. to
"My father said to me, ” You must work hard”.",A. My father said to me that I must work hard,B. My father said to me that you must work hard,C. My father said to me that I had to work hard,D. My father said to me that I have to work hard,C. My father said to me that I had to work hard
“Give cold shoulder” means__________?,A. To support,B. Cold meat,C. To ignore,D. Shiver,C. To ignore
Which form of verb is usually used in “Passive Sentences”?,A. First Form,B. Second Form,C. Third Form,D. None,C. Third Form
"Mother said, “Where are you going? “",A. Mother said me where I am going.,B. Mother said to me where are you going.,C. Mother asked where I was going.,D. Mother asked me where I am going.,C. Mother asked where I was going.
He opened a current account _______ the bank last week.,A. in,B. at,C. on,D. into,B. at
He is ill ____________ fever?,A. of,B. with,C. in,D. from,B. with
There is no use ___going there at this time.,A. at,B. in,C. on,D. of,B. in
He will not turn ______________ my respect,A. on,B. over,C. down,D. None of these,C. down
"In the test, we will _________ your work and then give you detailed feedback.",A. assess,B. judge,C. measure,D. check,A. assess
What does mean of ‘Lotus-eater’?,A. Man of no substance,B. Honorary and reputable,C. A person full of laziness,D. A destructive man never be conqueror,C. A person full of laziness
What does mean by idiom ‘To kill a mockingbird’?,A. Destroy one’s innocence,B. To kill one who copies,C. Hit a man with a pebble,D. Eradication of moral values,A. Destroy one’s innocence
Antonym of ARTIFICIAL is ______________?,A. Red,B. Solid,C. Truthful,D. Natural,D. Natural
Select the word which is spelled correctly?,A. Benefited,B. benifited,C. benifitted,D. None of These,A. Benefited
Synonym of Gaol is ___________?,A. Purpose,B. Quod,C. Objective,D. None of These,B. Quod
Which country launched its first operational earth observation satellite “Taifa-1?,A. Kenya,B. Nigeria,C. Ethiopia,D. Tanzania,A. Kenya
A person living permanently in a certain place.,A. Resident,B. Native,C. Domicile,D. Subject,C. Domicile
A person who is indifferent to pains and pleasure of life:,A. Stoic,B. Sadist,C. Psychiatrist,D. Aristocrat,A. Stoic
Choose the correct spellings.,A. Qoloquial,B. Coloquial,C. Colloqial,D. Colloquial,D. Colloquial
My room is infested _________ insects.,A. In,B. On,C. From,D. With,D. With
The planes flew in formation _________ the fields.,A. On,B. Above,C. At,D. Over,D. Over
Antonym of EXPAND is _____________?,A. Congest,B. Conclude,C. Convert,D. Condense,D. Condense
Write the synonym of “admonish”?,A. defeat,B. defend,C. destroy,D. counsel,D. counsel
synonym of word Luscious:,A. Loathe,B. Succulent,C. Abet,D. Unappetizing,B. Succulent
Synonym of abhor?,A. love,B. hate,C. prefer,D. admire,B. hate
The Collins Dictionary’s word of the year for 2022 is: __________?,A. Moribund,B. Vax,C. permacrisis,D. Succulent,C. permacrisis
Can you repair _____ compter in Liam’s office? It’s not working.,A. a,B. the,C. an,D. none of these,B. the
Everyone who works in this department uses ___________ computer.,A. a,B. the,C. an,D. none of these.,A. a
“Xenzia” is the synonym of __________?,A. Extrovert,B. Reserved,C. Outspoken,D. Gregarious,B. Reserved
Bring forward means?,A. Produce,B. Show up,C. Clarify,D. None of These,A. Produce
Change the voice “Set the thief to catch the thief”.,A. Let the thief to catch the thief,B. Let the thief be set to catch the thief,C. Thief is set to catch the thief,D. None of These,B. Let the thief be set to catch the thief
A black and white cow ________ grazing in the field.,A. is,B. are,C. were,D. None of These,A. is
He is _________ doctor.,A. a,B. an,C. the,D. no article,A. a
We gave _________a meal.,A. at the visitors,B. for the visitors,C. the visitors,D. None of These,C. the visitors
The idiom donkey’s year means  _________?,A. Very Short period,B. Very long period,C. Both,D. None,B. Very long period
I am satisfied ________ his performance.,A. With,B. By,C. On,D. None of These,A. With
idiom of “Smell A Rat” ?,A. To reveal secrets,B. To suspect that something is wrong,C. Talking nonsense,D. To get momentum in a job,B. To suspect that something is wrong
Alice is _______ at the flowers in the garden.,A. Seeing,B. Looking,C. Watching,D. Washing,B. Looking
What is the synonym of Anxiety?,A. to be dipressed,B. Angry,C. worried,D. None of These,C. worried
Select the word which is spelled correctly?,A. pedagogical,B. pediagogical,C. pedagogcial,D. padegogical,A. pedagogical
Synonyme of Garbage is _________?,A. Level,B. Standing,C. Grade,D. Trash,D. Trash
He is ________ home.,A. in,B. by,C. at,D. with,C. at
The shopkeeper sells sweets made ______ pure milk.,A. of,B. by,C. with,D. from,D. from
This chair is made______ wood.,A. with,B. of,C. from,D. by,B. of
Choose the antonym of Birth?,A. Death,B. End,C. Conclusion,D. All of the above,D. All of the above
What is the antonym of Anguish?,A. Delight,B. Polite,C. Hatred,D. All of the above,A. Delight
Choose synonym of Fear?,A. Horror,B. Laughter,C. Smile,D. Judgement,A. Horror
Choose the synonym of Grief ?,A. Happiness,B. Sorrow,C. Love,D. None of these,B. Sorrow
The Government should care _________ the victims of the recent floods.,A. For,B. To,C. After,D. Of,A. For
I can’t even think _______ travelling _______ public bus.,"A. of, by","B. off, to","C. by, in","D. of, to","A. of, by"
I am glad _______ your success.,A. to,B. for,C. of,D. None of these,B. for
Choose the correct meaning of the idiom: ‘A Dark Horse’.,A. A wicked fellow,B. An Unexpected winner,C. A criminal Getting the water dirty,D. None of these,B. An Unexpected winner
We suffered ________ your neglect.,A. From,B. To,C. Of,D. None of These,A. From
The river flows ________ the bridge.,A. Under,B. Along,C. On,D. None of above,A. Under
Do not Jeer ___________ poor,A. on,B. over,C. at,D. none of these,C. at
Choose the correct spelling from the following?,A. Etiquite,B. Etiquette,C. Etikuit,D. None of These,B. Etiquette
She is working  _______ midnight.,A. Since,B. For,C. In,D. On,A. Since
Mr. Jamal asked him a question.,B. He was asked a question to Mr. Jamal.,C. He was asked a question by Mr. Jamal.,D. A question was being asked by Mr. Jamal.,,C. He was asked a question by Mr. Jamal.
"A lion does not eat grass, however hungry he may be.","A. Grass is not eaten by a lion, however hungry he may be.","B. Grass is not being eaten by a lion, however hungry he may be.","C. Grass is eaten not by a lion, however hungry he may be.","D. Grass is being not eaten by a lion, however hungry he may be.","A. Grass is not eaten by a lion, however hungry he may be."
It is your duty to make tea at eleven O’clock.,B. Your are required to make tea at eleven O’clock.,C. You are supposed to make tea at eleven O’clock.,D. Tea is to be made by you at eleven,,C. You are supposed to make tea at eleven O’clock.
Women like men to flatter them?,A. Men are liked by women to flatter them,B. Women like to be flattered by men,C. Women like that men should flatter them,D. Women are liked to be flattered by men,B. Women like to be flattered by men
Antonym of mendacious is__________?,A. veracious,B. release,C. dishonest,D. vigor,A. veracious
Antonym of felicitous is___________?,A. inopportune,B. devout,C. lavish,D. miser,A. inopportune
Synonym of supervene is ___________?,A. follow,B. intervene,C. urgent,D. imply,A. follow
Antonym of parsimony is___________?,A. verbosity,B. facile,C. freeze,D. generosity,D. generosity
Antonym of effluvium is___________?,A. fragrance,B. essential,C. regret,D. manifest,A. fragrance
Antonym of lugubrious is__________?,A. Cheerful,B. Sincere,C. dry,D. dour,A. Cheerful
Antonym of fallacious is___________?,A. Perfect,B. truthful,C. Alarm,D. Land,B. truthful
Synonym of antediluvian is __________?,A. antiquated,B. boorish,C. petty,D. strike,A. antiquated
Synonym of negligent is _________?,A. careless,B. turn,C. decide,D. want,A. careless
Antonym of philistine is__________?,A. Intellectual,B. Novice,C. worst,D. past,A. Intellectual
Antonym of malodorous is ___________?,A. acrid,B. besmirch,C. fragrant,D. confine,C. fragrant
Antonym of heartfelt is___________?,A. Insincere,B. friendly,C. overt,D. humorous,A. Insincere
Synonym of  sacrosanct is __________?,A. Prayer,B. violent,C. sacred,D. Loud,C. sacred
Synonym of  reverie is __________?,A. Daydream,B. Palimpsest,C. Curio,D. None of these,A. Daydream
Synonym of  Sumptuous is ___________?,A. delirious,B. Gorgeous,C. luxurious,D. Hit,C. luxurious
Synonym of  jovial is ________?,A. Merry,B. Dizzy,C. sleepy,D. revolting,A. Merry
Synonym of predict is __________?,A. foretell,B. Prevent,C. Discover,D. None of these,A. foretell
The Alphabets others then (a e i o u) are called ____________?,A. Vowels,B. Consonants,C. Phrase,D. None of these,B. Consonants
synonym of ” Zest” is _____________?,A. disappointed,B. discourage,C. enthusiasm,D. hope,C. enthusiasm
Synonym of ‘Abasement’ is ____________?,A. incurrence,B. taxation,C. humility,D. humiliation,D. humiliation
_______makes the mare go.,A. Gold,B. Silver,C. Money,D. Copper,C. Money
The Romans ______ to Britain in 54 BC.,A. Comed,B. Came,C. Had come,D. None of these,B. Came
One who praise oneself is called __________?,A. Fascist,B. Nazist,C. Narcissist,D. None of These,C. Narcissist
Synonym of Decade is __________?,A. Erra.,B. Period of 10 years.,C. Period,D. Years,B. Period of 10 years.
Synonym of “Acute” is ___________?,A. Not serious,B. Chronic,C. Obtuse,D. Extremely severe,D. Extremely severe
Synonym of “Mutable” is ________?,A. Constant,B. Not changeable,C. Changeable,D. Pleasant,C. Changeable
Synonym of Bashful is ____________?,A. Easily noticed,B. Easily embarrassed,C. Fruitful,D. Annoying,B. Easily embarrassed
Synonym of “Unsullied” is __________?,A. Spoiled,B. Ill-natured,C. Not spoiled,D. Stained,C. Not spoiled
I eat mangoes.,A. Mangoes are ate by me.,B. Mangoes is eaten by me.,C. Mangoes are eaten by me.,D. Mangoes has eaten by me.,C. Mangoes are eaten by me.
The U.N.O is the forlorn hope for world peace . ‘Forlorn hope’ means: ___________?,A. Desperate enterprise,B. False hope,C. Good initative,D. None of these,A. Desperate enterprise
For this act of indifference he will be taken to task by the authority; here taken to task means:,A. Rewarded,B. Tender his resignation,C. Entrusted with an official job.,D. Get an official reprimand,D. Get an official reprimand
Idiomatic phrase ‘a month of Sundays’ means: ___________?,A. no time,B. a long time,C. a special Sunday,D. a short period,B. a long time
"He said to the hotel receptionist, “Can you tell me the tariff of rooms?",A. He asked the hotel receptionist that if he can tell him the tariff of rooms.,B. He asked the hotel receptionist to tell him the tariff of rooms.,C. He enquired the hotel receptionist if he can tell him the tariff of rooms.,D. He asked the hotel receptionist if he could tell him the tariff of rooms.,D. He asked the hotel receptionist if he could tell him the tariff of rooms.
He left you in the _________ when you needed him most.,A. dirt,B. alley,C. lurch,D. field,C. lurch
“Chevon” is the meat of ________?,A. Goat,B. Sheep,C. Pigeon,D. Water buffalo,A. Goat
The meat of calf is called_________?,A. Veal,B. Squab,C. Venison,D. Chevon,A. Veal
The bead of ___________is called “mutton”?,A. Goat,B. Sheep,C. calf,D. Both a and b,B. Sheep
“Deer meat “is also called __________?,A. venison,B. Squab,C. Turkey,D. Veal,A. venison
Not only teacher but students ________ laughing.,A. Was,B. Had been,C. were,D. None of these,C. were
I have not seen you ______ Monday.,A. from,B. Since,C. for,D. None of these,B. Since
"We have got plenty of time for work, We _______ not hurry.",A. May,B. Will,C. Need,D. None of these,C. Need
Antonym of impartial is _____________?,A. hostile,B. biased,C. dislike,D. worried,B. biased
Antonym of WITHDRAW is _____________?,A. reduce,B. need,C. advance,D. want,C. advance
One who talks while sleeping is __________?,A. somniloquy,B. Somniferous,C. Somnambulant,D. None of these,A. somniloquy
A person who chatters meaninglessly is __________?,A. Talkative,B. Loquacious,C. Voluble,D. Garrulous,D. Garrulous
Synonym of Leeway is __________?,A. Freedom,B. Prison,C. Brave,D. Country,A. Freedom
The plural of sheep is __________?,A. sheeps,B. sheepers,C. sheeves,D. sheep,D. sheep
To get on the nerves.,A. To soothe,B. To have an illness,C. To give medicine,D. To irritate,D. To irritate
Synonym of FOMENT is _____________?,A. Incite,B. Ignore,C. Inspire,D. Important,A. Incite
Entertainment’ is related to ‘Television’ in the same way as ‘Warmth’ is related to ‘______,A. Proximity,B. Temperature,C. Woolens,D. Day,C. Woolens
Antonym of GRATUITY is _____________?,A. Annuity,B. Stipend,C. Compensation,D. Disaccout,C. Compensation
Antonym of PEEVISH is _____________?,A. Amiable,B. Unpleasant,C. Snappish,D. Authoritative,A. Amiable
Antonym of BLEMISH is _____________?,A. Adornment,B. Pimple,C. dearth,D. Tarnish,A. Adornment
A summary statement of commemoration for a dead person.,A. Remission,B. Helligfernt,C. Epitaph,D. Samaritan,C. Epitaph
A dramatic performance,A. Appraisal,B. Voluntary,C. Genius,D. Masque,D. Masque
A confusing and difficult problem or question.,A. Conundrum,B. Memories,C. Prodigy,D. Pandemonium,A. Conundrum
A cinema show which is held in the afternoon.,A. Propensity,B. Retaliate,C. Matinee,D. Eternal,C. Matinee
A child with unusual or remarkable talent.,A. shrew,B. Bossy,C. Prodigy,D. linguistic,C. Prodigy
The one who knows many languages?,A. Cosmopolitan,B. Epicure,C. Antiquarian,D. Polyglot,D. Polyglot
The one who is present everywhere?,A. Omnipresent,B. Omnipotent,C. Philanthropist,D. None of the above,A. Omnipresent
The one who acts against religion?,A. Pessimist,B. Heretic,C. Illiterate,D. Atheist,B. Heretic
The ______ for a vaccine could take up to a year.,A. chase,B. pursuit,C. track,D. search,D. search
"Today, banking in a seamless world ______ a distinct reality.",A. Are,B. was,C. Have,D. Is,D. Is
“Play away from the field”.,A. To conduct a game far from home and town.,B. To conduct a game far from home.,C. To have se*ual relationship with someone who is not your usual partner.,D. To have se*ual relationship with someone who is your usual partner.,C. To have se*ual relationship with someone who is not your usual partner.
There were many students ______ all the answers.,A. those knew,B. that knows,C. who knowing,D. who knew,D. who knew
A bed of roses.,A. Many roses,B. Tricky option,C. Difficult option,D. Easy Option,D. Easy Option
To run across means?,A. To look around,B. To meet casually,C. To go from one side to another,D. To ignore,B. To meet casually
"Sara, You should not “Call it a day”.",A. Stop working on something,B. To begin working,C. To delay working,D. To refuse working,A. Stop working on something
She invited all and sundry to the party. “All and Sundry” means: ____________?,A. Everyone,B. Close Friends,C. Many People,D. None of these,A. Everyone
The one who lives on others?,A. Epicure,B. Polygot,C. Parasite,D. Drover,C. Parasite
The phrase “To have your hands full” expresses means:,A. To be a sinner,B. To have too many things to do,C. To have plenty of wealth,D. Something related to fighting,B. To have too many things to do
Every now and then implies means:,A. Often,B. Always,C. Occasionally,D. Every where,C. Occasionally
I take down my notes carefully means:,A. To hide,B. To remove,C. To publish,D. To write down,D. To write down
“fair field and no favor” Idiom means:,A. An equal chance for every one,B. Perfection,C. Indifference in opinion,D. Popularity,A. An equal chance for every one
beat around the bush means:,A. Try to hide in the bush,B. Making excuses,C. To avid talking about what is important.,D. To talk rubbish,C. To avid talking about what is important.
Be poles apart” means:,A. Either of the two poles,B. Having nothing in common,C. Leading position in a race,D. Affect somebody greatly,B. Having nothing in common
The phrase “Be all ears” means:,"A. Having long ears,","B. Listen with interest,","C. Suspect something,",D. Being good listener,"B. Listen with interest,"
see eye to eye means?,A. Disagree,B. Agree,C. Meet,D. Dislike,B. Agree
flogging a dead horse __________?,A. Repeating our request,B. Making him see reason.,C. Beating about the bush.,D. Wasting time in useless effort,D. Wasting time in useless effort
“Feel good” means to;___________?,A. Show goodwill to someone,B. Become happy or confident,C. Know or sense something,D. Move along very carefully,B. Become happy or confident
My sister is bad _____ maths.,A. in,B. with,C. at,D. from,C. at
The jasmine gives ______ it’s fragrance at night.,A. Up,B. At,C. Off,D. In,C. Off
Haven’t you heated _______  your father?,A. Down,B. About,C. On,D. From,D. From
He is down ______ Malaria.,A. With,B. For,C. From,D. In,A. With
his field is not his forte. “forte” means: _________?,A. Range,B. Specialty,C. Drawback,D. None of these,B. Specialty
Bilal is getting __________ the car.,A. Out of,B. Out,C. Out from,D. Out has,A. Out of
When ________ invented?,A. The microwave was,B. Was the microwave,C. Was a microwave,D. Were microwave,B. Was the microwave
The selectors made Babar Azam captain. In this sentence ‘captain’ is ________?,A. Noun,B. Object complement,C. Verb compliment,D. None of these,B. Object complement
Anam is the smartest _______ girls?,A. among others,B. of all others,C. of all,D. of,C. of all
Identify the correct Spellings:,A. Metropolitan,B. Metropoleton,C. Metropulitan,D. None of these,A. Metropolitan
Antonym of “RAUCOUS” is _________?,A. Hoarse,B. Subdued,C. Strident,D. None of these,B. Subdued
“A PIPE DREAM” means ?,A. ‌A pleasant dream,B. A bad dream,C. An impracticable plan,D. None of these,C. An impracticable plan
Synonym of “OFFEND” is _________?,A. Consent,B. Resent,C. Exasperate,D. None of these,C. Exasperate
She has been exempted ______ night duty.,A. with,B. for,C. from,D. None of these,C. from
You are blind ________ your shortcomings.,A. In,B. on,C. to,D. of,C. to
You must adhere _______ your promise.,A. for,B. with,C. to,D. None of these,C. to
The whole nation was ______ the President?,A. after,B. for,C. farther,D. behind,D. behind
Fahad resign form job ______ January?,A. in,B. on,C. at,D. None of these,A. in
A fool dog fell ______ water?,A. into,B. In,C. inside,D. None of these,A. into
Synonym of “Debacle” ____________?,A. Disaster,B. Success,C. Triumph,D. None of these,A. Disaster
Synonym of “Illicit” ____________?,A. Illegal,B. Improper,C. prohibited,D. All of these,D. All of these
We trust _____ one God,A. on,B. In,C. At,D. None of these,B. In
I am just a girl ______ a little rock.,A. From,B. With,C. Along,D. None of these,A. From
Synonym of “Hostile” ____________?,A. Frantic,B. Friendly,C. Unfriendly,D. None of these,C. Unfriendly
Hydrogen gas can be used _______ a fuel?,A. For,B. As,C. of,D. None of these,B. As
Police said they found thirty bodies _______ the wreckage?,A. In,B. between,C. among,D. under,A. In
Synonym of ” Intrepid ” ________ ?,A. Knave,B. Brave,C. Afraid,D. None of these,B. Brave
Synonym of ” Weighty ” is ________ ?,A. Very important,B. Fake,C. Skillful,D. Quality,A. Very important
Synonym of ” Probity ” is ________ ?,A. Dishonest,B. Honesty,C. Senseless,D. Stupid,B. Honesty
Synonym of TACITURN  is ________ ?,A. Silent,B. Communicative,C. Talky,D. None of these,A. Silent
Identify the correct Spellings:,A. Temparary,B. Temperary,C. Temporary,D. Temprary,C. Temporary
Antonym of perilous is:__________?,A. Safe,B. Attract,C. Draw,D. Lure,A. Safe
Creativity allows language __________ accommodate new meanings and messages:,A. to,B. on,C. with,D. in,A. to
Which spelling is correct?,A. Encyclopedia,B. Encyeklopedia,C. Ensyclopedia,D. Encycloopedia,A. Encyclopedia
Select the most appropriate synonym of “Contrite”?,A. Intrigue,B. Remorse,C. Widely Important,D. Defiant,B. Remorse
Select the most appropriate synonym of the word “Probity”?,A. Very brave,B. Intelligent,C. Complete honesty,D. Untrustworthy,C. Complete honesty
A group of Buffaloes is called?,A. Pack,B. School,C. Gang,D. Team,C. Gang
A group of Assess is called_________?,A. Pace,B. Gang,C. Colony,D. Flock,A. Pace
A group of Apes is called?,A. Pod,B. Herd,C. Shrewdness,D. Drove,C. Shrewdness
______ dangerously a person lives _____ chances of his deaths in young age.,A. the more/the more,B. the most/the more,C. the most/ the most,D. None of these,A. the more/the more
Yeoman`s Services means: ___________?,A. Free services,B. Help in need,C. Govt services,D. None of these,B. Help in need
Which spelling is correct?,A. Knowladge,B. Knowlidge,C. Knowledge,D. Knwoledge,C. Knowledge
Find two number whose sum is 28 and the difference is 4 _____________?,"A.  12,16","B.  18,10","C.  15,13","D.  14,12","A.  12,16"
The idiom ” Pass the buck” means?,A. keep something in hand,B. To evade responsibility,C. To Warn,D. Come to know someone’s secrets,B. To evade responsibility
Antonym of FOIBLE is_________?,A. Feasible,B. Luxurious,C. Forte,D. Powerful,C. Forte
Antonym of ACRIMONIOUS is __________?,A. Acid,B. Bitter,C. Soothing,D. Enervate,C. Soothing
Select the word which is spelled correctly?,A. Happened,B. Hapened,C. Happend,D. Hapend,A. Happened
Select the word which is spelled correctly?,A. Fanaticism,B. Panaticism,C. Fanaticisim,D. Panaticisim,A. Fanaticism
Select the most appropriate synonym of the word “Emaciated”?,A. Very thin,B. Over nourished,C. Chubby,D. Lucky Person,A. Very thin
Select the most appropriate synonym of the word “Paramount”?,A. Most important,B. Less Important,C. Have no Value,D. Majority,A. Most important
Select the most appropriate synonym of the word ” Netizen”?,A. A person who use internet,B. A person who use laptop,C. A person who use Mobile,D. A Person who use DLSR,A. A person who use internet
Select the most Appropriate synonym of the word “Enigma”?,A. Mystery,B. Clearness,C. Tricky,D. Impossible,A. Mystery
Choose the word that is spelled correctly?,A. bureaucracy,B. bereaucracy,C. buraucracy,D. berocracy,A. bureaucracy
Choose the word that is spelled correctly?,A. Technocrats,B. Technocrates,C. Technnocrates,D. Technocrattes,A. Technocrats
Choose the word that is spelled correctly?,A. Allegedly,B. Allegedely,C. Alegedly,D. Allegedley,A. Allegedly
Choose the word that is spelled correctly?,A. Magistrate,B. Magisterate,C. Magistarate,D. Maggistrate,A. Magistrate
Choose the word that is spelled correctly?,A. Pronunciation,B. Pronounciation,C. Pronnounciation,D. Pronunnciation,A. Pronunciation
Choose the word that is spelled correctly?,A. Parliamentarian,B. Parlementarian,C. Parlementerian,D. Parliamenterian,A. Parliamentarian
Choose the word that is spelled correctly?,A. Anniversary,B. Aniverssary,C. Aniversary,D. Anniversarry,A. Anniversary
Choose the word that is spelled correctly?,A. Lieutenant,B. Lietenant,C. Lieutenent,D. Lieutenent,A. Lieutenant
Choose the word that is spelled Correctly?,A. Apprenticeship,B. Aprenticeship,C. Apprentiseship,D. Apperenticeship,A. Apprenticeship
Choose the word that is spelled correctly?,A. Entrepreneurship,B. Enterprenurship,C. Enterpreneaurship,D. Interpreneurship,A. Entrepreneurship
Choose the Word that is spelled Correctly?,A. Brigadier,B. Brigedier,C. Bregadeir,D. Bragedier,A. Brigadier
Choose the word that is spelled Correctly?,A. Secretary,B. Secertary,C. Secartary,D. None of these,A. Secretary
Identify the most Appropriate Synonym of “Uncharitable”?,A. Unfair,B. Not Friendly,C. Not Obvious,D. None,A. Unfair
Pen : Pencil : Ink,A. Orange : Banana : Juice,B. Table : Chair : Wood,C. Cow : Milk : Curd,D. Fish : Shark : Water,A. Orange : Banana : Juice
Detect analogy :  Judo : Karate : Taekwando,A. They are names of martial arts.,B. They can be performed by obese persons.,C. They are performed on stage.,D. They are important items of Asian Games.,A. They are names of martial arts.
Choose similar word:  Sitar : Guitar : Tanpura,A. Trumpet,B. Violin,C. Harmonium,D. Mridanga,B. Violin
Choose analogous pair:  Shrub : Prune,A. Beard : Shave,B. Hair : Trim,C. Lawn : Mow,D. Wool : Shear,B. Hair : Trim
Choose analogous pair:  Interrupt : Speak,A. Shout : Yell,B. Intrude : Enter,C. Concede : Defend,D. Interfere : Assist,D. Interfere : Assist
Choose analogous pair:  Chalk : Blackboard,A. Type : Paint,B. Table : Chair,C. Ink : Paper,D. Door : Handle,C. Ink : Paper
Cattle : Herd :: Sheep : ____________?,A. Flock,B. Swarm,C. Crowd,D. Shoal,A. Flock
Doctor : Nurse :: ____________ : Follower,A. Employer,B. Leader,C. Worker,D. Manager,B. Leader
Vigilant : Alert : : Viable : ___________?,A. Active,B. Gentle,C. Hopeless,D. Feasible,D. Feasible
Bombay : Maharashtra : : Trivandrum : __________ ?,A. Calcutta,B. Gujarat,C. Rajasthan,D. Kerala,D. Kerala
Newspaper : Press : : Cloth : ___________ ?,A. Tailor,B. Textile,C. Fibre,D. Factory,E. Mill
Music : Guiter : Performer,A. Dance : Tune : Instrument,B. Food : Recipe : Cook,C. Patient : Medicine : Doctor,D. Trick : Rope : Acrobat,D. Trick : Rope : Acrobat
Love : Adoration : Infatuation,A. Smile : Frown : Anger,B. Hates : Dislike : Attract,C. Murder : Stab : Assassinate,D. None of these,C. Murder : Stab : Assassinate
Morning : Evening : Dusk,A. Triangle : Quadrilateral : Pentagon,B. Happy : Gay : Excited,C. Summer : Winter : Autumn,D. Botany : Zoology : Physiology,C. Summer : Winter : Autumn
France : Spain : Germany,A. Japan : China : Turkey,B. Sri Lanka : Japan : India,C. Iraq : Kuwait : Iran,D. Canada : California : Mexico,C. Iraq : Kuwait : Iran
Pink : Red : White,A. Orange : Yellow : Black,B. Green : Blue : Yellow,C. Yellow : Red : Green,D. Brown : Black : Blue,B. Green : Blue : Yellow
Hair : Brush : Wig,A. Iron : Hammer : Axe,B. Bread : Butter : Milk,C. Cement : Brick : Building,D. Paper : Pen : Pencil,A. Iron : Hammer : Axe
Studio : Bombay : Stars,A. Ship : Madras : Harbour,B. Oranges : Nagpur : Juice,C. Parliament : Delhi : Ministers,D. Sunrise : Darjeeling : Sherpas,C. Parliament : Delhi : Ministers
Smile : Laugh : Cry,A. Sit : Sleep : Paly,B. Frown : Anger : Temper,C. Morning : Night : Day,D. Touch : Catch : Release,D. Touch : Catch : Release
Hand : Wrist : Bangle,A. Foot : Ankle : Anklet,B. Toe : Foot : Knee,C. Neck : Head : Collar,D. Foot : Socks : Toes,A. Foot : Ankle : Anklet
Researcher : Historian : Scholar,A. Epic : Novel : Book,B. Teacher : Graduate : Poet,C. Teacher : Professor : Lecturer,D. History : Story : Book,A. Epic : Novel : Book
Ink : Pen : Paper,A. Watch : Dial : Strap,B. Book : Paper : Words,C. Farmer : Plough : Field,D. Colour : Brush : Canvas,D. Colour : Brush : Canvas
Horse : Pony : mare,A. Sheep : Lamb : Goat,B. Lion : Cub : Den,C. Man : Child : Woman,D. Cat : Kitten : Puppy,C. Man : Child : Woman
Lizard : Reptile : Insects,A. Fox : Wolf : Forest,B. Fly : Insect : Bee,C. Man : Omnivorous : Meat,D. Tiger : Mammal : Deer,D. Tiger : Mammal : Deer
Picture : Clock : Wall,A. Pillow : Quilt : Bed,B. Pen : Pencil : Colour,C. Flowers : Garden : Park,D. Footpath : Road : Highway,A. Pillow : Quilt : Bed
Village : City : Suburb,A. Puppy : Dog : Bitch,B. School : College : University,C. Continent : Country : State,D. Transister : Radio : Television,B. School : College : University
Hunt : Pleasure : Panic,A. Death : Disease : Germs,B. Game : Match : Win,C. Theft : Gain : Loss,D. Rain : Cloud : Flood,C. Theft : Gain : Loss
Chair : Door : Stick,A. Tomato : Potato : Brinjal,B. Manson : Carpenter : Cobbler,C. Statue : Brick : Pitcher,D. Book : Pen : Notebook,C. Statue : Brick : Pitcher
Dog : Squirrel : Tail,A. Cottage : Hut : Palace,B. Fish : Crocodile : Water,C. Horse : Ox : Horn,D. Trunck : Scooter : Gear,D. Trunck : Scooter : Gear
Evaporation : Clound : Rain,A. Sneezing : Cough : Cold,B. Accident : Injury : Pain,C. Tanning : Leather : Purse,D. Bud : Flower : Fragrance,B. Accident : Injury : Pain
Carnivorous : Tiger : Wolf,A. Mango : Banana : Fruit,B. Worker : Master : Manager,C. Cat : Cow : Milk,D. Student : Boy : Girl,D. Student : Boy : Girl
Magazine : Story : Article,A. Tea : Milk : Sugar,B. Television : Newspaper : Entertainment,C. Bed : Quilt : Pillow,D. Novel : Drama : Literature,A. Tea : Milk : Sugar
Detect analogy :  Vote : Ballet : Poll,A. Election,B. Nomination,C. Selection,D. Participation,A. Election
Detect analogy :  Bantus : Khasis : Maoris,A. Tribal groups,B. Herdsmen,C. Pasture lands,D. Mountaineers,A. Tribal groups
Detect analogy :  Newspaper : Hoarding : Television,A. Press,B. Media,C. Broadcast,D. Rumour,B. Media
Detect analogy :  Chucker : Mallet : Bunder,A. Sports,B. Soils,C. Snooker,D. Polo,B. Soils
Detect analogy :  Monsoon : Chinook : Dalmatian,A. Rains,B. Seasons,C. Winds,D. Currents,D. Currents
Detect analogy :  Shin : Instep : Calf,A. Leg parts,B. Animal flesh,C. Young ones,D. Meat,A. Leg parts
Detect analogy :  Kyat : Yuan : Rial,A. Nationalities,B. Capitals,C. Currencies,D. Parliaments,C. Currencies
Detect analogy :  Hat : Coat : Trousers,A. Dress,B. Tailor,C. Shirt,D. Gentleman,C. Shirt
Detect analogy :  Cub : Calf : Kitten,A. Progeny,B. Cow,C. Attractive,D. Harmless,B. Cow
Detect analogy :  Forgery : Fabrication : Counterfeit,A. Smuggling,B. Deceit,C. Falsity,D. Designed,A. Smuggling
Detect analogy :  Fly : Bee : Ant,A. Cockriach,B. Spider,C. Termite,D. Insect,C. Termite
Detect analogy :  Graphite : Diamond : Coke,A. Allotropes,B. Abrasives,C. Electrodes,D. Fuels,D. Fuels
Detect analogy :  Giggle : Titter : Guffaw,A. Happiness,B. Joy,C. Laugh,D. Merriment,D. Merriment
Detect analogy :  Colorado : Seine : Volga,A. Ports,B. Rivers,C. Lakes,D. Harbors,C. Lakes
Detect analogy :  Coal : Iron : Mica,A. Gold,B. Rock,C. Earth,D. Minerals,B. Rock
Detect analogy :  Wasp : Cricket : Beetle,A. Insects,B. Pathogens,C. Microbes,D. Pesticides,A. Insects
Detect analogy :  Lion : Tiger : Leopard,A. herbivorous,B. Carnivorous,C. Zoo,D. Circus,B. Carnivorous
Detect analogy :  Gram : Grain : Pround,A. Currency,B. Commodities,C. Cereals,D. Weight,D. Weight
Detect analogy :  Kerosene : Petrol : Diesel,A. Firewood,B. Engine,C. Fuel,D. Coal,C. Fuel
Detect analogy :  Couplet : Sonnet : Limerick,A. Prose,B. Songs,C. Lyrics,D. Poetry,D. Poetry
Detect analogy :  Paradeep : Haldia : Kandla,A. Industrial centres,B. Ships,C. Port towns,D. Coastal cities,C. Port towns
Detect analogy :  Stool : Table : Chair,A. Office,B. Carpet,C. Bench,D. Furniture,D. Furniture
Detect analogy :  Griundnuts : Seasame : Mustard,A. Cereals,B. Legumes,C. Leafy vegetables,D. Oil seeds,D. Oil seeds
Detect analogy :  Volleyball : Hockey : Football,A. Athletes,B. Games,C. Baseball,D. Aquatics,B. Games
Detect analogy :  Rockies : Appalachian : Andes,A. Ranges,B. Slopes,C. Peaks,D. Hills,A. Ranges
Detect analogy :  Mercury : Sature : Pluto,A. Mers,B. Earth,C. Planets,D. Jupiter,C. Planets
Detect analogy :  Yeats : Ghalib : Kabir,A. Reformers,B. Poets,C. Saints,D. Leaders,B. Poets
Detect analogy :  Wheat : Barley : Rice,A. Food,B. Agriculture,C. Grams,D. Cereals,D. Cereals
Detect analogy :  Stirrup : Anvil : Drum,A. The items are used by riders.,B. They are parts of ear.,C. They are musical instruments.,D. They are used by folk artists.,B. They are parts of ear.
Detect analogy :  Factotum : Maid : Butler,A. They are employed in restaurants.,B. They are persons who look after children.,C. They are different types of servants.,D. They are members of the household.,C. They are different types of servants.
Detect analogy :  Voodoo : Sorcery : Necromancy,A. They are ancient arts found in sculptures.,B. They are terms connected with black magic.,C. They are ancient scripts.,D. They are means of communication of pre-historic age.,B. They are terms connected with black magic.
Detect analogy :  Ulna : Pelvis : Tibia,A. They are muscles.,B. They are organs of unitary system.,C. They are technical names for blood groups.,D. They are bones.,D. They are bones.
Detect analogy :  Supernova : Protostar : Red Giant,A. These are kinds of stars.,B. These are members of galaxies.,C. These are stages in the life of a star.,D. These move about the sun.,C. These are stages in the life of a star.
Detect analogy :  Alberta : Ontario : Quebec,A. These are cities on rivers.,B. These are tourist places.,C. These are Canadian state.,D. These have fine harbours.,A. These are cities on rivers.
Detect analogy :  Rourkela : Bokaro : Durgapur,A. They have steel plants.,B. They have coal mines.,C. They have atomic power plants.,D. They have the best technical colleges.,A. They have steel plants.
Detect analogy :  Species : Genera : Family,A. These are biological terms.,B. These give information about living things for classification.,C. These are traits of animal kingdom.,D. These are groups of animals.,B. These give information about living things for classification.
Detect analogy :  Kennedy : Indira : Palme,A. They were Presidents.,B. They were Prime Ministers.,C. They were very popular among children.,D. All of them were assassinated.,D. All of them were assassinated.
Detect analogy :  Rickets : Scurvy : Beri-beri,A. They ae insects.,B. They are infectious diseases.,C. They are diseases caused by deficiency of vitamins.,D. They are diseases caused by certain insect bites.,C. They are diseases caused by deficiency of vitamins.
Detect analogy :  Kittiwake : Gull : Albatross,A. These are found in ponds.,B. These feed on fishes.,C. These are breeds of fishes.,D. These are sea birds.,D. These are sea birds.
Detect analogy :  Madras : Vishakhapatnam : Rangoon,A. They are Indian naval bases.,B. They are ports situated on the coast of Bay of Bangal.,C. They are capitals of states.,D. They are famous for their architecture.,B. They are ports situated on the coast of Bay of Bangal.
Detect analogy :  James Bond : Sherlock Holmes : Hercules Poirot,A. They are private detectives.,B. They are agents of CBI.,C. They are characters from detective fiction.,D. They are the only detective agents.,C. They are characters from detective fiction.
Detect analogy :  Kanha : Periyar : Dachigam,A. These are famous lagoons.,B. These are hill stations.,C. These are anomal sanctuaries.,D. These are mountain peaks.,C. These are anomal sanctuaries.
Detect analogy :  Chorme : Ochre : Lemon,A. These are names of flowers.,B. These are fruits of Trundra plants.,C. These shades of yellow colour.,D. These are cirtrus fruits.,C. These shades of yellow colour.
Detect analogy :  Naive : Ingenue : Guileless,A. The terms are connected with bad society manners.,B. The terms are used for criminals.,C. They are technical words used by social workers in backward areas.,D. They depict various shades of innocence.,D. They depict various shades of innocence.
Detect analogy :  Vinci : Angelo : Raphael,A. They were Italian engineers.,B. They were European painters.,C. They were dictators.,D. They were famous politicians.,B. They were European painters.
Detect analogy :  Prakrit : Pali : Sanskrit,A. They are classical languages of Asia and Europe.,B. The Vedas are written in these languages.,C. They are old languages of India.,D. They are dead language.,C. They are old languages of India.
Detect analogy :  Chlorine : Fluorine : Iodine,A. These are names of inert gases.,B. These are gases at room temperature.,C. These are transition elements.,D. These are halogens.,D. These are halogens.
Detect analogy :  Myosin : Collagen : Actin,A. These are proteins.,B. These are names of enzymes.,C. These are constituents of blood.,D. These are names of hormones.,A. These are proteins.
Detect analogy :  Vigour : Vitality : Stamina,A. The terms are related to medicines.,B. The terms are related to one`s instinct for fighting.,C. The terms are a measurement for tolerance.,D. The terms are related to inner strength.,D. The terms are related to inner strength.
Detect analogy :  Theta : Phi : Omega,A. These are Latin alphabets.,B. These are signs of algebra.,C. These are Greek letters.,D. These are used in physical derivations.,C. These are Greek letters.
Detect analogy :  Abhi Bhattacharya : Utpal Dutt : Satyajit Ray,A. They are character actors.,B. They are directors of Bengali movies.,C. They are famous actor who were awarded Padma Shri.,D. All these late silver screen personalities belonged to Bengal.,D. All these late silver screen personalities belonged to Bengal.
Detect analogy :  Sarnath : Kapilavastu : Sanchi,A. These are place having massive pillars.,B. These are linked with Lord Buddha.,C. These are famous for stone caves.,D. These have ancient universities.,D. These have ancient universities.
Detect analogy :  Majlis : Diet : Knesset,A. These are foreign languages.,B. These are parliaments of countries.,C. These are names of foods for stone caves.,D. These are old names of certain countries.,B. These are parliaments of countries.
Detect analogy :  Stork : Goose : Duck,A. They migrate to India from Siberia.,B. They are water birds.,C. They are while.,D. The species are disappearing.,B. They are water birds.
Detect analogy :  Arjun : Uddhav : Sudama,A. They were Pandavas.,B. They were all princes.,C. They were great warriors.,D. They were friends of Krishna.,D. They were friends of Krishna.
Detect analogy :  Petrol : Phosphorus : Cooking gas,A. They are fules.,B. They are highly inflammable.,C. They can`t be sold without permit.,D. India has to import them.,B. They are highly inflammable.
Detect analogy :  Sapphire : Ruby : Topaz,A. They belong to the family of fishes.,B. They are precious minerals.,C. They are precious stones.,D. They are used as abrasives.,C. They are precious stones.
Detect analogy :  Borlaug : Bhartendu : Birla,A. They are famous scientists.,B. They are great warriors.,C. They worked in the field of literature.,D. They are linked with awards.,D. They are linked with awards.
Detect analogy :  Green : Violet : Orange,A. They are primary colours.,B. These colours occur together in a rainbow.,C. They are made by mixing other colours.,D. These colours are not found in butterflies.,C. They are made by mixing other colours.
Detect analogy :  Ebony : Rosewood : Mahogany,A. They are trees of temperate regions.,B. These are hardwood trees.,C. These yield good wood for fuel.,D. These are coniferous trees.,B. These are hardwood trees.
Detect analogy :  Cherries : Berries : Apricot,A. They grow on creepers.,B. They need hot climate.,C. They are very expensive fruits.,D. They have a hard stone inside.,D. They have a hard stone inside.
Detect analogy :  Columbus : : Magellan : Vasco da Gama,A. They are ancient astronomers.,B. They are ancient sailors.,C. They discovered some Asian countries.,D. They were the first to design a ship.,B. They are ancient sailors.
Detect analogy :  Arabia : Labrador : Scandinavia,A. They are names of island.,B. They are Muslim countries.,C. They have fine fishing grounds.,D. They are names of peninsulas.,D. They are names of peninsulas.
Detect analogy :  Slumber : Drowze : Snooze,A. They are medical terms.,B. The words are connected with sleep.,C. The terms are connected with peace.,D. They are first symptoms of somnambulism.,B. The words are connected with sleep.
Detect analogy :  Michigam : Baikal : Nicarague,A. They are names of lakes.,B. They are names of cities,C. They are countries of Europe.,D. They are good trading centre.,A. They are names of lakes.
Detect analogy :  Mundas : Gaddis : Shompens,A. They are varieties of fedder.,B. They are different kinds of pastures.,C. They are tribal groups.,D. They are good mountaineers.,C. They are tribal groups.
Detect analogy :  Magenta : Fawn : Turquoise,A. They are marine ceatures.,B. They are migratory birds.,C. They are precious and semi-precious stones.,D. They are colours.,D. They are colours.
Detect analogy :  Nissan : Toyota : Isuzu,A. These are cities in Japan.,B. These are ports in Japan.,C. These are cars from Japan.,D. These are tele-programmes.,C. These are cars from Japan.
Detect analogy :  Knot : Watt : Fathom,A. The terms are used by sailors.,B. The terms are used for installing electricity.,C. The terms are connected with rope.,D. They are units measurement.,D. They are units measurement.
Detect analogy :  Yenisei : Orinoco : Makenzie,A. These are small round hills.,B. These are sea ports.,C. These are names of river.,D. These are rich agricultural lands.,C. These are names of river.
Detect analogy :  Aphids : Weevils : Locusts,A. These are plant pests,B. These damage the wood.,C. These live inside the host.,D. These cause disease in cattle,A. These are plant pests
Detect analogy :  Kwanza : Franc : Lempire,A. These are ancient towns.,B. These are princely States.,C. These are famous fishing grounds.,D. These are currencies.,D. These are currencies.
Detect analogy :  Tola : Masha : Ratti,A. They are units of time,B. They are fruits of wild plants.,C. They are units of weight.,D. They are terms used in Ayurved.,C. They are units of weight.
Detect analogy :  Love : Respect : Sympathy,A. They are sentiments.,B. They are feelings.,C. They are not reciprocal.,D. They cannot be displayed.,D. They cannot be displayed.
Detect analogy :  Ovary : Uterus : Cervix,A. They are excretory organs.,B. They are reproductive organs.,C. They are endocrine glands.,D. They are organs for fertilisation in plants.,B. They are reproductive organs.
Detect analogy :  Spinach : Fenugreek : Celery,A. These are cactus plants.,B. These are wild flowers.,C. These are wild plants.,D. These are leafy vegetables.,D. These are leafy vegetables.
Detect analogy :  Pulpit : Pews : Steeple,A. They are connected with a glacier valley.,B. They are connected with church.,C. The terms are connected with race-course.,D. They are parts of a plant.,B. They are connected with church.
Detect analogy :  Viper : Krait : Mamba,A. These are boot polishes.,B. These are haunting spirits.,C. These are snakes.,D. These are insects living in bushes.,C. These are snakes.
Detect analogy :  Aorta : Pulmonary : Ventricle,A. They are the veins that supply blood.,B. They are names of parts of heart.,C. They are related to lunge.,D. They are different section of food pipe.,B. They are names of parts of heart.
Detect analogy :  Hamlet : Macbeth : Faustus,A. They were kings.,B. They are plays by Shakespeare.,C. They are famous characters from various dramas.,D. They are characters who were murderers.,C. They are famous characters from various dramas.
Detect analogy :  Vesuvius : Etna : Kilimanjaro,A. These are sites of volcanoes.,B. These are hills of Italy.,C. These are island countries.,D. These lie in polar regions.,A. These are sites of volcanoes.
Detect analogy :  Yeats : Ghalib : Kabir,A. They were given Nobel Prize.,B. They were poets.,C. They were social reformers.,D. They were saints.,B. They were poets.
Detect analogy :  Rinderpest : Anthrax : Diarrhoea,A. These are diseases caused by bacteria.,B. These are plant pests.,C. These are pathogens.,D. These are infection of stomach.,A. These are diseases caused by bacteria.
Detect analogy :  Canoe : yacht : Dinghy,A. These are tribal people.,B. These are Famous clubs.,C. These are names of boats.,D. They are rest houses.,C. These are names of boats.
Detect analogy :  Coments : Stars : Satellites,A. They are shining masses.,B. They give out light.,C. They are rotating from left to right.,D. These are heavenly bodies.,D. These are heavenly bodies.
Detect analogy :  Press : Television : Cinema,A. They are means of entertainment.,B. They are means of mass media.,C. They give world wide news.,D. All are public undertakings.,B. They are means of mass media.
Detect analogy :  Hiss : Hoot : Trumpet,A. They are sound made by certain creatures.,B. They are joyous cries of children.,C. They are sound made by war-instruments.,D. The terms are used in connection with news.,A. They are sound made by certain creatures.
Detect analogy :  Crocodile : Chameleon : Tortoise,A. They are reptiles.,B. They have hard shells.,C. They live near water.,D. They keep on changing colour.,A. They are reptiles.
Detect analogy :  Knight : Rook : Bishop,A. These are missionaries.,B. These are chessmen.,C. These are churchmen.,D. These are ranks of military.,B. These are chessmen.
Detect analogy :  Delhi : Agra : Methura,A. They have been capitals of the country.,B. They have exquisite temples.,C. They have religious background.,D. They are situated on the bank of river Yamuna.,D. They are situated on the bank of river Yamuna.
Detect analogy :  Sweep : Scrub : Wipe,A. These are terms connected with rubbing.,B. These are games of cards.,C. These are terms used by motor mechanics.,D. These are terms connected with cleaning.,D. These are terms connected with cleaning.
Detect analogy :  Chain : Link : Bridge,A. They all have hooks.,B. They are related with ornaments.,C. They join two parts.,D. The terms are related with prison.,C. They join two parts.
Detect analogy :  Gnu : Emu : Curlew,A. These are fast runners.,B. These are birds.,C. These are small insects.,D. These are animal pests.,B. These are birds.
Detect analogy :  Mars : Mercury : Venus,A. They have no opposite motion.,B. They are evil planets.,C. They are the planets nearest to the earth.,D. They have no corresponding lucky stone.,C. They are the planets nearest to the earth.
Detect analogy :  Analects : Zend Avesta : Torah,A. These are places of worship.,B. These are three sects of Muslims.,C. These are names of religions.,D. These are names of religious books.,D. These are names of religious books.
Detect analogy :  Sandstone : Limestone : Coal,A. They are formed by metamorphic rocks.,B. They are chemical minerals.,C. They are found in river beds.,D. They are formed in sedimentary rocks.,D. They are formed in sedimentary rocks.
"Which of the following is the same as Canoe, Raft, Wangan ?",A. Dinghy,B. Shallot,C. canopy,D. Submarine,A. Dinghy
"Which of the following is the same as Radium, Polonium, Uranium ?",A. Thorium,B. Caesium,C. Barium,D. Strontium,A. Thorium
"Which of the following is the same as Weevils, Borer, Beetle ?",A. Termites,B. Lice,C. Moth,D. Ringworms,C. Moth
"Which of the following is the same as Measles, Rabies, Cancer ?",A. Pneumonia,B. Diabetes,C. Tetanus,D. Hepatitis,D. Hepatitis
"Which of the following is the same as Sial, Sima, Mantle ?",A. Core,B. Asteroid,C. Ionosphere,D. Comet,A. Core
"Which of the following is the same as Wrestling, Karate, Boxing ?",A. Swimming,B. Polo,C. Pole vault,D. Judo,D. Judo
"Which of the following is the same as Grafting, Budding, Layering ?",A. Weeding,B. Digging,C. Field,D. Seed,A. Weeding
"Which of the following is the same as Steel, Bronze, Brass ?",A. Calcite,B. Magnalium,C. Methane,D. Zinc,B. Magnalium
"Which of the following is the same as Emancipate, Free, Release ?",A. Liberate,B. Quit,C. Pardon,D. Ignore,A. Liberate
"Which of the following is the same as Cygnus, Pleides, Scorpio ?",A. Sirius,B. Orion,C. Venus,D. Vega,B. Orion
"Which of the following is the same as Rabbit, Rat, Mole ?",A. Mongoose,B. Frog,C. Earthworm,D. Ant,A. Mongoose
"Which of the following is the same as Count, List, Weigh ?",A. Compare,B. Sequence,C. Number,D. Measure,D. Measure
"Which of the following is the same as Kathak, Bihu, Garbha ?",A. Kathakali,B. Pongal,C. Bhangra,D. Bharatnatyam,C. Bhangra
"Which of the following is the same as Instill, Inside, Inform ?",A. Interview,B. Institute,C. Intent,D. Intelligent,C. Intent
"Which of the following is the same as Flood, Fire, Cyclone ?",A. Damage,B. Earthquake,C. Rain,D. Accident,B. Earthquake
"Which of the following is the same as Lung, Pharynx, Bronchioles ?",A. Alveoli,B. Ribs,C. Oesophagus,D. Nephrons,A. Alveoli
"Which of the following is the same as Ode, Ballad, Lyric ?",A. Prose,B. Epic,C. Sonnet,D. Precis,C. Sonnet
"Which of the following is the same as Dozen, Score, Decade ?",A. Century,B. Number,C. Measurement,D. Counting,A. Century
Choose similar word:  Bleat : Bray : Grunt,A. Bark,B. Croak,C. Cry,D. Scream,A. Bark
Choose similar word:  Arid : Parched : Droughty,A. Cow,B. Dry,C. Draft,D. Earth,B. Dry
Choose similar word:  Peat : Lignite : Bituminous,A. Granite,B. Basalt,C. Anthracite,D. Coke,C. Anthracite
Choose similar word:  Daisy : Pansy : Rose,A. Garden,B. Plant,C. Violet,D. Red,C. Violet
Choose similar word:  Jam : Jelly : Pickles,A. Butter,B. Marmalade,C. Grapes,D. Preserve,B. Marmalade
Choose similar word:  Kanchenjunga : Anaimudi : Dhaulagiri,A. Himadri,B. Zaskar,C. Nandadevi,D. Karakoram,C. Nandadevi
Choose similar word:  BASIC : PASCAL : FORTRAN,A. CYCLOTRONE,B. COMPUTER,C. COBOL,D. BHOPAL,C. COBOL
Choose similar word:  Botany : Zoology : Cardiology,A. Moraphology,B. Seismology,C. Pedology,D. Taxonomy,A. Moraphology
Choose similar word:  Gorges : Canyons : Meanders,A. Moraines,B. Tributaries,C. Deltas,D. Mountains,C. Deltas
Choose similar word:  Coal : Ebony : Soot,A. Rust,B. Ash,C. Raven,D. Blush,C. Raven
Choose similar word:  Hokaido : Honshu : Shikoku,A. Madagascar,B. Kyushu,C. Shanghai,D. Sikiang,B. Kyushu
Choose similar word:  Edge : Corner : Tip,A. Snow,B. Hill,C. Brink,D. Cap,C. Brink
Choose similar word:  Basket : Pail : Pan,A. Spoon,B. Bowl,C. Fork,D. Knife,B. Bowl
Choose similar word:  Patna : Bombay : Dispur,A. Cochin,B. Trombay,C. Udaipur,D. Madras,D. Madras
Choose similar word:  Root : Stem : Branch,A. Wood,B. Leaf,C. Tree,D. Fertiliser,B. Leaf
Choose similar word:  Sodium : Potassium : Zinc,A. Sulphur,B. Calcium,C. Water,D. Iodine,B. Calcium
Choose similar word:  Shark : Cod : Eel,A. Whale,B. Dolphin,C. Fish,D. Oyster,B. Dolphin
Choose similar word:  Liver : Heart : Kidney,A. Blood,B. Nose,C. Lung,D. Urine,C. Lung
Choose similar word:  Pituitary : Thyroid : Pancreas,A. Adrenal,B. Heart,C. Liver,D. Kidney,A. Adrenal
Choose similar word:  Hair : Grass : Fur,A. Feather,B. Cloth,C. Wood,D. Leather,A. Feather
Choose similar word:  Marble : Slate : Gneiss,A. Quartzite,B. Limestoe,C. Coal,D. Sandstone,A. Quartzite
Choose similar word:  Violet : Orange : Yellow,A. Purple,B. Blue,C. White,D. Pink,B. Blue
Choose similar word:  Canada : Chile : Germany,A. Spain,B. Paris,C. Chicago,D. Ottawa,A. Spain
Choose similar word:  Potato : Carrot : Raddish,A. Tomato,B. Spinach,C. Sesame,D. Groundnut,D. Groundnut
Choose similar word:  Clutch : Brake : Horn,A. Scooter,B. Steering,C. Car,D. Accident,B. Steering
Choose similar word:  Diamond : Sapphire : Ruby,A. Gold,B. Silver,C. Emerald,D. Bronze,C. Emerald
Choose similar word:  Jute : Cotton : Wool,A. Terylene,B. Silk,C. Rayon,D. Nylon,B. Silk
Choose similar word:  Peas : Gram : Pulses,A. Rice,B. Barley,C. Beans,D. Coconut,C. Beans
Choose similar word:  Ohm : Watt : Volt,A. Light,B. Electricity,C. Hour,D. Ampere,D. Ampere
Choose similar word:  Calf : Kid : Pup,A. Infant,B. Young,C. Larva,D. Animal,C. Larva
Choose analogous pair:  Intelligensia : Elitist,A. Commonality : Common class,B. Gentry : Public,C. Rabble : Plebeian,D. Outer shell : Sea shell,C. Rabble : Plebeian
Choose analogous pair:  Rampart : Fortress,A. River : Lake,B. Fence : House,C. Cage : Animal,D. Parapet : Roof,D. Parapet : Roof
Choose analogous pair:  Scythe : Reaping,A. Light : Shining,B. Shears : Cutting,C. Saws : Gluing,D. Screws : Turning,B. Shears : Cutting
Choose analogous pair:  Fond : Doting,A. Solicitous : Concern,B. Vebose : Wordiness,C. Flurry : Blizzard,D. Magnificent : Grandiose,C. Flurry : Blizzard
Choose analogous pair:  Relax : Work,A. Play : Cheat,B. Lunch : Dinner,C. Smile : Laugh,D. Fresh : Stale,D. Fresh : Stale
Choose analogous pair:  Incandescent : Glowing,A. Flash : Flame,B. Tedious : Bore,C. Boor : Oafish,D. Indefatigable : Untiring,D. Indefatigable : Untiring
Choose analogous pair:  Apostate : Religion,A. Potentate : Kingdom,B. Traitor : Country,C. Bureaucrat : Government,D. Jailor : Law,B. Traitor : Country
Choose analogous pair:  Spider : Web,A. Ink : Pen,B. Cock : Hen,C. Teacher : Student,D. Poet : Poetry,D. Poet : Poetry
Choose analogous pair:  Bruise : Fall,A. Walk : Run,B. Wound : Antiseptic,C. Tipsy : Drink,D. Tonic : Health,C. Tipsy : Drink
Choose analogous pair:  Dislike : Repulsion,A. Dream : Sleep,B. Steal : Crime,C. Reputation : Behaviour,D. Intelligence : Wit,D. Intelligence : Wit
Choose analogous pair:  Tree : Branches,A. River : Tributaries,B. Continent : Island,C. Stream : Delta,D. Ocean : Seas,A. River : Tributaries
Choose analogous pair:  Berries : Bush,A. Herd : Plant,B. Tea : Leaves,C. Melon : Vine,D. Coffee : Plantation,C. Melon : Vine
Choose analogous pair:  Fan : Sweat,A. Fire : Smoke,B. Rain : Drought,C. Wind : Evaporation,D. Corp : Harvest,B. Rain : Drought
Choose analogous pair:  Thrust : Spear,A. Scabberd : Sword,B. Mangle : Iron,C. Bow : Arrow,D. Fence : Epee,D. Fence : Epee
Choose analogous pair:  East : Orient,A. North : Polar,B. North : Torpic,C. South : Capricorn,D. West : Occident,D. West : Occident
Choose analogous pair:  Jews : Synagogue,A. Parsis : Temple,B. Jains : Fire Temple,C. Buddhists : Pagoda,D. Hindus : Vedas,C. Buddhists : Pagoda
Choose analogous pair:  Taj Mahal : Agra,A. Eiffel Tower : France,B. Algeria : Africa,C. Cotton : Ahmedabad,D. Turkey : Asia,A. Eiffel Tower : France
Choose analogous pair:  Steering : Car,A. Needle : Cloth,B. Paddle : Canoe,C. Knife : Whittle,D. Pallet : Painter,B. Paddle : Canoe
Choose analogous pair:  Script : Drama,A. Article : Magazine,B. Chapter : Book,C. Lyrics : Note,D. Score : Symphony,B. Chapter : Book
Choose analogous pair:  Hermit : Solitude,A. Warrior : Civility,B. Traitor : Loyalty,C. Ascetic : Self denial,D. Researcher : Finding,D. Researcher : Finding
Choose analogous pair:  Editor : Magazine,A. Director : Film,B. Novel : Writer,C. Psychiatrist : Neurotic,D. Librarian : Library,C. Psychiatrist : Neurotic
Choose analogous pair:  Commander : Commands,A. Aerates : Aviator,B. Senator : Legislates,C. Checks : Teacher,D. Surgeon : Diagnosis,A. Aerates : Aviator
Choose analogous pair:  Square : Cube,A. Triangle : Prism,B. Circle : Sphere,C. Line : Cyliner,D. Sphere : Earth,A. Triangle : Prism
Choose analogous pair:  Jute : Sack,A. Shoe : Sock,B. Wool : Sweater,C. Cotton : Fibra,D. Mill : Cloth,B. Wool : Sweater
Choose analogous pair:  Streptococci : Pneumonia,A. Quinine : Malaria,B. Boat : Sea,C. Mosquito : Malaria,D. Malnutrition : Rickets,C. Mosquito : Malaria
Choose analogous pair:  Vaseline : Petrol,A. Tea : Leaves,B. Plant : Tree,C. Butter : Ghee,D. Cream : Milk,D. Cream : Milk
Choose analogous pair:  Large : Enormous,A. Big : Small,B. Plump : Fat,C. Less : Greater,D. Regal : Royal,B. Plump : Fat
Choose analogous pair:  Threat : Insecurity,A. Challenge : Fight,B. Thunder : Lightning,C. Clouds : Rain,D. Disease : death,A. Challenge : Fight
Choose analogous pair:  Acoustic : Sound,A. Mathematics : Geometry,B. Radio : Song,C. Pathology : Disease,D. Communication : Phone,C. Pathology : Disease
Choose analogous pair:  Deplete : Enervate,A. Tighten : Loosen,B. Exhaust : Enfeeble,C. Invigorate : Tired,D. Strengthen : Weak,B. Exhaust : Enfeeble
Choose analogous pair:  Dive : Opera,A. Thespian : Play,B. Conductor : Bus,C. Director : Drama,D. Producer : Theatre,A. Thespian : Play
Choose analogous pair:  Court : Justice,A. Police : Crime,B. Teacher : Study,C. Doctor : Sickness,D. Auditor : Accuracy,D. Auditor : Accuracy
Choose analogous pair:  Calendar : Date,A. Time : Hour,B. Transport : Bus,C. Dictionary : Word,D. City : Pincode,C. Dictionary : Word
Choose analogous pair:  Equator : Latitude,A. Visitor : Guest,B. Needle : Direction,C. Fish : Water,D. Pigeon : Bird,D. Pigeon : Bird
Choose analogous pair:  Carnivore : Herbivore,A. Animal : Bird,B. Flesh : Plant,C. Camel : Giraffe,D. Horse : Lion,B. Flesh : Plant
Choose analogous pair:  Coal : Thermal,A. Power : Energy,B. Bulb : Light,C. Air : Atmosphere,D. Water : Hydel,D. Water : Hydel
Choose analogous pair:  Liquator : Intoxicates,A. Oil : Smears,B. Medicine : Soothes,C. Drug : Addicts,D. Morphine : Sedates,D. Morphine : Sedates
Choose analogous pair:  Question : Question Mark,A. Remark : Colon,B. Aside : Parentheses,C. Sentence : Period,D. Clause : Semicolon,B. Aside : Parentheses
Choose analogous pair:  Presumption : Certainty,A. Flasehood : Truth,B. Hearsay : Authenticity,C. Theorem : Proof,D. Hunch : Guess,B. Hearsay : Authenticity
Choose analogous pair:  Filter : Water,A. Expurge : Book,B. Edit : Text,C. Censor : Play,D. Curtail : Activity,C. Censor : Play
Choose analogous pair:  Intimidate : Wheedle,A. Resolute : Impetuous,B. Coordinate : Disinter,C. Defile : Rebuke,D. Extol : Disparage,D. Extol : Disparage
Choose analogous pair:  Necklace : Adornment,A. Medal : Decoration,B. Bead : Necklace,C. Scarf : Dress,D. Pearl : Diamond,A. Medal : Decoration
Choose analogous pair:  Cream : Cosmetics,A. Tiger : Forest,B. Magazine : Editor,C. Teak : Wood,D. Mountain : Valley,D. Mountain : Valley
Choose analogous pair:  Dawn : Morning,A. Morning : Evening,B. Sun : Rain,C. Lamp : Light,D. Autumn : Winter,D. Autumn : Winter
Choose analogous pair:  Accident : Mishap,A. Eminent : Notorious,B. Pacify : Provoke,C. Abrupt : Sudden,D. Dearth : Plenty,C. Abrupt : Sudden
Choose analogous pair:  Capricious : Reliability,A. Arbitrary : Whimsical,B. Unreliable : Inhuman,C. Tenacious : Practicality,D. Extemporaneous : Predictability,C. Tenacious : Practicality
Choose analogous pair:  Propensity : Tendency,A. Prologue : Epilogue,B. Master : Slave,C. Audacity : Impudence,D. Conduct : Immorality,C. Audacity : Impudence
Choose analogous pair:  War : Destruction,A. Fire : Burn,B. Court : Justice,C. Water : Drown,D. Food : Hunger,A. Fire : Burn
Choose analogous pair:  Sea : Shore,A. Train : Rails,B. Road : Footpath,C. Ocean : Bay,D. River : Delta,B. Road : Footpath
Choose analogous pair:  Hope : Aspire,A. Fake : Ordinary,B. Fib : Lie,C. Film : Flam,D. Love : Elevate,B. Fib : Lie
Choose analogous pair:  Bird : Wings,A. Whale : Water,B. Dog : Lungs,C. Car : Wheel,D. Pen : Paper,C. Car : Wheel
Choose analogous pair:  Choose : Discard,A. Draw : Push,B. Love : Adore,C. Walk : Run,D. Sit : Stand,A. Draw : Push
Choose analogous pair:  Choose : Discard,A. Draw : Push,B. Love : Adore,C. Walk : Run,D. Sit : Stand,A. Draw : Push
Choose analogous pair:  Barrel : Vial,A. Book : Readers,B. Book : Pamphlet,C. Brochure : Compiler,D. Length : Height,B. Book : Pamphlet
Choose analogous pair:  Indigent : Wealthy,A. Scholarly : Erudite,B. Gauche : Graceful,C. Native : Affluent,D. Angry : Rich,B. Gauche : Graceful
Choose analogous pair:  Baldness : Hair,A. Talk : Whisper,B. Giggle : Laugh,C. Quiet : Peace,D. Silence : Noise,D. Silence : Noise
Choose analogous pair:  Sphere : Ball,A. Circle : Disc,B. Cube : Dice,C. Line : Rope,D. Triangle : Cone,B. Cube : Dice
Choose analogous pair:  Protagonist : Character,A. Earth : Moon,B. Termite : Insect,C. Lizard : Housefly,D. Whale : Fish,B. Termite : Insect
Choose analogous pair:  Archaeologist : Antiquity,A. Ichthyologist : Marine life,B. Doctor : Medicine,C. Teacher : Education,D. Minister : Theology,A. Ichthyologist : Marine life
Choose analogous pair:  Pedant : Erudition,A. Blunt : Politician,B. Enemy : Friendly,C. Diplomat : Tactless,D. Prude : Modesty,D. Prude : Modesty
Choose analogous pair:  Liquor : Drink,A. Bread : Butter,B. Tea : Beverage,C. Snuff : Inhale,D. Water : Sip,B. Tea : Beverage
Choose analogous pair:  Optimistic : Pessimistic,A. Difficult : Impossible,B. Study : Play,C. Tolerating : Disgusting,D. Export : Import,D. Export : Import
Choose analogous pair:  Rain : Patter,A. Door : Bang,B. Birds : Flight,C. Animal : Graze,D. Men : Walk,A. Door : Bang
Choose analogous pair:  Rotate : Gyrate,A. Putrefy : Reject,B. Anachorism : Cubism,C. Accolade : Criticism,D. Absolve : Exonerate,D. Absolve : Exonerate
Choose analogous pair:  Corporeal : Spiritual,A. Pedagogue : Teacher,B. Foreigner : Immigrant,C. Moron : Savant,D. Mesa : Plateau,C. Moron : Savant
Choose analogous pair:  Evaporation : Cloud,A. Mountain : Snow,B. Pressure : Atmosphere,C. Book : Pages,D. Tension : Breakdown,D. Tension : Breakdown
Choose analogous pair:  Sailor : Pirate,A. Police : Robbers,B. Lion : Lamb,C. Plant : Fungus,D. Major : Sepoy,C. Plant : Fungus
Choose analogous pair:  Roof : Foundation,A. Plateau : Plain,B. Hay : Grass,C. Hill : Mountain,D. Peak : Valley,D. Peak : Valley
Choose analogous pair:  Land : Cape,A. House : Gate,B. Foot : Toe,C. Hand : Glove,D. Finger : Nails,B. Foot : Toe
Choose analogous pair:  Cube : Cuboid,A. Oval : Sphere,B. Square : Cube,C. Sphere : Ellipsoid,D. Triangle : Cone,C. Sphere : Ellipsoid
Choose analogous pair:  Perforate : Holes,A. Repent : Sins,B. Speckle : Spots,C. Filter : Water,D. Decorate : Rooms,B. Speckle : Spots
Choose analogous pair:  Leather : Milk,A. Cat : Mouse,B. Curd : Bacteria,C. Fruit : Rubber,D. Sun : Moon,C. Fruit : Rubber
Choose analogous pair:  Trilogy : Novel,A. Gun : Cartridge,B. Rice : Husk,C. Milk : Cream,D. Serial : Episode,D. Serial : Episode
Choose analogous pair:  Coronation : Reign,A. Vaccination : Immunity,B. Sculptor : Statue,C. Degree : Graduate,D. Summer : Rain,D. Summer : Rain
Choose analogous pair:  Rocket : Fuel,A. Man : Energy,B. Machine : Oil,C. Current : Electricity,D. River : Water,A. Man : Energy
Choose analogous pair:  Revolution : Change,A. Disease : Medicine,B. Famous : Notorious,C. Food : Energy,D. Treaty : Peace,D. Treaty : Peace
Choose analogous pair:  Utopia : English,A. Odyssey : Greek,B. Tulsidas : Sanskrit,C. Monalisa : English,D. Dante : Latin,A. Odyssey : Greek
Choose analogous pair:  Pharaohs : Egypt,A. Socrates : Greece,B. Kings : India,C. Imperator : Rome,D. Government : State,B. Kings : India
Choose analogous pair:  Grain : Salt,A. Chip : Glass,B. Blades : Grass,C. Shred : Wood,D. Shard : Pottry,A. Chip : Glass
Choose analogous pair:  Preamble : Constitution,A. Word : Dictionary,B. Contents : Magazine,C. Explanation : Poetry,D. Preface : Book,D. Preface : Book
Choose analogous pair:  Animal : Menagerie,A. Painting : Museum,B. Flowers : Pot,C. Milk : Glass,D. Grapes Bunch,A. Painting : Museum
Choose analogous pair:  Cistern : Water,A. House : Family,B. Cup : Tea,C. Vase : Water,D. Book : Knowledge,B. Cup : Tea
Choose analogous pair:  Inn : Traveller,A. Lodging : Man,B. Country : Citizen,C. Dormitory : Students,D. Ashram : Gurus,C. Dormitory : Students
Choose analogous pair:  Inherit : Acquire,A. Hierarchial : Succession,B. Instinct : Habit,C. Loss : Gain,D. Learn : Discover,A. Hierarchial : Succession
Choose analogous pair:  Proscenium : Stage,A. Lamp : Table,B. Lines : Bed,C. Portico : House,D. Compass : Needle,C. Portico : House
Choose analogous pair:  Lawn : Grass,A. Wool : Sheep,B. Skin : Goat,C. Fur : Pelt,D. Rice : Farm,C. Fur : Pelt
Choose analogous pair:  Plants : Coal,A. Crops : Manure,B. Animals : Oil,C. Cow : Milk,D. Fire : Smoke,B. Animals : Oil
Choose analogous pair:  Introduction : Conclusion,A. Salutation : Farewell,B. Deposit : Take,C. Companion : Scoundrel,D. Mingle : Emerge,A. Salutation : Farewell
Choose analogous pair:  Termite : Wood,A. Neem : Cotton,B. Fibre : Jute,C. Thread : Cloth,D. Moth : Wool,D. Moth : Wool
Choose analogous pair:  Rectangle : Cylinder,A. Square : Sphere,B. Circle : Disc,C. Triangle : Cone,D. Wall : Room,C. Triangle : Cone
Choose analogous pair:  Formula : Constituent,A. Eduation : Term,B. Roclet : Pilot,C. Carburettor : Mixture,D. Binomial : Monocular,A. Eduation : Term
Choose analogous pair:  Parsing : Grammar,A. Running : Health,B. Praying : God,C. Paratrooping : Air Forse,D. Cleaning : House,C. Paratrooping : Air Forse
Choose analogous pair:  Story : Novel,A. Sea : Ocean,B. School : University,C. Book : Dictionary,D. Poetry : Drama,A. Sea : Ocean
Choose analogous pair:  Farce : Absurdity,A. Disease : Medicine,B. Charity : Generisity,C. Tragedy : Comedy,D. Energy : Electricity,B. Charity : Generisity
Choose analogous pair:  Money : Transaction,A. Life : Death,B. Water : Drink,C. Ideas : Exchange,D. Language : Conversation,D. Language : Conversation
Choose analogous pair:  Visitor : Welcome,A. Beggar : Hungry,B. Worship : God,C. Criminal : Prosecute,D. Warrior : Conquer,C. Criminal : Prosecute
Choose analogous pair:  Expend : Replenism,A. Exhort : Encourage,B. Formant : Rebellion,C. Defect : Rejoin,D. Encroachment : Occupy,C. Defect : Rejoin
Choose analogous pair:  Garbage : Dustbin,A. Tree : Honey,B. Medicine : Capsule,C. Kitchen : House,D. Bangles : Hand,B. Medicine : Capsule
Choose analogous pair:  Ribs : Lungs,A. Ball : Sphere,B. Hand : Fingers,C. Shell : Nut,D. Coat : Tie,C. Shell : Nut
Choose analogous pair:  Overlook : Aberration,A. Mitigate : Penitence,B. Condone : Offence,C. Error : Omission,D. Conviction : Criminal,B. Condone : Offence
Choose analogous pair:  Duralumin : Aircraft,A. Brass : Alloy,B. Stone : Sculptor,C. Iron : Steel,D. Bronze : Statue,D. Bronze : Statue
Choose analogous pair:  Mongoose : Snake,A. Milk : Goat,B. Fish : Crane,C. Whale : Crow,D. Water : Sky,B. Fish : Crane
Choose analogous pair:  Illiterate : Uneducated,A. Country : State,B. City : Village,C. Palace : Hut,D. Vision : Sight,D. Vision : Sight
Choose analogous pair:  Cool : Frigid,A. Livid : Lurid,B. Pool : Placid,C. Tepid : Torried,D. Lack : Abundant,C. Tepid : Torried
Choose analogous pair:  Laboratory : Germs,A. School : Students,B. Playground : Games,C. Library : Books,D. Observatory : Planets,D. Observatory : Planets
Choose analogous pair:  Lamb : Frisk,A. Deer : Swoop,B. Cat : Steal,C. Bear : Leap,D. Lion : Stride,B. Cat : Steal
Choose analogous pair:  Monk : Monastery,A. Noble : House,B. Lion : Hole,C. Nun : Convent,D. Peasant : Village,C. Nun : Convent
Choose analogous pair:  Cricket : Pitch,A. Ship : Dock,B. Boat : Harbour,C. Wrestling : Track,D. Boxing : Ring,D. Boxing : Ring
Choose analogous pair:  Tree : Sapling,A. Rock : Mountain,B. Horse : Foal,C. Giant : Dwarf,D. Hut : Mansion,B. Horse : Foal
Choose analogous pair:  Coffee : Beverages,A. Bread : Butter,B. Milk : Tea,C. Burger : Snacks,D. Grapes : Wine,C. Burger : Snacks
Choose analogous pair:  Stage : Theatre,A. Badroom : House,B. Car : Road,C. Patient : Hospital,D. School : Education,A. Badroom : House
Choose analogous pair:  Graphite : Lubricant,A. Movement : Friction,B. Iron : Steel,C. Wool : Cloth,D. Diamond : Abrasive,D. Diamond : Abrasive
Choose analogous pair:  Poverty : Prosperity,A. Love : Sorrow,B. Train : Cart,C. Rain : Flood,D. Intelligence : Stupidity,D. Intelligence : Stupidity
Choose analogous pair:  Hook : Fish,A. Stadium : Games,B. Glove : Ball,C. Symphony : Music,D. Word : Alphabet,B. Glove : Ball
Choose analogous pair:  Pulp : Paper,A. Rope : Hemp,B. Rayon : Cellulose,C. Thread : Needle,D. Yarn : Fabric,D. Yarn : Fabric
Choose analogous pair:  Wan : Colour,A. Enigmatic : Puzzle,B. Pallid : Complexion,C. Insipid : Flavour,D. Copulent : Weight,B. Pallid : Complexion
Choose analogous pair:  Artist : Troupe,A. Market : Crowd,B. Flowers : Garland,C. Singer : Chorus,D. Fishes : Pond,C. Singer : Chorus
Choose analogous pair:  Basemant : Attic,A. Nadir : Zenith,B. Zenith : Apex,C. Zenith : Root,D. Apex : Pinnacle,A. Nadir : Zenith
Choose analogous pair:  Poultry : Farm,A. Rice : Granary,B. Child : Playground,C. Bee : Hive,D. Rubber : Estate,D. Rubber : Estate
Choose analogous pair:  Greed : Corruption,A. Insult : Enemy,B. Sleep : Dream,C. Goodwill : Friendship,D. Knowledge : Book,C. Goodwill : Friendship
Choose analogous pair:  Sip : Gulp,A. Touch : Push,B. Cup : Glass,C. Tent : Hut,D. Soup : Water,A. Touch : Push
Choose analogous pair:  Lok Sabha : Legislature,A. President: Executive,B. Minister : Meeting,C. Judge : Court,D. People : Election,A. President: Executive
Choose analogous pair:  Hitler : Germany,A. Shakespeare : England,B. Mussolini : Italy,C. Tulsidas : India,D. Boris Yeltsin : Russia,B. Mussolini : Italy
Choose analogous pair:  Kangaroo : Australia,A. Whale : River,B. Elephant : Russia,C. Penguin : Antarctica,D. India : Peacock,C. Penguin : Antarctica
Choose analogous pair:  Executioner : Criminal,A. Florist : Flowers,B. Convict : Murderer,C. Butcher : Animals,D. Worker : Manager,C. Butcher : Animals
Choose analogous pair:  Biography : Autobiography,A. Memoirs : History,B. Author : Performer,C. Mobile : Automobile,D. Testimony : Confession,D. Testimony : Confession
Choose analogous pair:  Waiter : Tip,A. Student : Marks,B. Worker : onus,C. Employee : Wages,D. Clerk : Bride,B. Worker : onus
Choose analogous pair:  Portfolio : Securities,A. Lecture : Consignment,B. Star : Class,C. Trustee : Company,D. Panel : Jurors,D. Panel : Jurors
Choose analogous pair:  Iodine : Goitre,A. Insulin : Diabetes,B. Mango : Anaemia,C. Hormones : Haemophilia,D. Fat : Obesity,A. Insulin : Diabetes
Choose analogous pair:  Blister : Skin,A. Sore : Toe,B. Sty : Eye,C. Ball : Pitcher,D. Wound : Arm,B. Sty : Eye
Choose analogous pair:  Thermometer : Temperature,A. Length : Breadth,B. Millimetre : Scale,C. Cardiograph : Heart rate,D. Solar energy : Sun,C. Cardiograph : Heart rate
Choose analogous pair:  Water : Thirst,A. Ripe : Harvest,B. Book : Ignorance,C. Needle : Stitch,D. Rain : Throat,D. Rain : Throat
Choose analogous pair:  Horse : Mare,A. Duck : Geese,B. Dog : Puppy,C. Donkey : Pony,D. Fox : Vixen,D. Fox : Vixen
Choose analogous pair:  Sale : Purchase,A. Give : Receive,B. Shop : Market,C. Cash : Credit,D. Profit : Loss,A. Give : Receive
Choose analogous pair:  Locks : Warble,A. Crows : Cackle,B. Tiger : Yelp,C. Owls : Hoot,D. Camel : Bleat,C. Owls : Hoot
Choose analogous pair:  Read : Legible,A. Hear : Audible,B. Qualify : Eligible,C. See : Illegible,D. Require : Admissible,A. Hear : Audible
Choose analogous pair:  Loath : Coercion,A. Irate : Antagonism,B. Irriate : Caressing,C. Reluctant : Persuasion,D. Contempaltive : Meditative,C. Reluctant : Persuasion
Choose analogous pair:  Ballad : Song,A. Envelope : Letter,B. Prose : Literature,C. Cat : Leopard,D. Ode : Poem,D. Ode : Poem
Choose analogous pair:  Karnataka : Bangalore,A. Mysore : Vrindaban,B. Haryana : Sonepat,C. Gujarat : Anand,D. Orissa : Bhubaneshwar,D. Orissa : Bhubaneshwar
Choose analogous pair:  Appointment : Ability,A. Transfer : Punishment,B. Business : Money,C. Promotion ; Merit,D. Examination : Success,C. Promotion ; Merit
Choose analogous pair:  Fish : Mermaid,A. Cat : Lion,B. Horse : Centaur,C. Unicorn : Tapestry,D. Pegasus : Fly,B. Horse : Centaur
Choose analogous pair:  Dove : Peace,A. Crow : Scavenge,B. Knife : Cut,C. Lull : Storm,D. Pearl : Purity,D. Pearl : Purity
Choose analogous pair:  Knowledge : Ignorance,A. Cure : Health,B. Conceal : Hide,C. Breath : Suffocation,D. Construction : War,C. Breath : Suffocation
Choose analogous pair:  Buoy : Channel,A. White line : Highway,B. Light house : Ship,C. Red light : Street,D. Road map : Travel,D. Road map : Travel
Choose analogous pair:  Muslims : Quran,A. Hindus : Temple,B. Sikhs : Avesta,C. Christians : Christ,D. Jews : Torah,D. Jews : Torah
Choose analogous pair:  Onam : Kerala,A. Christmas : Christians,B. Bhangra : Punjab,C. Kathak : Uttar Pradesh,D. Bihu : Assam,D. Bihu : Assam
Choose analogous pair:  Food : Hungry,A. Thought : Politics,B. Water : River,C. Rest : Weary,D. Wine : Intoxication,C. Rest : Weary
Choose analogous pair:  Kitchen : Bedroom,A. Woman : Man,B. Vegetable : Fruit,C. Botany : Zoology,D. Gas : Cylinder,C. Botany : Zoology
Choose analogous pair:  Jupiter : Planet,A. Sparrow : Bird,B. Yamuna : River,C. Chilka : Lake,D. Everest : Peak,D. Everest : Peak
Choose analogous pair:  Hypocrisy : Honesty,A. Literature : Philosophy,B. Arrogant : Notorious,C. Seldom : Often,D. Murder : Sympathy,C. Seldom : Often
Choose analogous pair:  Bread : Flour,A. Train : Wagon,B. Car : Engine,C. Road : Asphalt,D. House : Wall,C. Road : Asphalt
Choose analogous pair:  Rectangle : Pentagon,A. Side : Angle,B. Diagonal : Perimeter,C. Triangle : Rectangle,D. Noun of these,C. Triangle : Rectangle
Choose analogous pair:  Eyes : Tears,A. Sea : Water,B. Volcano : Lava,C. Heart : Artery,D. Hunger : Bread,B. Volcano : Lava
Choose analogous pair:  Agreement : Dissent,A. Touchdown : Penalty,B. Latitude : Resistance,C. Schism : Diverge,D. Impasse : Concede,B. Latitude : Resistance
Choose analogous pair:  Purity : Adulteration,A. Profuse : Availability,B. Treachery : Sincerity,C. Rare : Scanty,D. Sink : Drown,B. Treachery : Sincerity
Choose analogous pair:  Pain : Ache,A. Fever : Illness,B. Sufferring : Trouble,C. Lazy : Lethargic,D. Damp : Arid,C. Lazy : Lethargic
Choose analogous pair:  Patriotism : Citizens,A. Morality : Truthfulness,B. Character : Values,C. Concentration : Students,D. Homage : Martyrs,C. Concentration : Students
Choose analogous pair:  Ornaments : Body,A. Murals : Wall,B. Painting : Canvas,C. Light : Road,D. Cleanliness : Hospital,A. Murals : Wall
Choose analogous pair:  Rogue : Rascal,A. Spendthrift : Extravagent,B. Notorious : Famous,C. Polite : Harse,D. Notorious : Famous,A. Spendthrift : Extravagent
Choose analogous pair:  Valueless : Invaluable,A. Costly : Cut-rate,B. Miserly : Philanthropic,C. Frugality : Wealth,D. Thriftiness : Cheap,B. Miserly : Philanthropic
Choose analogous pair:  Proctor : Supervise,A. Prophet : Rule,B. Prodigy : Wonder,C. Profiteer : Consume,D. Prodigal : Squander,D. Prodigal : Squander
Choose analogous pair:  Taxonomist : Classify,A. Haggler : Bargain,B. Doctor : Madicine,C. Kind : Alms,D. Engineer : Building,A. Haggler : Bargain
Choose analogous pair:  Horns : Bull,A. Mane : Lion,B. Antlers : Stag,C. Hoofs : Horse,D. Wattles : Turkey,B. Antlers : Stag
Choose analogous pair:  Aspirin : Headache,A. Amoeba : Dysentery,B. Acid : Burns,C. Quinine : Malaria,D. Iron : Anaemia,C. Quinine : Malaria
Choose analogous pair:  Traveller : Destination,A. Beggar : Donation,B. Accident : Hospital,C. Teacher : Education,D. Refugee : Shelter,D. Refugee : Shelter
Choose analogous pair:  Stationary : Mobile,A. Quilt : Sheet,B. Bulb : Tubelight,C. Vehicle : Bus,D. Quack : Expert,D. Quack : Expert
Choose analogous pair:  Border : Country,A. Pen : Cap,B. Book : Cover,C. Handle : Spade,D. Frame : Picture,
Choose analogous pair:  Goose : Gander,A. Duck : Drake,B. Hen : Chicken,C. Horse : Bridle,D. Donkey : Bray,A. Duck : Drake
Choose analogous pair:  Sculptor : Atelier,A. Painter : Portrait,B. Miner : Quarry,C. Poet : Sonnet,D. Man : House,B. Miner : Quarry
Choose analogous pair:  Egg : Omelette,A. Dam : River,B. Student : Classroom,C. Caly : Pottery,D. Onion : Salad,C. Caly : Pottery
Choose analogous pair:  Vandalism : Property,A. Perjury : Testimony,B. Embezzlement : Fraud,C. Implication : Crime,D. Testify : Reputation,A. Perjury : Testimony
Choose analogous pair:  Mad : Insane,A. Red : Green,B. Healthy : Fat,C. Brave : Timid,D. Slim : Thin,D. Slim : Thin
Choose analogous pair:  Carpenter : Furniture,A. Teacher : Teach,B. King : Empire,C. Mason : Wall,D. Farmer : Agriculture,C. Mason : Wall
Choose analogous pair:  Shard : Pottery,A. Island : Sea,B. Canto : Poem,C. Frog : Amphibian,D. Grass : Field,B. Canto : Poem
Choose analogous pair:  Geology : Earth,A. Architect : Building,B. Biology : Science,C. Aquarium : Fish,D. Archaeology : Artifacts,D. Archaeology : Artifacts
Choose analogous pair:  Bird : Cage,A. Animals : Zoo,B. Thief : Prison,C. Antoque : Museum,D. Crime : Punishment,B. Thief : Prison
Choose analogous pair:  Army : Logistics,A. Team : Individual,B. War : Logic,C. Soldiers : Students,D. Business : Strategy,D. Business : Strategy
Choose analogous pair:  Palintiff : Defendant,A. Judge : Jury,B. Court : Law,C. Attorney : Lawyer,D. Injured : Accused,D. Injured : Accused
Choose analogous pair:  Cricket : Football,A. Solid : Liquid,B. Hockey : Ball,C. Prose : Poetry,D. Shoes : Gloves,C. Prose : Poetry
Choose analogous pair:  Priest : Mitre,A. Student : Pen,B. Teacher : Chalk,C. Dictionary : Words,D. King : Crown,D. King : Crown
Choose analogous pair:  Lively : Dull,A. Emotional : Sensitive,B. Flower : Bud,C. Employed : Jobless,D. Happy : Gay,C. Employed : Jobless
Choose analogous pair:  Banyan tree : Proproots,A. Potato : Tuber,B. Climbers : Tendrils,C. Ginger : Stem,D. Spinach : Root,B. Climbers : Tendrils
Choose analogous pair:  Bridge : Cards,A. Dam : River,B. Gamble : Money,C. Image : Mirror,D. Fencing : Sword,D. Fencing : Sword
Choose analogous pair:  Yen : Currency,A. Brass : Metal,B. Flower : Fragrance,C. Paper : Book,D. Karnataka : State,D. Karnataka : State
Choose analogous pair:  Portico : Building,A. Wheel : Bicycle,B. Ship : Steamer,C. Stove : Kitchen,D. Fort : Fortress,D. Fort : Fortress
Choose analogous pair:  Sheep : Mutton,A. Duck : Roast,B. Hen : Poultry,C. Deer : Venison,D. Lamb : Veal,C. Deer : Venison
Choose analogous pair:  Eagle : Eyire,A. Sheep : Pen,B. Fox : Sty,C. Lion : Hole,D. Sheep : Coop,A. Sheep : Pen
Choose analogous pair:  Infection : Illness,A. Satisfaction : Appetite,B. Applause : Audience,C. Antidote : Disease,D. Rehearsal : Performance,D. Rehearsal : Performance
Choose analogous pair:  State : Exile,A. Church : Excommunicate,B. Constitution : Amendment,C. Judge : Convict,D. Police : Arrest,A. Church : Excommunicate
Choose analogous pair:  Coin : Mint,A. Grain : Field,B. Hay : Stable,C. Wine : Brewery,D. Book : Publisher,C. Wine : Brewery
Choose analogous pair:  Ass : Bray,A. Sheep : Bleat,B. Fox : Snout,C. Hen : Mew,D. Flies : Squeak,A. Sheep : Bleat
Choose analogous pair:  Flag : Nation,A. Emblem : Prosperity,B. Insignia : Rank,C. Wealth : Prestige,D. Honor : Status,B. Insignia : Rank
Choose analogous pair:  Gypsy : Caravan,A. Hare : Byre,B. Knight : Mansion,C. Monk : Temple,D. Convict : Cell,B. Knight : Mansion
Choose analogous pair:  Donkey : Trot,A. Monkey : Waddle,B. Cat : Leap,C. Eagle : Stride,D. Mouse : Scamper,D. Mouse : Scamper
Choose analogous pair:  Fragile : Crack,A. Cemetery : Death,B. Pliable : Bend,C. Hydro : Water,D. Irreducible : Reduce,B. Pliable : Bend
Choose analogous pair:  Soldier : Regiment,A. Flower : Bunch,B. Drop : Ocean,C. Sailor : Crew,D. Deer : Jungle,C. Sailor : Crew
Choose analogous pair:  Doctor : Hospital,A. Plumber : Wrench,B. Chef : Kitchen,C. Water : Reservoir,D. Farmer : Village,B. Chef : Kitchen
Choose analogous pair:  Sneer : Contempt,A. Grimace : Pain,B. Snarl : Restlessness,C. Mourn : Frustration,D. Joke : Happiness,A. Grimace : Pain
Choose analogous pair:  Wick : Candle,A. Lead : Pencil,B. Thread : Wool,C. Light : Darkness,D. Quick : Rapid,A. Lead : Pencil
Choose analogous pair:  Toss : Hurl,A. Throw : Grab,B. Consider : Formulate,C. Speak : Shout,D. Bounce : Kick,C. Speak : Shout
Choose analogous pair:  Fury : Ire,A. Amusement : Happiness,B. Joke : Laugh,C. Cry : Whisper,D. Convulsion : Spasm,D. Convulsion : Spasm
Choose analogous pair:  Heart : Cardiology,A. Brain : Psychology,B. History : Histology,C. Civics : Policy,D. Fossils : Paleontology,D. Fossils : Paleontology
Choose analogous pair:  Conciliatory : Friendliness,A. Cache : Hide,B. Garrulous : Old,C. Timid : Bold,D. Obvious : Explain,A. Cache : Hide
Choose analogous pair:  Bear : Hibernation,A. Man : Immigration,B. Bird : Migration,C. Food : Adulteration,D. Frog : Aestivation,B. Bird : Migration
Choose analogous pair:  Magazine : Periodical,A. Gun : Soldier,B. Harvesting : Agriculture,C. Pun : Joke,D. Truck : Transport,C. Pun : Joke
Choose analogous pair:  Light : Darkness,A. Anger : Friendship,B. Education : Illiteracy,C. Sanity : Madness,D. Medicine : Patient,B. Education : Illiteracy
Choose analogous pair:  Humanitarian : Altruistic,A. Host : Hospitable,B. Artist : Imitative,C. Idealist : Cynical,D. Guest : Rude,A. Host : Hospitable
Choose analogous pair:  Restaurant : Menu,A. Library : Catalogue,B. Journal : Newspaper,C. Book : Encyclopaedia,D. College : Account,A. Library : Catalogue
Choose analogous pair:  Calligraphy : Writing,A. Music : Song,B. Lyric : Poem,C. Drama : Prose,D. Chapter : Stanza,B. Lyric : Poem
Choose analogous pair:  Dubious : Indisputable,A. Slander : Libel,B. Painful : Tormenting,C. Avaricious : Generous,D. Perspicacious : Tenacity,C. Avaricious : Generous
Choose analogous pair:  Chocolate : Sugar,A. Egg : Yolk,B. Road : Traffic,C. Building : Cement,D. Milk : Cream,C. Building : Cement
Choose analogous pair:  Sound : Muffled,A. Moisture : Humid,B. Colour : Faded,C. Despair : Anger,D. Odour : Pungent,B. Colour : Faded
Choose analogous pair:  Traitor : Disloyalty,A. Executioner : Reliability,B. Rebel : Defiance,C. Manager : Administration,D. Hope : Pessimism,B. Rebel : Defiance
Choose analogous pair:  Symphony : Music,A. Mural : Painting,B. Ode : Prose,C. Preface : Book,D. Editorial : Journal,A. Mural : Painting
Choose analogous pair:  Low : Cattle,A. Sheep : Beef,B. Gaggle : Chicken,C. Grunt : Hogs,D. Flock : Goat,C. Grunt : Hogs
Choose analogous pair:  Arrows : Quiver,A. Fear : Tremble,B. Money : Bank,C. Sound : Music,D. Coin : Mint,B. Money : Bank
Choose analogous pair:  Wrestler : Arena,A. Cricket : Pitch,B. Ring : Finger,C. Farmer : Field,D. Assistant : Clerk,C. Farmer : Field
Choose analogous pair:  Cool : Cold,A. Length : Width,B. Gold : Bourne,C. Plant : Tree,D. Pretty : Beautiful,D. Pretty : Beautiful
Choose analogous pair:  Shoes : Cobbler,A. Spectacles : Optician,B. Education : Teacher,C. Oxygen : Plant,D. Food : Kitchen,A. Spectacles : Optician
Choose analogous pair:  Modesty : Arrogance,A. Passion : Emotion,B. Practice : Perfection,C. Cause : Purpose,D. Dedility : Strength,D. Dedility : Strength
Choose analogous pair:  Textile : Mill,A. Eggs : Hen,B. Coal : Mine,C. Food : Agriculture,D. Brick : Kiln,D. Brick : Kiln
Choose analogous pair:  Teeth : Dentist,A. Legs : Philanthropist,B. Eyes : Oculist,C. Operation : Surgeon,D. Sight : Spectator,B. Eyes : Oculist
Choose analogous pair:  Spring : Summer,A. Adolescence : Youth,B. Fight : Battle,C. Stagger : Walk,D. Read : Learn,A. Adolescence : Youth
Choose analogous pair:  Revolver : Holster,A. Book : Bag,B. Eye : Eyelid,C. Juice : Glass,D. Nostril : Nose,A. Book : Bag
Choose analogous pair:  Chair : Carpenter,A. Grass : Gardener,B. Medicine : Doctor,C. Bridge : Engineer,D. Radio : Radiologist,C. Bridge : Engineer
Choose analogous pair:  Range : Mountain,A. Point : Line,B. Bouquet : Flower,C. School : Class,D. String : Bead,D. String : Bead
Choose analogous pair:  Implicate : Incriminate,A. Involvement : Malpractice,B. Exonerate : Acquit,C. Embezzlement : Charge,D. Perjury : Fraud,B. Exonerate : Acquit
Choose analogous pair:  Friendly : Inimical,A. Lithosphere : Hydrosphere,B. Condemnation : Approval,C. Abstain : Refrain,D. Disappointment : Embarrassment,B. Condemnation : Approval
Choose analogous pair:  Branch : Tree,A. Crest : Wave,B. Bulb : Filament,C. Clothes : Cupboard,D. Water : Tap,A. Crest : Wave
Choose analogous pair:  Ecstasy : Pleasure,A. Hatred : Affection,B. Joy : Grief,C. Rage : Anger,D. Mumble : Speak,C. Rage : Anger
Choose analogous pair:  Necromancy : Ghosts,A. Romance : Stories,B. Magic : Amulets,C. Alchemy : Gold,D. Sorcery : Spirits,D. Sorcery : Spirits
Choose analogous pair:  Sigh : Relief,A. Tear : Joy,B. Trembling : Fear,C. Carelessness : Accident,D. Sweat : Hot,B. Trembling : Fear
Choose analogous pair:  Weight : Kilogram,A. Seconds : Hours,B. Distance : Kilometer,C. Bushel : Corn,D. Mile : Length,B. Distance : Kilometer
Choose analogous pair:  Necessity : Invention,A. Curiosity : Knowledge,B. Nation : Citizens,C. Price : Commodity,D. Language : Conversation,A. Curiosity : Knowledge
Choose analogous pair:  Meadow. : Sheep,A. Stable : Horse,B. Hay : Insect,C. Grass : Grasshopper,D. Pasture : Cattle,D. Pasture : Cattle
Choose analogous pair:  Identity : Anonymity,A. Flaw : Perfection,B. Careless : Mistake,C. Truth : Lie,D. Fear : Joy,A. Flaw : Perfection
Choose analogous pair:  Pen : Nib,A. Book : Knowledge,B. Sword : Blade,C. Radio : Transistor,D. Nut : Bolt,B. Sword : Blade
Choose analogous pair:  Explosion : Destruction,A. Talk : Exaggeration,B. Girl : Woman,C. Success : Failure,D. Engagement : Marriage,D. Engagement : Marriage
Choose analogous pair:  Sonnet : Poem,A. Ballad : Stanza,B. Murder : Crime,C. Chapter : Book,D. Lie : Falsehood,B. Murder : Crime
Choose analogous pair:  Paper : Ream,A. Eggs : Dozen,B. Books : Pile,C. Twigs : Bush,D. Food : Packet,A. Eggs : Dozen
Choose analogous pair:  Platform : Train,A. Aeroplane : Aerodrome,B. Hotel : Tourist,C. Quay : Ship,D. Footpath : Traveller,C. Quay : Ship
Choose analogous pair:  Sadist : Injury,A. Opportunist : Generosity,B. Priest : Church,C. Dentist : Teeth,D. Thief : Robbery,D. Thief : Robbery
Choose analogous pair:  Practice : Perfection,A. Perseverance : Achievement,B. Run : Jump,C. Examination : Qualification,D. Medicine : Treatment,A. Perseverance : Achievement
Choose analogous pair:  Dog : Kennel,A. Horse : Carriage,B. Sheep : Flock,C. Cow : Barn,D. Sports : Stadium,C. Cow : Barn
Choose analogous pair:  Hillock : Mountain,A. Hare : Animal,B. Ant : Elephant,C. Bush : Forest,D. Grass : Tree,C. Bush : Forest
Choose analogous pair:  Partridge : Covery,A. Directors : Band,B. Mountain : Range,C. Sheep : Swarm,D. Goods : Consignment,D. Goods : Consignment
Choose analogous pair:  Fish : Aquarium,A. Teacher : Hostel,B. Bee : Apiary,C. Bird : Nest,D. Child : School,B. Bee : Apiary
Choose analogous pair:  House : Ceiling,A. Hut : Roof,B. Building : Floor,C. Bed : Bedsheet,D. Grapes : Wine,A. Hut : Roof
Choose analogous pair:  Sprain : Fracture,A. Devotion : Blessing,B. Excitement : Frenzy,C. Sleep : Dream,D. Fever : Malaria,B. Excitement : Frenzy
Choose analogous pair:  Indra : Rainfall,A. Shiv : Creation,B. Shakespeare : Drama,C. Cupid : Love,D. Venus : War,C. Cupid : Love
Choose analogous pair:  Staircase : Banisters,A. Train : Tracks,B. Deck : Railings,C. Auditorium : Seats,D. Cinema : Screen,B. Deck : Railings
Choose analogous pair:  Energy : Dissipate,A. Atom : Explosion,B. Power : Generator,C. Money : Squander,D. Battery : Charge,C. Money : Squander
Choose analogous pair:  Judge : Adjudicate,A. Researcher : Emendate,B. Mediator : Reconcile,C. Appellant : Implore,D. Advocate : Jury,B. Mediator : Reconcile
Choose analogous pair:  Embarrass : Humiliate,A. Enquire : Ask,B. Embezzle : Peculate,C. Gamble : Investment,D. Annoy : Exasperate,D. Annoy : Exasperate
Choose analogous pair:  Thanks : Gratitude,A. Courtesy : Manners,B. Salutation : Flag,C. Protest : Resentment,D. Trial : Error,C. Protest : Resentment
Choose analogous pair:  Cattle : Drove,A. Soldier : Crew,B. Grain : Bundle,C. Chicken : Brood,D. Bees : Heap,C. Chicken : Brood
Choose analogous pair:  Traffic : Road,A. Aeroplane : Aerodrome,B. Roots : Tree,C. Blood : Veins,D. Car : Garage,C. Blood : Veins
Choose analogous pair:  Fox : Cunning,A. Cat : Playful,B. Horse : Runner,C. Vixen : Cute,D. Ant : Industrious,D. Ant : Industrious
Choose analogous pair:  Cloth : Texture,A. Body : Weigh,B. Silk : Cloth,C. Wood : Grains,D. Ornaments : Gold,C. Wood : Grains
Choose analogous pair:  Stare : Glance,A. Gulp : Sip,B. Confide : Tell,C. Hunt : Stalk,D. Step : Walk,A. Gulp : Sip
Choose analogous pair:  Crown : Royal,A. Throne : Regal,B. Wrap : Ermine,C. Pen : Author,D. Crucifix : Religion,D. Crucifix : Religion
Choose analogous pair:  Pesticied : Plant,A. Injection : Disease,B. Vaccination : Body,C. Medicine : Cure,D. Teacher : Student,B. Vaccination : Body
Choose analogous pair:  Canvas : Painter,A. Leather : Shoe,B. Chisel : Wood,C. Marble : Sculptor,D. Hammer : Carpenter,C. Marble : Sculptor
Choose analogous pair:  Fish : Shoal,A. Shark : School,B. Whale : Herd,C. Elephant : Flock,D. Audience : Theatre,A. Shark : School
Choose analogous pair:  Theft : Confess,A. Fight : Dare,B. Fault : Admit,C. Murder : Commit,D. Mistake : Agree,B. Fault : Admit
Choose analogous pair:  Chaff : Wheat,A. Bone : Flesh,B. Blood : Vein,C. Dregs : Wine,D. Rubbish : House,C. Dregs : Wine
Choose analogous pair:  Shield : Soldier,A. Law : Court,B. Stethoscope : Doctor,C. Helmet : Rider,D. Book : Rider,C. Helmet : Rider
Choose analogous pair:  Balance : Weigh,A. Aeroplane : Height,B. Radar : Detection,C. Satellite : Revolution,D. Television : Picture,B. Radar : Detection
Choose analogous pair:  Cereals : Grit,A. Dal : Pulses,B. Milk : Sugar,C. Pulses : Metanil,D. Haldi : Turmeric,C. Pulses : Metanil
Choose analogous pair:  Cat : Mouse,A. Horse : Stable,B. Trap : Cheese,C. Bird : Worm,D. Lion : Cage,C. Bird : Worm
Choose analogous pair:  Teeth : Chew,A. Mind : Think,B. Sweater : Heat,C. Food : Taste,D. Eyes : Flicker,A. Mind : Think
Choose analogous pair:  Triangle : Hexagon,A. Cone : Sphere,B. Rectangle : Octagon,C. Pentagon : Heptagon,D. Angle : Quadrilateral,B. Rectangle : Octagon
Choose analogous pair:  Dusk : Night,A. Afternoon : Evening,B. Infant : Child,C. Walk : Run,D. Day : Light,B. Infant : Child
Choose analogous pair:  Crache : Infants,A. School : Pupils,B. Bedlam : Lunatics,C. Deck : Sailors,D. Cottage : Beggar,B. Bedlam : Lunatics
Choose analogous pair:  Badminton : Court,A. Hockey : Stick,B. Cricket : Bat,C. Skating : Rink,D. Football : Goal,C. Skating : Rink
Choose analogous pair:  Curtain : Drapery,A. Cockroach : Insect,B. Bedsheet : Bed,C. Pillow : Cushion,D. Mat : Floor,A. Cockroach : Insect
Choose analogous pair:  Birds : Aves,A. Fish : Water,B. Whale : Fish,C. Lizard : Insect,D. Man : Homo sapiens,D. Man : Homo sapiens
Choose analogous pair:  Elevated : Exalted,A. Dirty : Filthy,B. Disorderly : Unfaithful,C. Raise : Commensurate,D. Promoted : Excellence,A. Dirty : Filthy
Choose analogous pair:  Cells : Cytology,A. Worms : Ornithology,B. Insects : Entomology,C. Diseases : Physiology,D. Tissues : Morphology,B. Insects : Entomology
Choose analogous pair:  Yawn : Boredom,A. Anger : Madness,B. Dream : Sleep,C. Smile : Amusement,D. Impatience : Rebellion,C. Smile : Amusement
Choose analogous pair:  Surgeon : Scalpel,A. Musician : Instrument,B. Carpenter : Cabinet,C. Sculptor : Chisel,D. Baker : Oven,C. Sculptor : Chisel
Choose analogous pair:  Train : Track,A. Idea : Brain,B. Bullet : Barrel,C. Water : Boat,D. Fame : Television,B. Bullet : Barrel
Choose analogous pair:  Knife : Chopper,A. Walking : Fitness,B. Swim : Float,C. Scissors : Cloth,D. Quilt : Blanket,D. Quilt : Blanket
Choose analogous pair:  Defunct : Life,A. Stagnant : Motion,B. Orderly : Pattern,C. Arid : Desert,D. Obese : Weight,A. Stagnant : Motion
Choose analogous pair:  Embroider : Cloth,A. Patch : Quilt,B. Stain : Glass,C. Carve : Knife,D. Chase : Metal,D. Chase : Metal
Choose analogous pair:  Agenda : Meeting,A. Programme : Function,B. Performance : Ticket,C. Map : Scale,D. Footnote : Article,A. Programme : Function
Choose analogous pair:  Numismatist : Coins,A. Philatelist : Stamps,B. Jeweller : Jewels,C. Cartographer : Maps,D. Geneticist : Chromosomes,A. Philatelist : Stamps
Amorphousness is to Definition as Lassitude is to ___________?,A. Energy,B. Awareness,C. Uniformity,D. Companionship,A. Energy
Sweet is to Chocolate as Book is to __________?,A. Dictionary,B. Library,C. Encyclopaedia,D. Atlas,C. Encyclopaedia
Trumpet is to Band as Knife is to ___________?,A. Fork,B. Metal,C. Cutlery,D. Cut,C. Cutlery
Water is to Oxygen as Salt is to ___________?,A. Iron,B. Sodium,C. Calcium,D. Proteins,B. Sodium
Tempest is to Storm as Slim is to ___________?,A. Fat,B. Plump,C. Slender,D. Beautiful,C. Slender
Aluminium is to Bauxite as Iron is to __________?,A. Pyrite,B. Magnesite,C. Pyrolusite,D. Haematite,D. Haematite
Prairies is to North America as Downs is to __________?,A. Europe,B. Australia,C. Africa,D. India,B. Australia
Preface to Book as Overture is to __________?,A. Opera,B. Ballad,C. Novel,D. Symphony,A. Opera
Triff is to Battle as Frugal is to ____________?,A. Sprint,B. Vague,C. Miserly,D. Vital,C. Miserly
Truthfulness is to Liar as Loyalty is to ___________?,A. Worker,B. Traitor,C. Diligent,D. Faithful,B. Traitor
Buffalo is to Leather as Llama is to ___________?,A. Wool,B. Meat,C. Silk,D. Fur,C. Silk
Kilometre is to Distance as Poundal is to __________?,A. Density,B. Acceleration,C. Momentum,D. Force,D. Force
Chopper is to Meat as Spanner is to ___________?,A. Vegetables,B. Cakes,C. Nuts,D. Flesh,C. Nuts
Exculpate is to Acquit as Precise is to _________?,A. Concise,B. Conceal,C. Brief,D. Particular,D. Particular
Liquid is to Fluidity as Comedian is to _________?,A. Ridicule,B. Humour,C. Solemnity,D. Companion,B. Humour
Memorise is to Amnesia as Movement is to ___________?,A. Lubrication,B. Lethargy,C. Paralysis,D. Hermit,C. Paralysis
Zinc is to Galvanisation as Nickel is to _________?,A. Aircraft,B. Corrosion,C. Electroplating,D. Filament,C. Electroplating
Article is to Magazine as Sloka is to __________?,A. Ascetic,B. Veda,C. Recite,D. Book,B. Veda
Infra is to Heat as Ultraviolet is to __________?,A. Cancer,B. Blisters,C. Mutation,D. Ozone,A. Cancer
Magnalium is to Aluminium as Brass is to _________?,A. Lead,B. Magnesium,C. Iron,D. Copper,D. Copper
Sulphur is to Vulcanisation as Chlorine is to ____________?,A. Extraction,B. Bleaching,C. Metallurgy,D. Allotropy,B. Bleaching
Christians is to Burial as Hindus is to __________?,A. Murder,B. Cremation,C. Execution,D. Burn,B. Cremation
Food is to Fad as Religion is to ___________?,A. Crucification,B. Notion,C. Superstition,D. Mythology,C. Superstition
Exercise is to Obesity as Water is to __________?,A. Thirst,B. Alcohol,C. Drink,D. Purity,A. Thirst
Hear is to Deaf as Speak is to ___________?,A. Quiet,B. Silent,C. Mumb,D. Dumb,D. Dumb
Ladies is to Purse as Gents is to __________?,A. Bag,B. Pocket,C. Wallet,D. Case,C. Wallet
Burma is to Pagodas as Pakistan is to __________?,A. Rivers,B. Canals,C. Agriculture,D. Dams,B. Canals
Orange is to Peel as Tooth is to _________?,A. Gums,B. Clove,C. Enamel,D. Joints,C. Enamel
Bhakra is to Sutlej as Aswan is to _________?,A. Indus,B. Damodar,C. Volga,D. Nile,D. Nile
Insomnia is to Lead as Minamata is to _________?,A. Tobacco,B. Mercury,C. Alcohol,D. Chromium,B. Mercury
Venus is to Earth as Mercury is to ________?,A. Sun,B. Pluto,C. Mars,D. Moon,A. Sun
Sparrow is to Seed as Silkworm is to __________?,A. Silk,B. Maple,C. Mulberry,D. Pine,C. Mulberry
"If ”you have a finger in the pie”, you are _________ in something.",A. Interested,B. Involved,C. Puzzled,D. None of these,B. Involved
The idiom “To keeps one’s temper” means:,A. To become hungry,B. To be in good mood,C. T0 preserve ones energy,D. To be aloof from,B. To be in good mood
Algae is to Water as Virus is to?,A. Man,B. Host,C. Surroundings,D. Soil,B. Host
Cattle is to Fodder as Fish is to?,A. Hay,B. Insects,C. Feed,D. Plankton,D. Plankton
Latex is to Rubber as Flax is to?,A. Linen,B. Wool,C. Jute,D. Cotton,A. Linen
Alienation is to Enstrangement as Paranoia is to?,A. Inhibition,B. Behaviour,C. Persecution,D. Ego,C. Persecution
Book is to Publisher as Film is to?,A. Writer,B. Editor,C. Director,D. Producer,D. Producer
Infestation is to Food as Infection is to?,A. Germs,B. Diseases,C. Body,D. Microbes,C. Body
Ploughing is to Aeration as Manuring is to?,A. Fertile,B. Replenishment,C. Earthing,D. Agriculture,B. Replenishment
Insulin is to Hormone as Trypsin is to?,A. Juice,B. Liver,C. Enzyme,D. Digestion,C. Enzyme
Chapati is to Cook as Meat is to?,A. Boil,B. Fry,C. Bake,D. Roast,D. Roast
Milk is to Water as Ghee is to?,A. Vanaspati,B. Mustard Oil,C. Argemome,D. Cream,A. Vanaspati
Aseel is to Poultry as Salmon is to?,A. Cow,B. Camal,C. Fish,D. Horse,C. Fish
Steel is to Bokaro as Hosiery is to?,A. Madras,B. Patna,C. Vishakhapatnam,D. Ludhiana,D. Ludhiana
Denigrade is to Devalue as Upgrade is to?,A. Revalue,B. Praise,C. Promote,D. Demote,C. Promote
Hygrometer is to Humidity as Sphygmomanometer is to?,A. Pressure,B. Blood Pressure,C. Precipitation,D. Heart Beat,B. Blood Pressure
Amaranthus is to Weed as Bordeaux is to?,A. Insecticide,B. Weedicide,C. Germicide,D. Fungicide,D. Fungicide
Rickets is to Children as Osteomalacia is to?,A. Infants,B. Mother,C. Adults,D. Old,C. Adults
Pineapple is to Jelly as Tomato is to ?,A. Jam,B. Pury,C. Squash,D. Pickles,B. Pury
Constitution is to Amendment as Book is to?,A. Errata,B. Contents,C. Preface,D. Acknowledgement,A. Errata
Lotus is related to Cuticle in the same way as Fish is related to?,A. Scales,B. Gills,C. Tail,D. Wings,A. Scales
Boat is related to Sails in the same way as Balloon is related to?,A. Hot Air,B. Rope,C. Nylon,D. Rubber,A. Hot Air
Kindle is related to Burn in the same way as Angry is related to ……,A. Annoyed,B. Determined,C. Resentful,D. Furious,D. Furious
Topeworm is related to Taeniasis in the same way as Plasmodium is related to?,A. Malaria,B. Constipation,C. Diptheria,D. Diarrhoea,A. Malaria
Clue is related to Mystery in the same way as Warning is related to?,A. Disaster,B. Precaution,C. Risk,D. Danger,D. Danger
Vitro is related to Glass in the same way as Ligno is related to?,A. Marble,B. Metal,C. Rock,D. Wood,D. Wood
Leaf is related to Sap in the same way as Bone is related to?,A. Fluid,B. Blood,C. Marrow,D. Calcium,C. Marrow
What is related to Lapse in the same way as Session is related to?,A. Leave,B. Permit,C. Agency,D. Policy,D. Policy
Chlorophyll is related to Chloroplast in the same way as Vulture is related to?,A. Flesh,B. Wings,C. Air,D. Bird,D. Bird
Waves is related to Air in the same way as Ripples is related to?,A. Wind,B. Water,C. Storm,D. Smoke,B. Water
Rung is related to Ladder in the same way as Twig is related to?,A. Leaf,B. Flower,C. Tree,D. Bud,C. Tree
England is related to Ocean in the same way as Greenland is related to?,A. Pacific Ocean,B. Atlantic Ocean,C. Arctic Ocean,D. Antarctic Ocean,C. Arctic Ocean
Leisurely is related to Unhurried in the same way as Tardy is related to?,A. Sluggish,B. Dim,C. Dawdle,D. Sour,A. Sluggish
Jester is related to Fool in the same way as Larrikin is related to?,A. Dancer,B. Musician,C. Saint,D. Hooligan,D. Hooligan
Joule is related to Energy in the same way as Pascal is related to?,A. Volume,B. Pressure,C. Density,D. Purity,B. Pressure
Much is related to Many in the same way as Measure is related to?,A. Weigh,B. Measures,C. Calculate,D. Count,D. Count
Afghanistan is related to Kabul in the same way as Austria is related to?,A. Airana,B. Tirana,C. Vienna,D. None of these,C. Vienna
Grain is related to Granary in the same way as Curios is related to?,A. Archives,B. Museum,C. Library,D. Zoo,B. Museum
Orthopaedist is related to Bones in the same way as Chiropodist is related to?,A. Nails,B. Sounds,C. Feet,D. Heart,C. Feet
Inch is related to Centimetre in the same way as Pint is related to?,A. Litre,B. Volume,C. Gallon,D. Viscosity,C. Gallon
Honey is related to Wax in the same way as Milk is related to?,A. Cow,B. Leather,C. Eggs,D. Butter,B. Leather
Rhythm is related to Music in the same way as Design is related to?,A. Symmetry,B. Architect,C. Beauty,D. Building,D. Building
Patrol is related to Security in the same way as Insurance is related to?,A. Money,B. Protection,C. Policy,D. Finance,B. Protection
Helm is related to Rudder in the same way as Brain is related to?,A. Heart,B. Ribs,C. Limbs,D. Body,D. Body
Poison is related to Socrates in the same way as Crucification is related to?,A. Jesus,B. Christians,C. Aristotle,D. Church,A. Jesus
Crumb is related to Bread in the same way as Morsel is related to?,A. Fruit,B. Biscuit,C. Food,D. Cake,C. Food
Forfeit is related to Surrender in the same way as Remit is related to?,A. Perceive,B. Confiscate,C. Exempt,D. Cancel,D. Cancel
Boat is related to Oar in the same way as Bicycle is related to?,A. Chain,B. Pedal,C. Road,D. Wheel,B. Pedal
Door is related to Bang in the same way as Chain is related to?,A. Thunder,B. Clinch,C. Tinkle,D. Clank,D. Clank
Hong Kong is related to China in the same way as Vatican is related to?,A. Canada,B. Mexico,C. North America,D. Rome,D. Rome
Taj Mahal is related to Love in the same way as Jallianwala is related to?,A. Amritsar,B. Martyrdom,C. War,D. Punjab,B. Martyrdom
Water is related to Ocean in the same way as Snow is related to?,A. Peaks,B. Hail,C. Glacier,D. Mountain,C. Glacier
Librariance is related to Books in the same way as Bankers is related to?,A. Customers,B. Banks,C. Money,D. Creditors,C. Money
Symphony is related to Composer in the same way as Fresco is related to?,A. Painter,B. Inventor,C. Singer,D. Writer,A. Painter
Ostrich is related to Antelope in the same way as Egret is related to?,A. Cow,B. Buffalo,C. Camel,D. Zebra,B. Buffalo
Trigonometry is related to Triangles in the same way as Mensuration is related to?,A. Geometry,B. Circles,C. Areas,D. Polygons,C. Areas
Blood is related to Circulation in the same way as Hormone is related to?,A. Egestion,B. Control,C. Coordination,D. Digestion,C. Coordination
Write is related to Reader in the same way as Producer is related to?,A. Seller,B. Consumer,C. Creator,D. Contractor,B. Consumer
Man is related to Arms in the same way as Cockroach is related to?,A. Wings,B. Pseudopodia,C. Legs,D. Antennae,D. Antennae
Transistor is related to Radio in the same way as Television is related to?,A. Entertainment,B. Cinema,C. Video,D. Cassette,B. Cinema
Cobra is related to Snake in the same way as Leopard is related to?,A. Tiger,B. Lion,C. Cat,D. Zebra,C. Cat
Green Revolution is related to Plants in the same way as Silver Revolution is related to?,A. Poultry,B. Rubber,C. Animals,D. Forest,C. Animals
Pride is related to Humility in the same way as Desire is related to?,A. Wish,B. Hate,C. Suppress,D. Indifference,B. Hate
Face is related to Expression in the same way as Hand is related to?,A. Waving,B. Handshake,C. Work,D. Gesture,D. Gesture
Umbrella is related to Rain in the same way as Goggles is related to?,A. Light,B. Glare,C. Stare,D. Sight,B. Glare
Land is related to Cape in the same way as Water is related to?,A. Strait,B. Lagoon,C. Bay,D. Island,C. Bay
What is related to Graduate in the same way as Cassock is related to?,A. Cap,B. Tie,C. Coat,D. Gown,D. Gown
Labourer is related to Wages in the same way as Entrepreneur is related to?,A. Loan,B. Interest,C. Taxes,D. Profit,D. Profit
Charminar is related to India in the same way as Sphinx is related to?,A. England,B. Canada,C. Egypt,D. Vatican,C. Egypt
Teeth is related to Grit in the same way as Fist is related to?,A. Blow,B. Hand,C. Open,D. Clench,D. Clench
DDT is related to Abbreviation in the same way as LASER is related to?,A. Antithesis,B. Acronym,C. Epigram,D. Epithet,B. Acronym
Distil is related to Whisky in the same way as Brew is related to?,A. Ferment,B. Gin,C. Beer,D. Sugar,C. Beer
Summit is related to Apex in the same way as Summon is related to?,A. Court,B. Judge,C. Witness,D. Backon,D. Backon
Bull is related to Draught in the same way as Cow is related to?,A. Livestock,B. Milch,C. Farm,D. Fodder,B. Milch
South is related to North-West in the same way as West is related to?,A. South-West,B. East,C. North-East,D. South,C. North-East
Palm is related to Hand in the same way as Sole is related to?,A. Leg,B. Ankle,C. Knee,D. Foot,D. Foot
Jesus is related to Christians in the same way as Zoroaster is related to?,A. Jews,B. Parsis,C. Tribals,D. Catholics,B. Parsis
Hygienic is related to Polluted in the same way as Knowing is related to?,A. Ingenuous,B. Uncommon,C. Secret,D. Sagacious,A. Ingenuous
Institute is related to Academy in the same way as Decree is related to?,A. Blame,B. Court,C. Judge,D. Mandate,D. Mandate
Borrower is related to Loan in the same way as Beggar is related to?,A. Alms,B. Mercy,C. Money,D. Gift,A. Alms
Satyajit is related to Films in the same way as Picasso is related to?,A. Literature,B. Drama,C. Poetry,D. Painting,D. Painting
Oriya is related to Orissa in the same way as Dogri is related to?,A. Himachal Pradesh,B. Sikkim,C. Jammu,D. Assam,C. Jammu
Neck is related to Tie in the same way as Waist is related to?,A. Watch,B. Belt,C. Ribbon,D. Shirt,B. Belt
Engineer is related to Machina in the same way as Doctor is related to?,A. Hospital,B. Body,C. Disease,D. Medicine,C. Disease
Estonia is related to Rouble in the same way as Chile is related to?,A. Dinar,B. Peso,C. Peseta,D. Franc,B. Peso
Indiscreet is related to Imprudent in the same way as Indisposed is related to?,A. Concerned,B. Crucial,C. Clear,D. Reluctant,D. Reluctant
Earth is related to Axis in the same way as Wheel is related to?,A. Tyre,B. Car,C. Road,D. Hub,D. Hub
Cat is related to Kitten in the same way as Fish is related to?,A. Fry,B. Fawn,C. Fin,D. Foal,A. Fry
Gravity is related to Pull in the same way as Magnetism is related to?,A. Repulsion,B. Separation,C. Attraction,D. Push,C. Attraction
Laugh is related to Joy in the same way as Cry is related to?,A. Child,B. Sad,C. Punishment,D. Sorrow,D. Sorrow
Statue is related to Shape in the same way as Song is related to?,A. Beauty,B. Sing,C. Tune,D. Poetry,C. Tune
Concert is related to Theatre in the same way as Banquet is related to?,A. Hotel,B. Party,C. Feast,D. Supper,A. Hotel
Street is related to Lane in the same way as Road is related to?,A. Footpath,B. Junction,C. Avenue,D. Highway,C. Avenue
Abduction is related to Kidnapping in the same way as Larceny is related to?,A. Theft,B. Crime,C. Blackmail,D. Sin,A. Theft
Horse is related to Hay in the same way as Cow is related to?,A. Leaves,B. Fodder,C. Milk,D. Straw,B. Fodder
Condolence is related to Loss in the same way as Congratulation is related to?,A. Praise,B. Achievment,C. Accusation,D. Reward,B. Achievment
Kilogram is related to Quintal in the same way as Paisa is related to?,A. Rupee,B. Coin,C. Wealth,D. Money,A. Rupee
Snowfall is related to Precipitation in the same way as Grotto is related to?,A. Throat,B. Castle,C. Cave,D. Fort,C. Cave
