questionText,options[0],options[1],options[2],options[3],correctAnswer
The___________ campaign was a counterinsurgency operation which was carried out by Ba’athist Iraq from February to September 1988 during the Iraqi–Kurdish conflict at the end of the Iran–Iraq War.,A. Anfal,B. Ahzab,C. Darul Badar,D. Boko Haram,A. Anfal
The book “Islamic bomb” Is written by: _____________?,A. Steve Weissman,B. Herbert Krosney,C. Both are Authors,D. None of These,C. Both are Authors
Who was the first Woman UN ambassador of Pakistan?,A. Tehmina Janjua,B. Maleeha Lodhi,C. Hina Rabbani Khar,D. Begum Ra’ana Liaquat Ali Khan,B. Maleeha Lodhi
"The Indus River originates in China, near:",A. Tianchi Lake,B. Tibetan Lake,C. Lake Manasarovar,D. None of these,C. Lake Manasarovar
Friendship Gate is located at _______________?,A. Tafitan Border,B. Zahidan Border,C. Chaman Border,D. Tokrkham Border,D. Tokrkham Border
Wakhan Corridor connects: _______________?,A. Pakistan and Tajikistan,B. Afghanistan and China,C. South Asia and Central Asia,D. All of Above,B. Afghanistan and China
Wakhan Corridor is in which province of Afghanistan?,A. Badakshian,B. Halmand,C. Kabul,D. Nooristan,A. Badakshian
What is the approximate height of Mount Vinson?,"A. 4,892 meters","B. 5,489 meters","C. 6,812 meters","D. 7,134 meters","A. 4,892 meters"
Wakhan Corridor scratches towards _________________?,A. West,B. East,C. South,D. North,B. East
Pakistan Gate is the border between Pakistan and ____________?,A. Afghanistan,B. India,C. Iran,D. China,C. Iran
Which continent was historically referred to as the ‘Dark Continent’?,A. Europe,B. Africa,C. Asia,D. Australia,B. Africa
Who is the author of the Harry Potter book series?,A. J.R.R. Tolkien,B. George R.R. Martin,C. J.K. Rowling,D. C.S. Lewis,C. J.K. Rowling
What famous historic event is commemorated on July 4th in the United States?,A. Thanksgiving,B. Independence Day,C. Veterans Day,D. Labor Day,B. Independence Day
Continent Australia is also known as _____________?,A. Oceania,B. Godwin Austin,C. Pecific,D. Austria,A. Oceania
The last Shah of Iran was _____________??,A. Mohammad Reza Shah Pahlavi,B. Muhammad Ali Shah,C. Ahmed Shah,D.,A. Mohammad Reza Shah Pahlavi
Zymometer measures _______________?,A. fermentation,B. refractive index,C. humidity,D. None of These,A. fermentation
Philately is the study of _____________?,A. stamp collecting,B. languages,C. soils,D. None of These,A. stamp collecting
Pisciculture is the study of ______________?,A. fruits,B. mind,C. fish,D. None of these,C. fish
Telepathy is the study of ____________?,A. minds,B. emotions,"C. communication between two minds at a distance with the help of emotions, thoughts and feelings",D. None of these,"C. communication between two minds at a distance with the help of emotions, thoughts and feelings"
National Flower and National Emblem of Japan is ______________?,A. Chrysanthemum,B. Corn Flower,C. Shamrock,D. None of these,A. Chrysanthemum
Official Books of Germany and China are called ______________?,A. White Books,B. Grey Books,C. Green Books,D. None of these,A. White Books
Official Books of Japan and Belgium are called ___________?,A. White Books,B. Grey Books,C. Orange Books,D. None of these,B. Grey Books
National Flower of Germany is ______________?,A. Maple Leaf,B. Lotus,C. Corn Flower,D. None of these,C. Corn Flower
Official Book of Netherlands is called ____________?,A. White Book,B. Grey Book,C. Orange Book,D. None of these,C. Orange Book
Official Book of Italy is called __________?,A. Blue Book,B. Green Book,C. Grey Book,D. None of these,B. Green Book
Official Book of UK is called _____________?,A. Orange Book,B. Green Book,C. Blue Book,D. None of these,C. Blue Book
Cryptography is study of _______________?,A. Secret Writing,B. Skulls,C. Cells,D. None of these,A. Secret Writing
On which river Diamer Bhasha dam is being constructed?,A. Chenab,B. Indus,C. Jhelum,D. Ravi,B. Indus
Which Pakistani city is known as the “City of Saints”?,A. Lahore,B. Multan,C. Karachi,D. Faisalabad,B. Multan
Which Pakistani city hosts the annual Cholistan Desert Rally?,A. Bahawalpur,B. Multan,C. Sukkur,D. Sahiwal,A. Bahawalpur
Which is the first digital census held in Pakistan?,A. 2017,B. 2020,C. 2023,D. 2022,C. 2023
PNSC STAND FOR?,A. Pakistan Native Shipping cooperation,B. Pakistan Navy Shipping corporation,C. Pakistan National Shipping Corporation,D. Pakistan Northern Southern cooperation,C. Pakistan National Shipping Corporation
What is the Capital of Myanmar (Burma) ?,A. Yangon,B. Mandalay,C. Sagaing,D. Nypyidaw,D. Nypyidaw
The theme for International Women’s Day 2025 is ______________?,A. Inspire Inclusion,B. Digital All: Innovation and Technology for Gender equality,C. For ALL Women and Girls: Rights. Equality. Empowerment,D. None of These,C. For ALL Women and Girls: Rights. Equality. Empowerment
International Women’s Day is celebrated each year on_____________?,A. 12 March,B. 16 March,C. 6 March,D. 8 March,D. 8 March
"In Pakistan, banks deduct Zakat on the  ________ each year.",A. 1st Rajab,B. 15 Shaban,C. 1st Ramzan,D. 2nd Zilhajj,C. 1st Ramzan
When did Pakistan join SEATO?,A. 1953,B. 1954,C. 1956,D. None of these,B. 1954
Who is the author of “Diplomatic Footprints”?,A. G.W. Chaudhry,B. Aizaz Ahmad Chaudhry,C. Shuja Nawaz,D. None of these,B. Aizaz Ahmad Chaudhry
Afghanistan – Pakistan Transit Trade Agreement (APTTA) was signed on:,"A. 28 July, 2008","B. 28th July, 2009","C. 28th July, 2010",D. None of these,"C. 28th July, 2010"
Gwadar Port is operated by:,A. Gwadar Port Authority,B. Port of Singapore Authority,C. China Overseas Port Holding Company,D. None of these,C. China Overseas Port Holding Company
Who is the author of “Pakistan: A Modern History”?,A. Anatol Lieven,B. Ian Talbot,C. Lawrence Ziring,D. None of these,B. Ian Talbot
The Geneva Accords were signed on:,"A. 14 May, 1988","B. 14th April, 1988","C. 14th June, 1988",D. None of these,"B. 14th April, 1988"
Pakistan and Tajikistan are separated by:,A. Durand Line,B. Wakhan Corridor,C. Amu Darya,D. None of these,B. Wakhan Corridor
The Strategic Arms Limitation Treaty (SALT-I) was signed in:,A. 1973,B. 1971,C. 1972,D. None of these,C. 1972
NATO was formed in:,A. 1948,B. 1949,C. 1950,D. None of these,B. 1949
The Second World War began with Germany’s attack on:,A. Austria,B. Poland,C. Russia,D. None of these,B. Poland
The Covid-19 was officially declared a global pandemic by the WHO in: ____________?,A. January 2020,B. March 2020,C. May 2020,D. None of these,B. March 2020
Which forced United States to join World War II?,A. The Invasion of Poland,B. Attack on Pearl Harbour,C. The D-Day Invasion,D. None of these,B. Attack on Pearl Harbour
Which European country is known as the “Land of Thousand Lakes”?,A. Norway,B. Iceland,C. Finland,D. None of these,C. Finland
British constitution can be amended through ______ majority.,A. Two-Third,B. Three-Fourth,C. One-Two,D. None of these,D. None of these
The Book ‘Pakistan’s Security and The India-US Strategic Partnership’ was written by:,A. Hassan Askari,B. Zafar Nawaz Jaspal,C. Shahid Bukhari,D. None of these,C. Shahid Bukhari
The Book ‘Pakistan Political and Constitutional Engineering’ was written by:,A. Hassan Askari,B. Ilhan Niaz,C. Mahboob Ahmad,D. None of these,A. Hassan Askari
When did Dr. Muhammad Yunus won the Nobel Prize?,A. 1996,B. 2006,C. 2009,D. None of these,B. 2006
Which one is the fastest sinking city in the world_________?,A. Manila,B. Shanghai,C. Jakarta,D. New Delhi,C. Jakarta
Which country hosted the Champion trophy 2025?,A. Pakistan,B. India,C. Australia,D. England,A. Pakistan
The first camel hospital of the world is situated in the city of __________?,A. Karachi,B. Dubai,C. Dhaka,D. Tokyo,B. Dubai
Warsaw pact was signed in __________ year?,A. 1950,B. 1955,C. 1960,D. 1965,B. 1955
Who was the first scientist to successfully measure the speed of light using observations of Jupiter’s moon Io?,A. Galileo Galilei,B. Isaac Newton,C. Ole Rømer,D. Albert Einstein,C. Ole Rømer
The Doha agreement was signed between US and Taliban in: _________?,A. February 2020,B. January2020,C. March 2020,D. April 2020,A. February 2020
World war II was outbreak due to the attack of Germany on ____________?,A. France,B. Canada,C. Poland,D. Russia,C. Poland
When was second OIC Summit Conference held?,A. 1974,B. 1977,C. 1979,D. None above,A. 1974
Pakistan officially joined the United Nations (UN) on ___________?,A. 30 October 1947,B. 30 September 1947,C. 30 August 1947,D. 30 March 1948,B. 30 September 1947
Socrates was born in: _______________?,A. 469 BC,B. 569 BC,C. 500 BC,D. 369 BC,A. 469 BC
What country used a tank first?,A. UK,B. USA,C. India,D. France,A. UK
Who was the viceroy of India during the WWII?,A. Louis Francis Albert Victor Nicholas Mountbatten,"B. Victor Alexander John Hope, Marquess of Linlithgow","C. Major Freeman Freeman-Thomas, Marquess of Willingdon","D. Frederic John Napier Thesiger, Viscount Chelmsford","B. Victor Alexander John Hope, Marquess of Linlithgow"
What is the theme of World Cancer Day 2025?,A. Close the Care Gap,B. United by Unique,C. I Am and I Will,D. Together We Can,B. United by Unique
The World Cancer Day (WCD) is observed every year on_________?,A. 1st February,B. 2nd February,C. 3rd February,D. 4th February,D. 4th February
What is the Total Height of K-2 Peak ?,A. 8210 meter,B. 8410 meter,C. 8611 meter,D. 8511 meter,C. 8611 meter
Smallest Republic of the world is___________?,A. Indonesia,B. Nauru,C. Vatican,D. None of these,B. Nauru
The largest state in terms of population is___________?,A. USA,B. USSR,C. India,D. China,C. India
Ctrl +U is used for ____________________?,A. underline,B. italic,C. bold,D. none,A. underline
The Largest Producer of Electricity in the Islamic World is______________________?,A. Saudi Arabia,B. Pakistan,C. Uzbekistan,D. Turkey,A. Saudi Arabia
Warsa pact was dissolved in _____________?,A. 1991,B. 1990,C. 1980,D. 1970,A. 1991
Which species is notably found in the Arabian Sea’s waters?,A. Blue Whale,B. Green Sea Turtle,C. Dugong,D. All of the above,D. All of the above
When did the Indian Constitution come into effect?,A. 15th August 1947,B. 26th January 1950,C. 15th August 1950,D. 26th January 1947,B. 26th January 1950
Which river flows near Moenjodaro and Larkana?,A. Jhelum,B. Chenab,C. Indus,D. Ravi,C. Indus
What is Larkana widely known as _________?,A. The City of Saints,B. The City of Gardens,C. The Eden of Sindh,D. The Land of Moenjodaro,C. The Eden of Sindh
In which Olympic Games did Pakistan win its second hockey gold medal?,A. 1964 Tokyo,B. 1968 Mexico City,C. 1972 Munich,D. 1984 Los Angeles,B. 1968 Mexico City
Author of book “Hard Choices” is ___________?,A. Barack Obama,B. Hillary Clinton,C. Bill Clinton,D. Al Gore,B. Hillary Clinton
Who is the Current Vice President of United States?,A. John Kerry,B. James David Vance (J.D Vance),C. Mike Pence,D. Kamala Harris,B. James David Vance (J.D Vance)
who was the author of first pushto novel?,A. Sher Zaman Tayezi,B. Syed Rasool Rasa,C. Rahat Zakheli,D. Hafiiz Idreed,C. Rahat Zakheli
"On 1961,Which flower was declared the national flower of Pakistan?",A. Rose,B. Jasmine,C. Sunflower,D. Lotus,B. Jasmine
When did Gilgit Baltistan gain independence ?,A. 1ST November 1948,B. 1ST November 1949,C. 1ST November 1947,D. 1ST November 1946,C. 1ST November 1947
Which is the Parent Company of TikTok?,A. Tencent,B. ByteDance,C. Alibaba,D. Baidu,B. ByteDance
Which is the national bird of Pakistan ?,A. Markhor,B. Parrot,C. Pigeon,D. Chakor,D. Chakor
National Reptile of Pakistan is_________?,A. Rho fish,B. Indus dolphin,C. Mugger Crocodile,D. All of these,C. Mugger Crocodile
Which two countries does the Wakhan Corridor separate?,A. Afghanistan and China,B. Tajikistan and Pakistan,C. Afghanistan and Iran,D. Pakistan and India,B. Tajikistan and Pakistan
What is the Wakhan Corridor?,A. A region in Pakistan’s Punjab province,"B. A thin, mountainous strip in Afghanistan’s northeastern Badakhshan province",C. A disputed territory between India and Pakistan,D. A valley in the northern part of India,"B. A thin, mountainous strip in Afghanistan’s northeastern Badakhshan province"
Which one of the following is the Saltiest Ocean in the world?,A. Atlantic Ocean,B. Pacific Ocean,C. Indian Ocean,D. Artic Ocean,A. Atlantic Ocean
"The President of the 79th UN General Assembly, Philemon Yang belong to belongs to which country ?",A. North Korea,B. South Korea,C. Cameroonian,D. Portugal,C. Cameroonian
In which type of climate are coniferous forests found?,A. Savana,B. Mediterranean,C. Siberian,D. Hot desert,C. Siberian
The Current Secretary-General of the United Nations (UN) is: _________?,A. Kofi Annan,B. Ban Ki-Moon,C. António Guterres,D. Boutros Boutros-Ghali,C. António Guterres
What type of earthquakes occur in the Himalayan region?,A. Volcanic earthquakes,B. Tectonic earthquakes,C. Collapse earthquakes,D. Human-induced earthquakes,B. Tectonic earthquakes
Which city in the Himalayan region is considered to be at high risk of earthquake damage,A. Kathmandu,B. New Delhi,C. Lahore,C. Dhaka,B. New Delhi
Arabian desert is in ____________.?,A. Eastern Asia,B. Eastern Africa,C. Eastern Europe,D. Western Asia,D. Western Asia
Treaty of Waitangi Was singed by _________ and the British Crown?,A. European,B. Mangols,C. Maori Chiefs,D. None of These,C. Maori Chiefs
Treaty of Waitangi Was singed in ____________?,A. 1970,B. 1709,C. 1840,D. None of These,C. 1840
Gibraltar Strait connect the Atlantic Ocean and ____________?,A. The Red Sea,B. The Mediterranean Sea,C. The Atlantic Ocean,D. Sea of Marmara,B. The Mediterranean Sea
Which of the following is Currency of China?,A. Yuan,B. Yen,C. Dinar,D. Rupee,A. Yuan
A person who has been unusual habits is ___________?,A. Eccentric,B. Misogynist,C. Misogamist,D. None,A. Eccentric
Where is tower bridge located ?,A. London,B. Peris,C. Glasgow,D. Liverpool,A. London
When is Nelson Mandela’s day celebrated?,A. July 17th,B. July 18th,C. July 19th,D. July 20th,B. July 18th
The name of Turkish currency is _________?,A. Takka,B. Riyal,C. Lira,D. None,C. Lira
Cape Drastis Beach is located in __________?,A. Spain,B. Greece,C. Germany,D. Uk,B. Greece
Hvar Beach is located in ___________?,A. Spain,B. Greece,C. Croatia,D. USA,C. Croatia
Psephology is the scientific study of: _____________?,A. Human Brain,B. Beekeeping,C. Elections,D. Wars,C. Elections
"In about 500 B.C., the city of Taxila was the center of:__________?",A. Gandhara civilization,B. Indus Valley civilization,C. Greek civilization,D. Persian civilization,A. Gandhara civilization
DIET is the parliament of which country?,B. Japan,C. Jordan,D. Oman,D. None of These,B. Japan
Who is the author of the book “Eating Grass: The Making of the Pakistani Bomb”?,A. Shuja Nawaz,B. Abdul Sattar,C. Brigadier(R) Feroz Hassan Khan,D. Bob Woodward,C. Brigadier(R) Feroz Hassan Khan
Book “Don’t Sweat the Small Stuff and It’s All Small Stuff” is written by:_____________?,A. Bob Woodward,B. David Page,C. Richard Carlson,D. James Clear,C. Richard Carlson
The ‘1954 Daigo Fukuryu Maru’ incident is related to: __________?,A. The United States Atomic Bomb Attack on Nagasaki,B. The United States Castle Bravo thermonuclear weapon test at Bikini Atoll,C. The First Atomic Bomb Test by United States,D. The Fukushima accident in nuclear power plant in Japan,B. The United States Castle Bravo thermonuclear weapon test at Bikini Atoll
The ‘Daigo Fukuryu Maru’ incident occured in: __________?,A. 1945,B. 1948,C. 1950,D. 1954,D. 1954
"Book “War”, recently released on October 15, 2024, is written by: ___________?",A. Josef Korbel,B. Bob Woodward,C. George S. Patton,D. Barack Obama,B. Bob Woodward
Which is the Oldest University of Pakistan?,"A. University of the Punjab, Lahore","B. University of Agriculture, Faisalabad","C. Sindh Madressatul Islam University, Karachi",D. None of These,"A. University of the Punjab, Lahore"
The famous ‘Tower of the Reformer’ is located in: ___________?,A. Guatemala City,B. Singapore City,C. Kuwait City,D. Mexico City,A. Guatemala City
Who wrote the book ” World Order”?,A. Karl Marx,B. Henry Kissinger,C. Francis Fukuyama,D. Bertrand Russell,B. Henry Kissinger
Which is the least visited country in the world?,A. Tuvalu,B. Maldives,C. Nauru,D. Bhutan,A. Tuvalu
An American air defense system “THAAD” stands for ____________?,A. Territory High Altitude Air Deception,B. Terminal High Altitude Area Defense,C. Territorial High Ariel Across Defense,D. Tight High Altitude Area Direction,B. Terminal High Altitude Area Defense
Book “War As I Knew It” was written by: ____________?,A. Gen S. Patton,B. Gen Parvez Musharraf,C. Leo Tolstoy,D. Jimmy Carter,A. Gen S. Patton
Book ‘The Scarlet Sword’ is written by: __________?,A. Herbert Ernest Bates,B. David Page,C. Alastair Lamb,D. Patrick Balfour,A. Herbert Ernest Bates
When was the ‘Convention on Cluster Munitions’ adopted?,A. 2000,B. 2004,C. 2008,D. 2012,C. 2008
Peace Memorial Park in Japan was built in the memory of: ____________?,A. WW-II Survivors,B. Atomic Bomb Victims,C. WW-II Victims,D. Atomic Bomb Survivors,B. Atomic Bomb Victims
Peace Memorial Park is located in which country?,A. China,B. Russia,C. Japan,D. France,C. Japan
‘Soumaya Museum’ is located in: ___________?,A. Washington D. C.,B. Mexico City,C. Singapore City,D. Ottawa,B. Mexico City
How many member countries are there in the Shanghai Cooperation Organisation (SCO)?,A. 7 members,B. 8 members,C. 9 members,D. 10 members,D. 10 members
Who is the author of the book “Prelude to Partition: The Indian Muslims and the Imperial System of Control”?,A. Dr. David Page,B. Shuja Nawaz,C. Alastair Lamb,D. William Crawley,A. Dr. David Page
‘Wind Sculpture in Bronze’ is the artwork of: _________?,A. Yinka Shonibare,B. Edvard Munch,C. Vincent van Gogh,D. Jackson Pollock,A. Yinka Shonibare
"The theme for the International Day of the Girl Child celebrated on 11th October, 2024 was ___________-?",A. Girls’ Vision for the future,B. Girls’ foundation of the world,C. Girls’ An agent of Change,D. Girls’ Ambassadors of Peace,A. Girls’ Vision for the future
The International Day of the Girl Child is celebrated every year on ___________?,A. 11th July,B. 11th August,C. 11th September,D. 11th October,D. 11th October
What is the theme of World Mental Health Day 2024?,A. Mental Health at Work,B. Mental Health Matters Much,C. Prefer Mental Health,D. Mental health is a universal human right,A. Mental Health at Work
World Mental Health Day is observed every year on _____________?,A. 10 July,B. 10 August,C. 10 September,D. 10 October,D. 10 October
"World’s first YouTube video was uploaded by its Co-founder ‘Jawed Karem’ in April 23, 2005 ,with the name: ___________?",A. Hello ! Here I am.,B. Hey! It’s your World,C. Did you tube it?,D. Me at the Zoo,D. Me at the Zoo
"World’s first YouTube video was Uploaded in April ,2005 by ____________?",A. Jack Ma,B. Ali Baba,C. Lady Gaga,D. Jawed Karim,D. Jawed Karim
World Post Day is observed each year on___________?,A. 8th October,B. 9th October,C. 10th October,D. 11th October,B. 9th October
Pakistan’s Highest mountain range K2. The second highest mountain in Pakistan is: __________?,A. Nanga Parbat,B. Gasherbrum I,C. Broad Peak,D. Rakaposhi,A. Nanga Parbat
"The Theme for World Smile Day Celebrated on 6th October, 2024 was ___________?",A. A Person may Smile and Smile; Yet be a Villain,B. Smile Now or Never,C. DO an act of Kindness. Help one Person Smile,"D. Have a big laugh ,Gentle Smile and Move on in life",C. DO an act of Kindness. Help one Person Smile
Which day is observed as World Cotton Day?,A. 6th October,B. 7th October,C. 8th October,D. 9th October,B. 7th October
World Teachers’ Day is celebrated on_______________?,A. 20th October,B. 15th January,C. 10th October,D. 5th October,D. 5th October
Who is author of the book “Incomplete Partition: The Genesis of the Kashmir Dispute”?,A. Alastair Lamb,B. Shuja Nawaz,C. Mathew Hull,D. Khursheed Kamal Aziz,A. Alastair Lamb
Which of the following country is the smallest by area?,A. Vatican city,B. Monaco,C. Nauru,D. Tuvalu,A. Vatican city
What is associated with DOLLMEN?,A. Country,B. Statue,C. Stone,D. Cloth,C. Stone
National Day of China is: ___________?,A. September 30,B. October 1,C. October 5,D. September 25,B. October 1
The World Tourism Day observed every year on _________?,A. 25th September,B. 26th September,C. 27th September,D. 28th September,C. 27th September
When Human Rights Watch (HRW) adopted its current name “HRW”?,A. 1975,B. 1978,C. 1988,D. 1981,C. 1988
Human Rights Watch (HRW) was founded in 1978 as: _____________?,A. Washington Watch,B. Helsinki Watch,C. Rights Watch,D. Discriminated Community Watch,B. Helsinki Watch
Which is the deepest lake of the world ?,A. Lake Baikal,B. Caspian Lake,C. Wular Lake,D. Lake Victoria,A. Lake Baikal
Pearl of Indian Ocean is called?,A. India,B. Maldives,C. Sri Lanka,D. Bhutan,C. Sri Lanka
What is the national game of Pakistan?,A. hockey,B. Tennis,C. Cricket,D. Archery,A. hockey
The Security Council originally consisted of 11 members. When was an amendment to the UN Charter made to increase Security council membership to 15?,A. 1965,B. 1960,C. 1970,D. 1972,A. 1965
Which is the Independence Day of Brazil?,A. August 7,B. September 7,C. October 7,D. December 7,B. September 7
"Who wrote the book ‘Ayub, Bhutto, and Zia’?",A. Atif Ali chuahan,B. Sayad Shabbir Hussain,C. Ayesha jalal,D. none of these,B. Sayad Shabbir Hussain
Incheon International Airport is located in: ____________?,A. North Korea,B. China,C. South Korea,D. Taiwan,C. South Korea
The highest mountains range of the world is known as ___________?,A. The Andes,B. The Himalayas,C. The Hindu-Kush,D. The Karakoram,B. The Himalayas
PTI is the news agency of __________?,A. India,B. Pakistan,C. Nepal,D. Russia,A. India
QNA is the news agency of __________?,A. Qatar,B. Kuwait,C. Jordon,D. Bahrain,A. Qatar
‘Starry Night’ (1889) is the painting of:___________?,A. Vincent Van Gogh,B. Leonardo Da Vinci,C. Johannes Vermeer,D. Pablo Picasso,A. Vincent Van Gogh
"The Book ‘Government of Paper The Materiality of Bureaucracy in Urban Pakistan’, is written by:___________?",A. Shuja Nawaz,B. Mathew Hull,C. Tariq Ali,D. Kenneth M. Pollack,B. Mathew Hull
Book “Asia and Europe” is written by: _____________?,A. Meredith Townsend,B. Shuja Nawaz,C. Tariq Ali,D. Steve Spencer,A. Meredith Townsend
Where is SCO’s standing body the “Executive Committee of the Regional Anti-Terrorist Structure (RATS)” based?,A. Shanghai,B. Delhi,C. Moscow,D. Tashkent,D. Tashkent
RAWA stands for: ___________?,A. Revolutionary Association of the Women of Afghanistan,B. Revolutionary Afghan Women Association,C. Right Activist Women of Afghanistan,D. Regional Association of Women of Afghanistan,A. Revolutionary Association of the Women of Afghanistan
Which one of the following is the largest freshwater island in the world?,A. Manitoulin Island,B. Santorini Island,C. Sumatra Island,D. Capri Island,A. Manitoulin Island
Which Central Asian Republic touches the border of other central Asian Republic?,A. Tajikistan,B. Pakistan,C. Uzbekistan,D. All of them,C. Uzbekistan
‘Astro Turf’ is a term related to which sports: _________?,A. Cricket,B. Tennis,C. Hockey,D. None of These,C. Hockey
‘Burning Man’ is a Festival celebrated in __________?,A. Poland,B. USA,C. Brazil,D. Spain,B. USA
The deepest place in the Indian Ocean is_____?,A. Mariana Trench,B. Puerto Rico Trench,C. Diamantina  Trench,D. Java Trench,D. Java Trench
Saba is the news agency of _________.,A. Indonesia,B. Syria,C. Yemen,D. Jordan,C. Yemen
SANA is the news agency of _________.,A. Saudi Arabia,B. UAE,C. Syria,D. Yemen,C. Syria
YONHAP is the news agency of __________?,A. SOUTH KOREA,B. NORTH KOREA,C. TAIWAN,D. NEPAL,A. SOUTH KOREA
XINHUA is the news agency of __________?,A. CHINA,B. KOREA,C. SINGAPORE,D. BANGLADESH,A. CHINA
VNA is the news agency of ___________?,A. vietnam,B. nigeria,C. argentia,D. algeria,A. vietnam
SLENA is the news agency of ________?,A. Sierra Leone,B. Norway,C. Bulgaria,D. Rome,A. Sierra Leone
SPA is the news agency of __________?,A. Saudi Arabia,B. US,C. UAE,D. Bangladesh,A. Saudi Arabia
TAP is the news agency of ___________?,A. Tunisia,B. Russia,C. Britain,D. Pakistan,A. Tunisia
TT is the news agency of ___________-?,A. Sweden,B. India,C. Uk,D. Qatar,A. Sweden
SAPA is the news agency of _________?,A. South Africa,B. Sweden,C. Ukraine,D. Finland,A. South Africa
PPI is the news agency of ____________?,A. Pakistan,B. India,C. Nepal,D. Russia,A. Pakistan
PNA is the news agency of ________?,A. Philippines,B. Britain,C. united states,D. Croatia,A. Philippines
Petra is the news agency of ________?,A. jordon,B. austria,C. bulgaria,D. india,A. jordon
PAP is the news agency of ________?,A. Philippines,B. Poland,C. Norway,D. China,B. Poland
ONA is the news agency of __________?,A. Oman,B. Portugal,C. India,D. China,A. Oman
NTB is the news agency of __________?,A. Norway,B. Britain,C. Poland,D. Russia,A. Norway
Notimex is the news agency of ____________?,A. Canada,B. Norway,C. nether land,D. Mexico,D. Mexico
NAN is the news agency of ___________?,A. Chad,B. Nigeria,C. Netherlands,D. Sweden,B. Nigeria
MAP is the news agency of _________?,A. Malaysia,B. Malawi,C. Morocco,D. none of these,C. Morocco
MENA is the news agency of _________?,B. Egypt,C. Iran,D. Saudi Arabia,,B. Egypt
LETA is the news agency of ___________?,A. lativa,B. egypt,C. norway,D. sweden,A. lativa
KUNA is the news agency of _________?,A. Pakistan,B. kuwait,C. india,D. iran,B. kuwait
The Secretariat of common wealth heads of government meeting (CHOGM) is at ___________?,A. London,B. Geneva,C. New York,D. Paris,A. London
ANSA( ageniza nazionale stampa associata) is the news agency of _______?,A. Italy,B. India,C. United states,D. Pakistan,A. Italy
ANGOP is the news agency of ___________?,A. austria,B. united states,C. france,D. angola,D. angola
ANA-MPA ( Athens France-press) is the news agency of ___________?,A. England,B. Greece,C. India,D. Cyprus,B. Greece
AAP (Australian Associated Press) is the news agency of ______________?,A. England,B. Italy,C. France,D. Australia,D. Australia
"Book, ‘The Assassins Gate: America in Iraq’, is written by: __________?",A. John J. Mearsheimer,B. Stephen Walt,C. George Packer,D. Fatima Bhutto,C. George Packer
Ujjain is state of ________Country.,A. USA,B. India,C. Indonesia,D. Myanmar,B. India
Which is the only country in the world in which there is Day in one Part and night in the other ?,A. Sweden,B. Norway,C. Russia,D. Ukraine,C. Russia
"in the _________, hindu kash range merges with pamir plateau.",A. east,B. west,C. north,D. south,C. north
some peaks of hindu kash range are higher than _________ meters in altitude.,A. 3000,B. 9000,C. 7000,D. 5000,D. 5000
the Hindu Kush range guards the____________ border of Pakistan.,A. west-eastern,B. east-southern,C. north-southern,D. north-western,D. north-western
"the _______ pass connects Chitral, Pakistan with Wakhan corridor in Afghanistan.",A. khunjerab,B. khyber,C. boroghil,D. gilgit,C. boroghil
the hindu kash range is a continuation of the __________range.,A. karakoram,B. himalaya,C. sulaiman,D. none of these,A. karakoram
The Hindu kush range extends westward into __________?,A. China,B. Afghanistan,C. India,D. Pakistan,B. Afghanistan
Iran is the ____member of the Shanghai Cooperation Organization (SCO)?,A. 8th,B. 6th,C. 9th,D. 7th,C. 9th
When did North Korea withdrew the NPT?,A. 2008,B. 2005,C. 2003,D. 2004,C. 2003
Where is Bhodesar mosque?,A. Mithi,B. Umarkot,C. Nangarparkar,D. Diplo,C. Nangarparkar
Which Team has won 6th time Mens hand ball World championship -2017?,A. France,B. Spain,C. Iceland,D. UK,A. France
World’s longest non-stop commercial flight starts from Qatar and lands in_____________?,A. New Zealand,B. Landon,C. Los Angelas,D. Australia,A. New Zealand
"Donald Trump sworn in as __________th US president on January 20, 2017 ?",A. 45th,B. 46th,C. 47th,D. 48th,A. 45th
Current General Secretary of UNO belongs to?,A. Japan,B. Portugal,C. Sweden,D. Uzbekistan,B. Portugal
Who is Newly appointed General Secretary of UNO on 31st December 2016?,A. Antonio Guterreson,B. Ban-ki-moon,C. Peter Thomson,D. none of these,A. Antonio Guterreson
The 2017 Heart of Asia – Istanbul Ministerial Process will be hosted by which country?,A. Pakistan,B. India,C. Bhutan,D. Azerbaijan,D. Azerbaijan
"Heart of Asia – Istanbul Ministerial Process on December 3 to December 4, 2016 was hosted by which country?",A. Pakistan,B. India (Amritsar city),C. Bhutan,D. Iran,B. India (Amritsar city)
"The Largest flag ever made,weight at 5 ton with 44 miles of Thread,certified by Guinness world record belong to which country?",A. Pakistan,B. Romania,C. US,D. China,B. Romania
The Nhill lake is located in which country?,A. New Zealand,B. Australia,C. South Africa,D. None of these,B. Australia
How many people died in sinking of titanic?,"A. 1,517",B. 759,C. 2000,D. 1380,"A. 1,517"
Asian Men’s Hockey Champions Trophy-2016 held in?,A. Malaysia,B. India,C. Indonesia,D. Maldives,A. Malaysia
"King Bhumibol, world’s longest-reigning monarch has died at age 88 in October-2016 belong to?",A. Japan,B. Nepal,C. Singapore,D. Thailand,D. Thailand
Who has elected as 45th President of USA belongs to Republican Party by getting 290 electoral vote on 9 November-2016?,A. Donald Trump,B. Hillary Clinton,C. Barack Obama,D. Joe Biden,A. Donald Trump
BRICS Summit held on 15-16 October-2016 in?,A. Beijing (ChinA).,B. Goa (IndiA).,C. Cape Town (South AfricA).,D. Moscow (Russia).,B. Goa (IndiA).
Which country operated the world’s largest radio telescope Aperture Spherical Radio Telescope in September-2016?,A. USA,B. India,C. China,D. Norway,C. China
MIT is the spy agency of__________?,A. Russia,B. japan,C. North korea,D. Turkey,D. Turkey
Which river does NOT flow from Jammu and Kashmir?,A.	Indus,B.	Jhelum,C.	Chenab,D.	Ravi,D.	Ravi
KYODO is the news agency of_________?,A. Japan,B. India,C. China,D. Pakistan,A. Japan
Which country’s  village ummal Al jimal has been added to UNESCO’S world heritage list:,A. Jordan,B. Syria,C. Iraq,D. Egypt,A. Jordan
How many yards is a cricket pitch?,A. 18 yards,B. 20 yards,C. 22 yards,D. 24 yards,C. 22 yards
What is the capital of Finland?,A. Helsinki,B. Oslo,C. Ottawa,D. None,A. Helsinki
Which Country has more Lakes than most of the World Combined ?,A. Finland,B. Switzerland,C. Canada,D. Estonia,C. Canada
Zanzibar is now part of which country?,A. Kenya,B. Tanzania,C. Uganda,D. Mozambique,B. Tanzania
Who is credited with the discovery of Canada?,A. Christopher Columbus,B. Ferdinand Magellan,C. John Cabot,D. Jacques Cartier,C. John Cabot
"Human ,equator of the Earth is called ?",A. Equator,B. Equador,C. The Himalayas,D. The karakaram,C. The Himalayas
"Indira Gandhi, the 3rd Prime Minister of India, belonged to which clan?",A. Azad,B. Tagore,C. Nehru,D. Gandhi,C. Nehru
‘Etna’ most active volcano in Europe is located in which country?,A. Germany,B. Spain,C. Italy,D. Sweden,C. Italy
The severity of 2005 earthquake in Pakistan on Richter scale was ?,A. 6.9,B. 7.6,C. 7.1,D. none,B. 7.6
The exact time taken by the earth for single rotation on its own axis is?,A. 24 hrs,B. 24 hrs 35 sec,C. 23 hrs 50 minutes 7.2 sec,D. 23 hrs 56 minutes 4.09 sec,D. 23 hrs 56 minutes 4.09 sec
Which country were involved in 100 year war?,A. Turkey and Austria,B. England and France,C. Palestine and Israel,D. Germany and Russia,B. England and France
The capital of Iceland is ___________?,A. Loma,B. Port Vila,C. Reykjavik,D. Free Town,C. Reykjavik
Maximum spoken language in the world is____________?,A. Arabic,B. English,C. Mandarin,D. Spanish,C. Mandarin
The largest automobile manufacturing center in the world is located at ?,A. Detroit,B. Tokyo,C. Birmingham,D. Berlin,A. Detroit
The largest lake of salt water in the world is ?,A. Baykal,B. Chad,C. Kariba,D. Caspian,D. Caspian
Second most populous country in the world is ___________?,A. Russia,B. India,C. China,D. Indonesia,C. China
Indonesia is situated in ?,A. South-East Asia,B. South Asia,C. North-East Asia,D. West Asia,A. South-East Asia
The Industrial revolution first took place in:,A. England,B. America,C. France,D. Germany,A. England
Denmark is Situated in?,A. Eastern Europe,B. Western Europe,C. Northern Europe,D. Southern Europe,C. Northern Europe
Who among the following was a poet of the Italian Renaissance?,A. Rossetti,B. Virgil,C. Homer,D. A Dante,D. A Dante
The “Communist Manifesto” was first published in?,A. French,B. German,C. English,D. Russian,B. German
"Number of seats in Lok Sabha, lower house of Indian parliament?",A. 533,B. 543,C. 433,D. 443,B. 543
"Kawah Ijen volcano, famous for its blue lava, is located in which country?",A. Philippines,B. Indonesia,C. Japan,D. Malaysia,B. Indonesia
Social media platform “Thread” was launched on: ___________?,"A. December 15, 2022","B. March 23, 2023","C. July 05, 2023","D. November 9, 2023","C. July 05, 2023"
Pink Lake Hillier is situated in which country?,A. Indonesia,B. Australia,C. New Zealand,D. USA,B. Australia
"Banff National Park, Canada’s oldest national park, is located in which province?",A. British Columbia,B. Alberta,C. Ontario,D. Quebec,B. Alberta
In which country ‘Tabuik festival’ is celebrated?,A. Indonesia,B. Malaysia,C. India,D. Singapore,A. Indonesia
The deepest place on earth is ____________?,A. Trench,B. Mariana Trench,C. Mangrove,D. Groove,B. Mariana Trench
The Continent Antarctica lies at the__________?,A. North pole,B. South pole,C. middle of the earth,D. Equator,B. South pole
Drachma was the currency of ____________?,A. France,B. Ghana,C. Greece,D. Egypt,C. Greece
“International day of the UN Peacekeepers ” is celebrated every year on ____________?,A. 29 May,B. 10 December,C. 24 October,D. 4 July,A. 29 May
The famous book; Al – Qanun was written by the Muslim scientist ?,A. Jabar bin Hayyan,B. Zakariya Al – Razi,C. Abu Ali Sina,D. Abdul Qasim Majreeti,C. Abu Ali Sina
Polo game originated from __________ ?,A. Gilgit Baltistan,B. Iran,C. USA,D. Subcontinent,B. Iran
World Inventor’s Day is celebrated on _____________?,A. 9th November,B. 8th April,C. 31st April,D. 23rd April,A. 9th November
World Tuberculosis Day is observed on ____________?,A. 21st March,B. 24th March,C. 26th March,D. 25th March,B. 24th March
World’s Oldest Cave Paintings has recently been discovered in _____________?,A. Singapore,B. Vietnam,C. Malaysia,D. Indonesia,D. Indonesia
Which country in the the world is carbon negative country?,A. Singapore,B. Turkey,C. Bhutan,D. Poland,C. Bhutan
In which year was OIC founded?,A. 1970,B. 1975,C. 1980,D. 1969,D. 1969
What is the length of Karakoram Highway?,A. 810 miles,B. 910 miles,C. 710 miles,D. None of these,A. 810 miles
Largest Gulf in the World is__________?,A. Persian Gulf,B. Mexico Gulf,C. Gulf of Oman,D. Gulf of Africa,B. Mexico Gulf
Hockey was introduced in the Asian Games in ?,A. 1958 in Tokyo,B. 1962 in Jakarta,C. 1966 in Bangkok,D. 1970 in Bangkok,A. 1958 in Tokyo
First International Peace Congress was held in London in ?,A. 1564 AD,B. 1843 AD,C. 1845 AD,D. 1545 AD,B. 1843 AD
Headquarters of UNO are situated at ?,"A. New York, USA",B. Haque (Netherlands),C. Geneva,D. Switzerland,"A. New York, USA"
"During World War II, when did Germany attack France ?",A. 1941,B. 1940,C. 1942,D. 1945,B. 1940
"Georgia, Uzbekistan and Turkmenistan became the members of UNO in ?",A. 1991,B. 1992,C. 1993,D. 1994,B. 1992
Fire temple is the place of worship of which of the following religion ?,A. Taoism,B. Judaism,C. Zoroastrianism (Parsi Religion),D. Shintoism,C. Zoroastrianism (Parsi Religion)
Each year World Red Cross and Red Crescent Day is celebrated on ?,A. May 8,B. May 18,C. June 8,D. June 18,A. May 8
What is the second largest desert in the world after the Sahara desert?,A. Gobi Desert,B. Arabian Desert,C. Kalahari Desert,D. Libyan Desert,B. Arabian Desert
Who was the first Emperor in China ?,A. Qin Shi Huagdi,B. Sun Yat Sen,C. Kublai Khan,D. None of these,A. Qin Shi Huagdi
Which bird with a distinctive call lays its eggs in the nests of other birds?,A. Cuckoo,B. Sparrow,C. Parrot,D. Humming bird,A. Cuckoo
Which continent comprises the land around the South Pole ?,A. Asia,B. Africa,C. Antarctica,D. Europe,C. Antarctica
Which country is the most popular destination for foreign tourists ?,A. Switzerland,B. France,C. Germany,D. Australia,B. France
How many squares has a chessboard ?,A. 24,B. 52,C. 45,D. 64,D. 64
Which is Australia’s largest city by population,A. Sydney,B. Melbourne,C. Perth,D. None of these,A. Sydney
What is the name of the large salty lake which lies between Israel and Jordan?,A. Salt Lake,B. Dead Sea,C. Death Lake,D. None of these,B. Dead Sea
What is the world’s largest living mammal ?,A. Elephant,B. Blue Whale,C. Shark,D. Giraffe,B. Blue Whale
In which US state is the city of San Diego ?,A. California,B. Arizona,C. Florida,D. Virginia,A. California
How many white stars are on the national flag of the USA ?,A. 20,B. 30,C. 40,D. 50,D. 50
What are the three main languages of Switzerland ?,"A. German, French and Italian","B. German, French and English","C. German, French and Spanish","D. English, French and Italian","A. German, French and Italian"
Which country is the world’s largest producer of coffee ?,A. Taiwan,B. UK,C. Brazil,D. Switzerland,C. Brazil
"What is the capital of Queensland, Australia ?",A. Brisbane,B. Brussels,C. Beijing,D. Doha,A. Brisbane
What is the standard monetary unit of Turkey ?,A. Lira,B. Penny,C. Euro,D. Dollar,A. Lira
What is the official language of Mexico ?,A. Spanish,B. French,C. Italian,D. English,A. Spanish
The total Area of the Capital of Pakistan ‘Islamabad’ is ?,A. 800 sq Km,B. 850 sq Km,C. 900 sq Km,D. 906 sq Km,D. 906 sq Km
Where is the tomb of Mughal Emperor Jahangir ?,A. Sialkot,B. Multan,C. Lahore,D. Karachi,C. Lahore
Which city in Switzerland was the headquarters of the League of Nations ?,A. Brussels,B. Geneva,C. Canberra,D. none of these,B. Geneva
Who was the first president of the United States of America ?,A. George Washington,B. George Harrison,C. Robert Zemeckis,D. none of these,A. George Washington
Which two primary colours are mixed to make purple ?,A. red and green,B. red and blue,C. red and yellow,D. red and white,B. red and blue
The most beautiful stone-Marble is extracted from which province of Pakistan ?,A. Punjab,B. Sindh,C. Khyber Pakhtunkhwa,D. Baluchistan,C. Khyber Pakhtunkhwa
headquarters of the multinational company Nestle is in ?,A. Switzerland,B. Venice,C. Japan,D. Norway,A. Switzerland
Which colour is produced by adding together yellow and cyan ?,A. Green,B. Red,C. Blue,D. Pink,A. Green
Which country is largest in area?,A. China,B. Canada,C. Russia,D. India,C. Russia
The largest planet is ?,A. Jupiter,B. Mercury,C. Venus,D. Earth,A. Jupiter
Headquarter of Ghandhara civilization is in ?,A. Khatmandu,B. Larkana,C. Quetta,D. Taxilla,D. Taxilla
Headquarter of Pakistan NAVY is in ?,A. Lahore,B. Karachi,C. Islamabad,D. Rawalpindi,C. Islamabad
The first prime minister of Bangladesh was,A. Liaqat Ali,B. Mujibur Rehman,C. Yahya Khan,D. Tajuddin Ahmad,D. Tajuddin Ahmad
Hindenburg Line is in between ?,A. India and China,B. Germany and Poland,C. France and Germany,D. India and Pakistan,B. Germany and Poland
Highest Dam in world is ?,A. Hirakud Dam on the river Mahanadi-Orissa,B. Bhakra Nangal on river Sutlej,C. The Grande,D. None of these,D. None of these
Largest Museum in the world is in,A. USA,B. China,C. France,D. Europe,C. France
The world oldest known city is,A. Tokyo,B. Damascus,C. Paris,D. Beijing,B. Damascus
Driest place in the world is,A. Death Valley(California),B. Sahara(Africa),C. Barmer(Rajasthan),D. none of these,A. Death Valley(California)
Which is known as City of Skyscrapers?,A. New York,B. Paris,C. Belgium,D. Chicago,A. New York
"What name is given to the programs run by a computer, as opposed to the hardware?",A. program,B. software,C. input,D. output,B. software
The name of which animal is an Aboriginal term meaning ‘no water’?,A. Rat,B. Snake,C. Koala,D. Lizard,C. Koala
Which animal has the biggest eyes of any living creature?,A. Elephant,B. Kangaroo,C. Owl,D. Colossal squid,D. Colossal squid
"What are the flat, treeless plains of Argentina called",A. Pampas,B. Moss,C. Lichen,D. none of these,A. Pampas
Attock fort was constructed by?,A. Jahangeer,B. Aurangzeb,C. Akbar,D. none of these,C. Akbar
Mancher lake situated in?,A. Sawat,B. Dadu,C. Jamshoro,D. Gilgit,C. Jamshoro
First China War was fought between,A. China and Britain,B. China and France,C. China and Egypt,D. China and Greek,A. China and Britain
Which Country has the oldest monarchy?,A. Turkey,B. Japan,C. Rome,D. Ireland,B. Japan
First Afghan War took place in ?,A. 1838,B. 1837,C. 1839,D. 1840,C. 1839
ITAR-TASS is the news agency of which country?,A. Russia,B. China,C. India,D. Afghanistan,A. Russia
Which food item takes its name from the French for twice cooked,A. burger,B. pizza,C. biscuit,D. none of these,C. biscuit
Which is the largest Oil Producing Member Country of OPEC?,A. Kuwait,B. Bahrain,C. Qatar,D. Saudi Arabia,D. Saudi Arabia
Which Country is the Second largest Arms Exporter of the World,A. India,B. Russia,C. China,D. America,B. Russia
The social network site “Twitter” was launched on __________ .,"A. March 21, 2003","B. March 21, 2004","C. March 21, 2005","D. March 21, 2006","D. March 21, 2006"
The monetary unit of Bangladesh is________?,A. Lek,B. Taka,C. Shilling,D. Kyat,B. Taka
The OIC was founded in __________ .,A. Saudi Arabia,B. Iraq,C. Qatar,D. Morocco,D. Morocco
Epsom (England) is the place associated with,A. horse racing,B. polo,C. shooting,D. snooker,A. horse racing
Which SAARC Member Country has Largest Literacy Rate among the following?,A. Bangladesh,B. Sri Lanka,C. China,D. Indonesia,B. Sri Lanka
The soviet media theory had its roots in,A. Italian Fascist philosophy,B. Free enterprize approach of west,C. German ideology,D. Japanese imperialist edicts,C. German ideology
The International Monetary Fund (IMF) was founded on __________ .,A. 27 December 1944,B. 27 December 1945,C. 27 December 1946,D. 27 December 1947,B. 27 December 1945
The capital of Saudi Arabia is?,A. Makkah,B. Madina,C. Taif,D. Riyadh,D. Riyadh
The National Aeronautics and Space Administration (NASA) was formed in?,A. 1958,B. 1960,C. 1962,D. 1964,A. 1958
Thomas Cup is associated with which Game,A. badminton,B. football,C. hockey,D. none of these,A. badminton
For which of the following disciplines Nobel Prize is awarded?,A. Physics and Chemistry,B. Physiology or Medicine,"C. Literature, Peace and Economics",D. all of these,D. all of these
FFC stands for,A. Foreign Finance Corporation,B. Film Finance Corporation,C. Federation of Football Council,D. none of these,B. Film Finance Corporation
"The 6th organ, “Trusteeship Council” of the United Nations suspended operation on November 01, 1994, with the independence of _________.",A. Chad,B. Sudan,C. Palau,D. Tunisia,C. Palau
"Eritrea, which became the 182nd member of the UN in 1993, is in the continent of",A. Asia,B. Africa,C. Europe,D. Australia,B. Africa
The currency of Qatar is?,A. Dollar,B. Dinar,C. Dirham,D. Riyal,D. Riyal
7 April is observed internationally as?,A. Women’s Day,B. World Water Day,C. World Health Day,D. Human Rights Day,C. World Health Day
Which sign of the zodiac is also called The Water bearer?,A. Scorpio,B. Leo,C. Gemini,D. Aquarius,D. Aquarius
What is the capital of Vietnam,A. Dhaka,B. Ajmaan,C. Hanoi,D. none of these,C. Hanoi
22 March is observed internationally as?,A. Women’s Day,B. World Water Day,C. World Health Day,D. Human Rights Day,B. World Water Day
Hitler party which came into power in 1933 is known as,A. Labour Party,B. Nazi Party,C. Ku-Klux-Klan,D. Democratic Party,B. Nazi Party
"Grand Central Terminal, Park Avenue, New York is the world’s",A. largest railway station,B. highest railway station,C. longest railway station,D. none of these,A. largest railway station
The United Nations has __________ principal organs.,A. 4,B. 5,C. 6,D. 7,C. 6
Which one of the following countries made an exit from Kyoto Protocol.,A. France,B. India,C. Canada,D. China,C. Canada
The largest peninsula in the world is,A. Arabia,B. Asia,C. Africa,D. Europe,A. Arabia
Organisation of Islamic Cooperation (OIC) was founded on __________ ?,"A. September 25, 1966","B. September 25, 1967","C. September 25, 19698","D. September 25, 1969","D. September 25, 1969"
Largest Arms Importer of the World is,A. Africa,B. Saudi Arabia,C. India,D. Bangladesh,C. India
Reuters is the news agency of __________ .,A. United States,B. United Kingdom,C. France,D. Germany,B. United Kingdom
"First human heart transplant operation conducted by Dr. Christian Bernard on Louis Washkansky, was conducted in",A. 1968,B. 1967,C. 1958,D. none of these,B. 1967
The height of Eiffel Tower is __________ feet?,A. 1063,B. 1067,C. 1073,D. 1077,A. 1063
The Delaware river is in __________ ?,A. United States,B. Canada,C. China,D. United Kingdom,A. United States
The Suez Canal is in __________ ?,A. Nigeria,B. Libya,C. Egypt,D. Palestine,C. Egypt
The oldest news agency in the world is?,A. AFP,B. WAFA,C. BBC,D. CNN,A. AFP
NATO is a/an __________ alliance?,A. Military,B. Economic,C. Regional,D. Cultural,A. Military
The Atomic Bomb was dropped on the city of Nagasaki on?,A. 3 August 1945,B. 6 August 1945,C. 9 August 1945,D. 12 August 1945,C. 9 August 1945
The Atomic Bomb was dropped on the city of Hiroshima on?,A. 3 August 1945,B. 6 August 1945,C. 9 August 1945,D. 12 August 1945,B. 6 August 1945
What was the name of Atomic Bomb that dropped on the city of Hiroshima?,A. Little Boy,B. Fat Boy,C. Little Man,D. Fat Man,A. Little Boy
The world’s deadliest conflict was?,A. World War I,B. World War II,C. Mongol Conquests,D. Taiping Rebellion,B. World War II
World War II was end in?,A. 1939,B. 1941,C. 1943,D. 1945,D. 1945
World War II was began in?,A. 1935,B. 1937,C. 1939,D. 1941,C. 1939
World War I was end in?,A. 1912,B. 1914,C. 1916,D. 1918,D. 1918
World War I was began in?,A. 1912,B. 1914,C. 1916,D. 1918,B. 1914
The first Secretary General of United Nations was?,A. Dag Hammarskjold,B. Kurt Walheion,C. U Thant,D. Trygve Lie,D. Trygve Lie
The hottest desert of the world is?,A. Sahara Desert,B. Arabian Desert,C. Cholistan Desert,D. Arctic Desert,A. Sahara Desert
The Earth’s Smallest ocean is __________ ?,A. Atlantic,B. Arctic,C. Indian,D. Pacific,B. Arctic
The Earth’s second Largest ocean is __________ ?,A. Atlantic,B. Arctic,C. Indian,D. Pacific,A. Atlantic
The Earth’s Largest ocean is __________ ?,A. Atlantic,B. Arctic,C. Indian,D. Pacific,D. Pacific
The largest planet of the solar system is___________?,A. Earth,B. Mars,C. Jupiter,D. Saturn,C. Jupiter
Taka is the Currency of ?,A. Bhutan,B. Bangladesh,C. Indonesia,D. nepal,B. Bangladesh
The Earth’s Oceanic water is divided in __________ oceans.,A. 5,B. 6,C. 7,D. 8,A. 5
The Smallest Continent (by Area) of the World is __________.,A. Antarctica,B. Australia,C. Africa,D. Europe,B. Australia
Who was the first IG of Sindh Police?,A. Khowaja Masroor Hassan,B. Chaudhary Fazal-e-Haq,C. Mian Muhammad Aslam Hayat,D. None of These,A. Khowaja Masroor Hassan
Which is the highest waterfall in India?,A. Jog Falls,B. Kanchenjunga Falls,C. Kunchikal Falls,D. Nohkhalikai Falls,C. Kunchikal Falls
Which actor won the first Oscar Award?,A. Warner Baxter,B. Emil Jannings,C. Lionel Barrymore,D. Charlie Chaplin,B. Emil Jannings
Senkaku Islands are disputed between which of the following nations?,A. Japan and China,B. Japna and Russia,C. China and Philippines,D. USA and Russia,A. Japan and China
Pamplona famous for ‘bull run’ is the city of ___________?,A. Greece,B. Spain,C. Italy,D. Latvia,B. Spain
Who is the author of book “Numbers Do Lie: 61 Hidden Cricket Stories”?,A. Wasim Akram,B. Sourav Ganguly,C. Jaideep Varma,D. Rahul Dravid,C. Jaideep Varma
Which of the following plants produce the worlds biggest flower by size and which smells like rotten flesh.,A. Raflessia Arnoldi,B. Cactus,C. Pitcher plant,D. None of these,A. Raflessia Arnoldi
World War II submarine U17 belongs to which country?,A. France,B. The USA,C. Germany,D. The UK,C. Germany
Chairman of the Chinese Communist Party Mao Zedong Died in?,A. September 1976,B. August 1976,C. November 1977,D. None of these,A. September 1976
Among which of the following is a Caucasus state?,A. Turkmenistan,B. Serbia,C. Azerbaijan,D. Tajikistan,C. Azerbaijan
"In 15 april 2016, 11.5 million leaked documents by Panama law firm Mossack Fonseca, however, in consequences which countries sacked their presidents.",A. Brazil & south Korea.,B. U.k & Norway.,C. Brazil & Argentina.,D. Australia & South Africa.,A. Brazil & south Korea.
The Mount Everest lies on the borders between Nepal and_______?,A. Tibet,B. India,C. Bhutan,D. Assam,A. Tibet
The Wakhan Corridor located to the north of Pakistan belongs to ___________?,A. Pakistan,B. Turkmenistan,C. Tajikistan,D. Afghanistan,D. Afghanistan
Cordoba is a city of ________?,A. Iraq,B. Mauritania,C. Spain,D. Iran,C. Spain
"Libya, Tunisia and Algeria are geographically included in the ______________?",A. Far west,B. Central Africa,C. North Africa,D. Asia,C. North Africa
The Godray Pass is Close to the border of___________?,A. Iran,B. Afghanistan,C. India,D. Arabian Sea,B. Afghanistan
What is meaning of “Autophobia”?,A. Fear of automobiles,B. Fear of traffic,C. Fear of being alone,D. Fear of birds,C. Fear of being alone
Who invented Typewriter___________?,A. Haechel,B. Sholes,C. Einstein,D. Caxton,B. Sholes
Who was the first Muslim President of India___________?,A. Badar-Ud-Din Tayyab,B. Mahbub-ul-haq,C. Zakir Hussain,D. Sardar Abdul Qayum Khan,C. Zakir Hussain
Abu-Amar was the nicked name of which political leader?,A. Tayyip Erdogan,B. Mamnoon- ur- Rashid,C. Yasir Arafat,D. Anwar- ul- saddat,C. Yasir Arafat
Who served as first postmaster general of the United States?,A. Benjamin Harrison,B. James Madison,C. Franklin Pierce,D. Banjamin Franklin,D. Banjamin Franklin
NASA stands for: ___________?,A. National Aeronautics and Space Administration,B. National Astronomical Science Agency,C. North American Space Agency,D. National Aerospace and Science Association,A. National Aeronautics and Space Administration
NASA stands for: ___________?,A. National Aeronautics and Space Administration,B. National Astronomical Science Agency,C. North American Space Agency,D. National Aerospace and Science Association,A. National Aeronautics and Space Administration
What is the Roman Symbol for Zero(0) ?,A. Empty Set,B. nulla,C. ®,D. None of these,B. nulla
"Universal Declaration of Human Rights was drafted by a UN committee chaired by _____________, and it was accepted by the General Assembly as Resolution 217 during its third session at the Palais de Chaillot in Paris, France.",A. Franklin D. Rosevelt,B. Anna E. Rosevelt,C. Winston Churchill,D. Harry S. Truman,B. Anna E. Rosevelt
"Buyukkada Island on which motor vehicles are prohibited, except for essential services, is located in?",A. Indonesia,B. Turkiye,C. Sri Lanka,D. Thailand,B. Turkiye
Universal Declaration of Human Rights was adopted on,A. 10 December 1945,B. 10 December 1946,C. 10 December 1948,D. 10 December 1950,C. 10 December 1948
Universal Declaration of Human Rights contains how many articles:,A. 20,B. 30,C. 40,D. 54,B. 30
‘Nice’ is the city of which country?,A. Scotland,B. France,C. Ireland,D. Italy,B. France
"Vistula is the river of which country, on which festival “Wreaths over the Vistula” is celebrated?",A. Russia,B. Germany,C. Poland,D. Ukraine,C. Poland
Kelimutu unique colours volcano is located in___________________________?,A. Iran,B. China,C. USA,D. Indonesia,D. Indonesia
Capital of Italy is ___________?,A. Milan,B. Naples,C. Rome,D. Venice,C. Rome
Book ‘Ghost Wars’ is written by: ___________?,A. Aldous Huxley,B. Steve Coll,C. Laurence Cockcroft,D. Henry Kissinger,B. Steve Coll
Currency of Italy is __________?,A. Dollar,B. Euro,C. Yuan,D. Pound,B. Euro
Capital of Qatar is _________?,A. Qatar,B. Doha,C. Duhail,D. Al Qassar,B. Doha
Capital of New Zealand is __________?,A. Waitomo,B. Hawera,C. Wellington,D. Pahiatua,C. Wellington
Capital of France is ___________?,A. Paris,B. Italy,C. Rome,D. Spain,A. Paris
The study of war is called ________?,A. Podology,B. pelology,C. polemology,D. None of These,C. polemology
Sir Vivian Richards Stadium is located in: __________?,A. The USA,B. South Africa,C. Antigua and Barbuda,D. New Zealand,C. Antigua and Barbuda
‘Delos’ the UNESCO World Heritage Site is located in: _____________?,A. Indonesia,B. Egypt,C. Greece,D. France,C. Greece
Book ‘Palestine: Peace Not Apartheid’ is written by __________?,A. Nelson Mandela,B. K. K. Aziz,C. Jimmy Carter,D. John J. Mearsheimer,C. Jimmy Carter
400-year old Morro Castle is located in which country?,A. Russia,B. The USA,C. Cuba,D. The UK,C. Cuba
The tenure of the FIFA president is how many years?,A. 6,B. 5,C. 4,D. 3,C. 4
Retina Implant AG is a medical technology company which develops a retinal prosthesis for blind patients to gain back lost sight. It belongs to:,A. The USA,B. The UK,C. Germany,D. France,C. Germany
Novel ‘Nineteen Eighty Four’ is written by: ____________?,A. George Orwell,B. Laurence Cockcroft,C. Trevor Noah,D. Hans Rosling,A. George Orwell
Defense Advanced Research Projects Agency (DAPRA) is a defense agency of ____________?,A. The UK,B. The USA,C. Russia,D. France,B. The USA
Book “Blood And Oil: Mohammed Bin Salman’s Ruthless Quest For Global Power” is written by: __________?,A. Oliver Letwin,B. Bradley Hope,C. Justin Scheck,D. Both (B) and (C),D. Both (B) and (C)
"Who is the author of book “Global Corruption: Money, Power, and Ethics in the Modern World”?",A. Laurence Cockcroft,B. K. K. Aziz,C. Trevor Noah,D. Adam Smith,A. Laurence Cockcroft
"One of the most active volcanoes in Central America, named Fuego, is located in:",A. Costa Rica,B. El Salvador,C. Guatemala,D. Nicaragua,C. Guatemala
Waterloo is located in ___________?,A. France,B. Belgium,C. Switzerland,D. UK,B. Belgium
In which city of India the Qutab Minar is located?,A. Hyderabad,B. New Delhi,C. Mumbai,D. Agra,B. New Delhi
Book ‘Born A Crime’ is written by: ___________?,A. Laurence Cockcroft,B. K K Aziz,C. Trevor Noah,D. Adam Smith,C. Trevor Noah
Nuclear Non-Proliferation Treaty NPT is aimed at limiting the spread of nuclear weapons including:,A. Non-Proliferation,B. Disarmament,C. Peaceful use of Nuclear Energy,D. All of Above,D. All of Above
The Nuclear Non-Proliferation Treaty is a ________ treaty.,A. Bilateral,B. Trilateral,C. Multilateral,D. None of These,C. Multilateral
Which of the following countries joined the NPT but latter withdrew from it?,A. Pakistan,B. India,C. North Korea,D. Israel,C. North Korea
Which body verify Non Nuclear Weapon States’ compliance with commitments under the NPT not to acquire nuclear weapons?,A. UN General Assembly,B. UN Security Council,C. IAEA,D. FATF,C. IAEA
"In which year first commercial railway line was opened, connecting Liverpool with Manchester?",A. 1820,B. 1825,C. 1830,D. 1840,C. 1830
Famous book “The Wealth of Nations” work of Adam Smith was first published in?,A. 1756,B. 1776,C. 1826,D. 1770,B. 1776
Who holds the record for the most number of democratic elections won by a Prime Minister worldwide?,A. Nawaz sharif,B. William Ewart Gladstone,C. Rashid karami,D. Barack Obama,C. Rashid karami
‘Orange book’  is the official book of which country?,A. France,B. Netherlands,C. England,D. Portugal,B. Netherlands
A case of exploding mangoes is a book written by __________?,A. Khurshid qasoori,B. Muhammad sharif,C. Muhammad yunas,D. Muhammad hanif,D. Muhammad hanif
Which of the following countries is closest size to Pakistan?,A. Congo,B. Paraguay,C. Turkey,D. Chile,C. Turkey
Which of the following countries is closest size to Sri Lanka ?,A. Qatar,B. Iceland,C. Rwandan,D. Maldives,B. Iceland
Which of the following countries is closest size to Pakistan?,A. Congo,B. Paraguay,C. Turkey,D. Chile,C. Turkey
Which of the following countries is closest size to Germany ?,A. Congo,B. Italy,C. Spain,D. Chile,B. Italy
The line joining places of equal atmospheric pressure is termed as?,A. Contour,B. Isoyet,C. Isothem,D. Isobar,D. Isobar
The line joining places of equal Rainfall is termed as?,A. Contour,B. Isoyet,C. Isothem,D. Isobar,B. Isoyet
The Asia-Pacific group within the UN has ____ seats in the Security Council?,A. 4,B. 5,C. 2,D. 3,C. 2
SAARC charted day is celebrated on ___________?,A. 12 January,B. 10 December,C. 8 December,D. 25 November,C. 8 December
Galapagos Islands under protection as part of a marine reserve and is classified as a ‘World Heritage Site’ is located in:,A. Indonesia,B. Egypt,C. Ecuador,D. India,C. Ecuador
The book “The China-Pakistan Axis” is written by: _____________?,A. Oliver Letwin,B. Andrew Young,C. Kishore Mahbubani,D. Hassan Abbas,B. Andrew Young
The Narrowest strait of the world ?,A. Strait of Malacca,B. Strait of Tartar,C. Johar Strait,D. Cook Strait,B. Strait of Tartar
International Day for the Prevention of Violent Extremism as and when Conducive to Terrorism is:,A. May 1,B. February 12,C. October 24,D. March 3,B. February 12
The Tharparkar desert is situated in: __________?,A. Tharparkar,B. Umerkot,C. Sanghar,D. All,D. All
"Göbekli Tepe UNESCO World Heritage site, a Neolithic archaeological site, is located in: ___________?",A. Egypt,B. Indonesia,C. Turkey,D. Iran,C. Turkey
Delhi is situated on the banks of river____________?,A. Yumna river,B. Ganga river,C. Brahamputra river,D. Ravi river,A. Yumna river
Smallest glacier in the world is ____________?,A. Gem,B. Pindari,C. Baltoro,D. Batura,A. Gem
Saravan & Zabol are the famous town of which country?,A. Iraq,B. Iran,C. Afghanistan,D. Pakistan,B. Iran
Which country in Africa was formerly known as Rhodesia?,A. south Africa,B. Zimbabwe,C. Zambia,D. Kenya,B. Zimbabwe
Spice island is the another alternative name for which of these Indonesian island?,A. Papua New Guinea,B. Moluccas,C. Bali,D. Borneo,B. Moluccas
The IAEA’s genesis was U.S. President Eisenhower’s ________ address to the General Assembly of the United Nations on 8 December 1953.,A. Atoms for Health,B. Atoms for Non-Military Purpose,C. Atoms for Peace,D. Atom as Weapon,C. Atoms for Peace
The IAEA’s genesis was address of which US President to the General Assembly of the United Nations on 8 December 1953.,A. Harry S. Truman,B. Dwight D. Eisenhower,C. Franklin D. Roosevelt,D. Richard M. Nixon,B. Dwight D. Eisenhower
Decisions of SAARC at all levels are taken on the basis of:_____________?,A. 2/3 Majority,B. 3/4 Majority,C. Unanimity,D. None of These,C. Unanimity
SAARC is the abbreviation of: ________________?,A. South Asian Associate for Regional Cooperation,B. South Asian Association for Region’s Cooperation,C. South Asian Association for Regional Cooperation,D. South Asia Association for Regional Coordination,C. South Asian Association for Regional Cooperation
The term of President of Asian Infrastructure Investment Bank is:___________ Years?,A. 3 Years,B. 4 Years,C. 5 Years,D. 6 Years,C. 5 Years
Asian Infrastructure Investment Bank (AIIB) was granted ‘Permanent Observer status’ in the deliberations of both the United Nations General Assembly and the Economic and Social Council in:____________?,A. 2016,B. 2017,C. 2018,D. 2019,C. 2018
The American Museum of Natural History is located in:____________?,A. Washington D.C.,B. New York,C. Los Angeles,D. Dallas,B. New York
According to UNHCR most refugees – 76 per cent – are hosted by ________countries.,A. High Income,B. Low Income,C. Middle Income,D. Both (B) and (C),D. Both (B) and (C)
UNHCR is formally known as the: _______________?,A. High Commissioner for Refugees,B. UN Commissioner for Refugees,C. Office of the High Commissioner for Refugees,D. Refugees High Commission,C. Office of the High Commissioner for Refugees
Which country joined OPEC two times but decided to suspend its membership again in November 2016?,A. Iran,B. Qatar,C. Indonesia,D. Venezuela,C. Indonesia
Which one of the world largest rivers flow in a single country?,A. river Nile,B. river Indus,C. river Yangtze,D. Having He,C. river Yangtze
Malacca Strait is located between:,A. Andaman sea and South China sea,B. South China sea and East China sea,C. Andaman island and Nikobar island,D. Malay peninsula and Sumatra peninsula,D. Malay peninsula and Sumatra peninsula
The organizational structure of Gulf Cooperation Council (GCC) includes:,A. The Supreme Council,B. The Ministerial Council,C. The Secretariat General,D. All of These,D. All of These
Which Animal’s fingerprints match with human?,A. Koala,B. Hamster,C. Kangaroo,D. Monkey,A. Koala
Name the first ever female Prime Minister in the world?,A. Benazir Bhutto,B. Indra Gandhi,C. Sirimavo Bandaranaike,D. Golda Meir,C. Sirimavo Bandaranaike
Headquarter of the Asian Infrastructure Investment Bank (AIIB) is in _______________?,A. Thimphu,B. Phnom Penh,C. Beijing,D. Seoul,C. Beijing
International consortium of investigative journalists (ICIJ) is based at ___________?,A. London,B. Berlin,C. Washington,D. Geneva,C. Washington
The World’s Famous ‘Louvre Museum’ is located in __________?,A. Australia,B. New Zealand,C. China,D. France,D. France
National Day of Finland is celebrated on ____________?,A. 4th Dec,B. 5th Dec,C. 6th Dec,D. 7th Dec,C. 6th Dec
National Day of Thailand is celebrated on ____________?,A. 3-Dec,B. 4-Dec,C. 5-Dec,D. 6-Dec,C. 5-Dec
There are __________ European Union delegations worldwide:,A. 100,B. 170,C. 144,D. 45,C. 144
Diplomatic missions of European Union are called: ____________?,A. Embassies,B. High Commission,C. Delegations,D. None of These,C. Delegations
Which country’s army is called Tatmadaw?,A. South Africa,B. Myanmar,C. Laos,D. Thailand,B. Myanmar
Which is known as Queen of Lakes in Pakistan?,A. Dudipatsar,B. Saiful Malook,C. Rawal jheel,D. None of these,A. Dudipatsar
Which of the following Forts is known as ‘The Great Wall of Sindh’?,A. Naukot Fort,B. Bukkur Fort,C. Schwan Fort,D. Ranikot Fort,D. Ranikot Fort
Capital of Vanuatu is: _____________?,A. Porto Alegre,B. Porto Velho,C. Port Vila,D. Porto Torres,C. Port Vila
How many countries are considered to be nuclear-weapon states under the The Nuclear Threat Initiative (NPT)?,A. 3,B. 5,C. 7,D. 9,B. 5
Sun consist of 70% of __________?,A. Oxygen,B. Hydrogen,C. Helium,D. None of these,B. Hydrogen
Rafah crossing is sole crossing point between which of the two counrtries?,A. lebanon and israel,B. Jordon and Gaza,C. Egypt and Gaza strip,D. None of These,C. Egypt and Gaza strip
East and West Germany re-united on _____________?,"A. 3, Oct 1990","B. 4, Oct 1990","C. 5, Oct 1990",D. None of these,"A. 3, Oct 1990"
When Helen Keller day observed every year?,A. 25 June,B. 26 June,C. 27 June,D. None of These,C. 27 June
Anthropology is study of____________?,A. Culture,B. Society,C. Human,D. Animal,C. Human
Chauvet and Lascaux Caves that contain some of the best-preserved figurative cave paintings in the world are located in:,A. Russia,B. Egypt,C. KSA,D. France,D. France
"which state of India has more than 250 million people, a larger population than Brazil?",A. Tamil Nadu,B. Rajasthan,C. Uttar Pradesh,D. Punjab,C. Uttar Pradesh
Which of the following countries is closest size to Iran ?,A. Congo,B. Mexico,C. Spain,D. Chile,B. Mexico
When did World Trade Organization replace General Agreement on Tariffs and Trade (GATT)?,A. 1st January 1995,B. 1st January 1998,C. 1st December 1999,D. 1st June 2000,A. 1st January 1995
which country has 13 months in a year?,A. Eritrea,B. Ethiopia,C. Gabon,D. Gambia,B. Ethiopia
The commitment to the US lunar mission was announced by which president in May 1961?,A. Richard Nixon,B. Abraham Lincoln,C. George Washington,D. John F. Kennedy,D. John F. Kennedy
Which is the greatest range of the world?,A. Andes,B. Himalaya,C. Krakarom,D. None of These,A. Andes
International Youth Day is observed every year on_____________?,A. 10 August,B. 11 August,C. 12 August,C. 13 August,C. 12 August
International  Day of Yoga is celebrated  every year on _____________?,A. 21 April,B. 21 June,C. 31 July,D. 31 August,B. 21 June
American boxer Muhammad Ali died in _____________?,A. 2014,B. 2015,C. 2016,D. 2017,C. 2016
Which day is celebrated as the World Zoonoses Day?,A. July 6th,B. June 5th,C. June 6th,D. July 8th,A. July 6th
Which Indian city is known as ” Scotland of India”?,A. Dharamshala,B. Coorg,C. Manali,D. Darjeeling,B. Coorg
The fastest speed of jet ever recorded was ________?,A. Mach 3.43,B. Mach 2.91,C. Mach 6.72,D. None of These,C. Mach 6.72
Which Indian State is world famous for it’s backwaters?,A. Himachal Pradesh,B. Tamil Nadu,C. Kerala,D. Goa,C. Kerala
"Suneung ,often called the world’s toughest exam ,is held in _______________?",A. Japan,B. China,C. South Korea,D. Thialand,C. South Korea
Bucharest is the capital and largest city of: _____________?,A. Cuba,B. Romania,C. Thialand,D. Cambodia,B. Romania
Which two water bodies are connected by world’s longest strait?,A. Andaman Sea &South China Sea,B. Pacific Ocean &Indian Ocean,C. Indonesia & Malaysia,D. Both A & B,D. Both A & B
Which one of the following is not an archipelago?,A. Indonesia,B. Maldives,C. Korea,D. Japan,C. Korea
How many languages in the world?,"A. 7,139",B. 7500,C. 8300,D. 9000,"A. 7,139"
Which game is called ‘Game of Kings’?,A. Cricket,B. Polo,C. Chess,D. All of these,C. Chess
Which of the following U.S President was assassinated?,A. Abraham Lincoln,B. John F. Kennedy,C. William McKinley,D. All of these,D. All of these
The Cook Islands is an island in the South Pacific Ocean. The Cook Islands is self-governing while in free association with:,A. Australia,B. New Zealand,C. Papua New Guinea,D. Not associated with any one,B. New Zealand
Capital of Cook Islands is: __________?,A. Avarua,B. Amuri,C. Tahuhunu,D. Auckland,A. Avarua
Stonehenge the UNESCO World Heritage site and the most architecturally sophisticated and only surviving linteled stone circle in the world is located in:,A. Indonesia,B. Russia,C. Egypt,D. England,D. England
Which game has been played on the moon ?,A. Soccer,B. Badminton,C. Golf,D. None of these,C. Golf
In which year Eiffel tower completed?,A. March 1889,B. March 1890,C. March 1891,D. March 1892,A. March 1889
In Which Country there is a ” Human Library ” where one can borrow a Person instead of a Book?,A. Denmark,B. Sweden,C. Norway,D. Mexico,A. Denmark
Which country has the highest number of official languages?,A. Japan,B. South Africa,C. Zimbabwe,D. Spain,C. Zimbabwe
Largest Producer Of Wheat In Last Two Years?,A. Russia,B. China,C. Ukraine,D. India,B. China
Which city will host NATO Summit 2024?,"A. Washington, D. C",B. New York city,C. Warsaw,D. Berlin,"A. Washington, D. C"
What awareness month is in May?,A. Cancer Awareness month,B. Mental Health Awareness month,C. Nurtition Awareness month,D. None of the above,B. Mental Health Awareness month
Which language has the word “Ideology” been taken from?,A. English,B. Greek,C. French,D. None of These,C. French
"Sungir archaeological site is one of the earliest records of modern Homo Sapiens in Eurasia. It is situated near the ____ River in Vladimir, Russia.",A. Neva,B. Dvina,C. Klyazma,D. Volga,C. Klyazma
Sungir archaeological site was discovered in _____ and archaeologist believe that it is ______ years-old burial site.,"A. 1950 and 30,000","B. 1955 and 30,000","C. 1960 and 32,000","D. 1962 and 32,000","B. 1955 and 30,000"
Sungir archaeological site is located in: __________?,A. Egypt,B. Indonesia,C. Pakistan,D. Russia,D. Russia
Urdu book “Arabi Adab Qabl Az Islam” (Arabic literature before Islam) is written by:,A. Nazir Ahmad Dehlvi,B. Mirza Hadi Ruswa,C. Dr. Khursheed Rizvi,D. Patras Bukhari,C. Dr. Khursheed Rizvi
"For how many years, the United States stayed in Afghanistan?",A. 10,B. 15,C. 20,D. 25,C. 20
Who is better known as “Sayed Ahmad Shah” in following famous writers?,A. Patras Bukhari,B. Ahmad Faraz,C. Ustad Bukhari,D. All of these,D. All of these
“Al-Kitāb al-mukhtaṣar fī ḥisāb al-jabr wa’l-muqābala”  was written by: __________?,A. Al-Khuwarizmi,B. Ibne Sina,C. Al Haysam,D. None of these,A. Al-Khuwarizmi
Sun is near-perfect sphere of ___________?,A. Hot plasma,B. Cold plasma,C. Solid,D. Yellow gas,A. Hot plasma
Where is Lotus Temple?,A. India,B. Sri Lank,C. Bhutan,D. Nepal,A. India
Azlan Shah Stadium is in _____________?,A. Turkey,B. Singapore,C. Malaysia,D. Pakistan,C. Malaysia
"On the basis of Composition , An International  Organization named as ” G-20″ consists of _________?",A. 19 Countries + Common Wealth of Nations,B. 19 Countries + European Union + African Union (AU),C. 19 Countries + NATO,D. None of these,B. 19 Countries + European Union + African Union (AU)
The Caño Cristales is also called the___________?,A. River of five colors,B. Melted rainbow,C. liquid rainbow,D. Rainbow river,E. All of these
"Every year on 14th July, Bastille Day is celebrated by: ___________?",A. Germany,B. Japan,C. France,D. America,C. France
Al Manjid (المنجد) is an _____________?,A. Arabic Dictionary,B. Arabic prose,C. Arabic written script,D. None.,A. Arabic Dictionary
Where is the tomb of famous Muslim sciencetist “Al- Biruni”?,A. Iran,B. Egypt,C. Tajikistan,D. Afghanistan,D. Afghanistan
Istiqlal Mosque is in ___________?,A. Turkey,B. India,C. Malaysia,D. Indonesia,D. Indonesia
Largest river of South Africa is _____________?,A. Vall River,B. Orange River,C. Table River,D. Red River,B. Orange River
First Muslim interpreter of Quran in English is _____________?,A. Abdul Kalam Azad,B. Anwar Saddat,C. Shah Waliullah,D. Abdul Hakeem,D. Abdul Hakeem
Sea of Galilee is located in which country?,A. Lebanon,B. Israel,C. Jordan,D. Syria,B. Israel
Who is the Author of “A Case of Exploding Mangoes”?,A. Mohsin Hamid,B. Allama Iqbal,C. Muhammad Hanif,D. Kamila Shamsi,C. Muhammad Hanif
"The European Coal and Steel Community, founded in 1951 which was the first step in creation of EU, was followed in _________ by the Treaty of Rome that established the European Economic Community (EEC):",A. 1957,B. 1953,C. 1981,D. 1960,A. 1957
"The European Coal and Steel Community, founded in 1951, is the first step in creation of_________:",A. European Union,B. Steel Europa,C. Greater Coal Mines,D. Greater Steel Europia,A. European Union
Samma dynasty was started in Sindh on ____________?,A. 1350,B. 1351,C. 1352,D. None of These,B. 1351
International Committee of the Red Cross (ICRC) headquarters is in ____________?,A. London,B. New york,C. Vienna,D. Geneva,D. Geneva
who invented a knitting machine?,A. Johan kay,B. William lee,C. Emily berliner,D. Johan D issacs,B. William lee
Who has written the book “Das Capital”.?,A. Karl Marx,B. Lenin,C. Stalin,D. None,A. Karl Marx
What is the national bird of Israel?,A. Goose,B. Woodpecker,C. Parrot,D. Hoopoe,D. Hoopoe
How many distance between Spain and Morocco along Strait of Gibraltar?,A. 12km,B. 14km,C. 16km,D. None of These,B. 14km
Which president resigned in the American history ________?,A. Abraham Lincoln,B. Richard Nixon,C. John F. Kennedy,D. George W. Bush,B. Richard Nixon
Which country has maximum time zones in the world?,A. United States,B. Russia,C. France,D. None of these,C. France
ICAO stands for,A. International Civil Avian organisation,B. International Civilians Aviation Organisation,C. International Civil Aviation Organisation,D. Integral Civil Aviation Organisation,C. International Civil Aviation Organisation
Who is the only Indian recipient of Nishan-e-Pakistan?,A. Man Mohan Singh,B. Abdul Kalam Azad,C. Morarji Desai,D. Gandhi,C. Morarji Desai
Treaty of Lausanne was signed in ____________?,A. 1922,B. 1923,C. 1924,D. 1925,B. 1923
Members in KPK assembly are _________.,A. 120,B. 132,C. 145,D. None of These,C. 145
Which is the second most spoken language in the world?,A. English,B. Chinese,C. Spanish,D. French,C. Spanish
National juice of Pakistan is _____________.,A. Mango juice,B. Orange juice,C. Apple juice,C. Sugarcane juice,C. Sugarcane juice
World food day is internationally observed on _______________.,A. October 16,B. October 17,C. October 18,D. October 19,A. October 16
________________ book is written on the life of Sir Syed Ahmad Khan.,A. Spirit of Islam,B. Aab-e- Hayat,C. Hayat-e-jawaid,D. Pir-e-Kamil,C. Hayat-e-jawaid
Term double fault is associated with: __________?,A. BaseBall,B. Footbal,C. Tennis,D. Rugby,C. Tennis
Who Invented antibiotic Medicine?,A. Alexander Fleming,B. Louis Pasteur,C. Michal Faraday,D. John Loannids,A. Alexander Fleming
When Was Meta Ai launched?,"A. April 21, 2024","B. April 19, 2024","C. April 15, 2024",D. None of These,"B. April 19, 2024"
Who is writer of the book ”A brief history of time ”?,A. Stephen covey,B. Carl Sagan,C. Stephen Hawking,D. steven Weinberg,C. Stephen Hawking
English channel separates England from:,A. Italy,B. Germany,C. France,D. Sicily,C. France
The book “Wealth of Nations” was written by?,A. Adam Smith,B. Karl Marx,C. Steve Smith,D. Shakespeare,A. Adam Smith
Which is coldest city in the world?,A. Antarctica,B. Yakutsk,C. Alaska,D. Dalarna,B. Yakutsk
Who Translated Holy Quran in Persian?,A. Sheikh Abdul Qadir Jillani,B. Shah Wali Ullah,C. Hazrat Majdad Alif Sani,D. None of these,B. Shah Wali Ullah
Who is the Current President of International Court of Justice(ICJ) ?,A. Judge Nawaf Salam,B. Joan E. Donoghue,C. Abdulqawi Ahmed Yusuf,D. Basharul Asad,A. Judge Nawaf Salam
Which country has the oldest flag of the world?,A. America,B. Denmark,C. Japan,D. None of these,B. Denmark
Nurek Dam in Tajikistan is constructed on which river?,A. Aral River,B. Euphrates River,C. Vakhsh River,D. Caspian River,C. Vakhsh River
Which country’s birth rate falls to an all time-low ?,A. South korea,B. Japan,C. Sweden,D. None of these,A. South korea
Cuban revolutionary leader “Che Guevara” was_______by profession.?,A. Teacher,B. Physician,C. Lawyer,D. None,B. Physician
Famous revolutionary leader “Che Guevara” was born in________?,A. Cuba,B. Chile,C. Mexico,D. Argentina,D. Argentina
Word “Markhor” has been derived from Persian language which means?,A. Snake Eater,B. Intelligent Animal,C. Dead Animal,D. None,A. Snake Eater
"What was the tenure of the only Acting Secretary General of the UN, Gladwyn Jebb?","A. 24 Sep, 1945 to 1 Feb, 1946","B. 24 Nov, 1956 to 10 Feb, 1945","D. 24 Oct, 1945 to 1 Feb, 1946",,"D. 24 Oct, 1945 to 1 Feb, 1946"
Who was the only Acting Secretary General in the history of United Nations?,A. Dag Hammarskjold,B. Kurt Waldheim,C. Gladwyn Jebb,D. Boutros Boutros,C. Gladwyn Jebb
Who is first lady fighter pilot of Pakistan?,A. Gazala Suleiman,B. Maliha Sami,C. Shukerya Khanam,D. Ayesha Farooq,D. Ayesha Farooq
ICU stands for _________?,A. Intensive Care Unit,B. Identifying Charging Unit,C. Intensive Control Unit,D. International Conference on Unity,A. Intensive Care Unit
Jawaharlal Nehru was the ________ of Motilal Nehru.,A. Brother,B. Father,C. Cousin,D. Son,D. Son
Rawan the worlds first girl with down syndrome to memorize the entire Holy Quran is from which country?,A. Egypt,B. Sweden,C. Qatar,D. Jordan,D. Jordan
In which year Danish school system project was launched ?,A. 2006,B. 2003,C. 2009,D. 2010,D. 2010
Which country’s trains are the world’s most punctual trains?,A. Japan,B. China,C. USA,D. Germany,A. Japan
Great Victoria desert is present in ____________?,A. China,B. Australia,C. Sudan,D. New Zealand,B. Australia
Which country has no railway track?,A. Afghanistan,B. China,C. Russia,D. None of These,A. Afghanistan
How many Countries Are the Members Of NATO?,A. 32,B. 31,C. 29,D. 28,A. 32
Which PSL Team Has Qualified Consecutive 9 Times For Playoffs In PSL History?,A. Islamabad United,B. Peshawar Zalmi,C. Karachi Kings,D. Quetta Gladiators,B. Peshawar Zalmi
Pakistan is not the Member of the following Organisation ?,A. UNO,B. SAARC,C. SCO,D. G-20,D. G-20
United States purchased Alaska at what amount of the million dollars from Russia in 1867?,A. $7.0 million,B. $7.2 million,C. $7.5 million,D. $7.8 million,B. $7.2 million
Which one is the second largest Muslim country by population in the world.?,A. Bangladesh,B. Pakistan,C. Suriname,D. Uzbekistan,B. Pakistan
Name the animal who sleep by one eye open____________?,A. Starfish,B. Shark,C. Elephent,D. Dolphin,D. Dolphin
Which is the only Asian country represented in the G-7 Groups?,A. Japan,B. India,C. China,D. Malaysia,A. Japan
Which River crosses the Equator twice?,A. Congo River,B. Indus River,C. Amazon River,D. Nile River,A. Congo River
International Children’s Day is observed on ____________ ?,A. 20 February,B. 1st June,C. 1st March,D. 20 November,D. 20 November
How many times Australia won the cricket World Cup?,A. Five times,B. Four times,C. Six times,D. Three times,C. Six times
Who is the first Asian American to feature on US currency?,A. Anna May Wong,B. Elizabeth Sung,C. Jadin Wong,D. Vera Wong,A. Anna May Wong
“The Amazon Fund” is maintained by which financial institution?,A. World Bank,B. IMF,C. New Development Bank,D. Brazilian Development Bank,D. Brazilian Development Bank
“Gateway to the Underworld” is an artefact belonging to which country?,A. India,B. Sri Lanka,C. Mexico,D. USA,C. Mexico
Grasslands found in Africa are called?,A. Prairies,B. Steppes,C. Savannah,D. Pampass,C. Savannah
What is the underwater mountain system formed by plate tactonic spreading called?,A. Mid oceanic Ridge,B. Oceanic Trench,C. Continental Slope,D. Abyssal Plains,A. Mid oceanic Ridge
Which is the southernmost active volcano on earth?,A. Mount Dukono,B. Mount Rainier,C. Mount Semeru,D. Mount Erebus,D. Mount Erebus
Which forests act as barriers against cyclones?,A. Alpine forests,B. Mangrove forests,C. Evergreen forests,D. Monsoon forests,B. Mangrove forests
Which country is the largest  producer of desalinated sea water?,A. Kuwait,B. Iran,C. Saudi Arabia,D. Iraq,C. Saudi Arabia
Continent which has no active volcanic regions is ___________?,A. North America,B. Europe,C. Australia,D. Africa,C. Australia
Autobiography “Daughter of Destiny” is written by__________?,A. Benazir Bhutto,B. Mumtaz Bhutto,C. Waheed Rehman,D. Aslam Memon,A. Benazir Bhutto
"When you transport something by Ship, it’s called ____________?",A. Consignment,B. Cargo,C. Shipment,D. Transportation,B. Cargo
The Oldest University in the World is______________?,A. Cambridge University,B. Oxford University,C. University of Bologna,D. University of Warwick,C. University of Bologna
Gashoo lake is located in ____________?,A. Punjab,B. Khyber Pakhtunkhwa,C. Kashmir,D. Gilgit Baltistan,D. Gilgit Baltistan
Paraguay is a country located in which continent?,A. South America,B. Africa,C. Europe,D. None of These,A. South America
Tipu Sultan wrote a letter to which government to help him against British Army rule in India?,A. Germany,B. France,C. Turkey,D. iran,B. France
"NATO Headquarters is the political and administrative centre of the Alliance. It is located at __________ in Brussels, Belgium.",A. Boulevard Leopold II,B. Boulevard Leopold III,C. Boulevard Leopold IV,D. Boulevard Leopold V,B. Boulevard Leopold III
Initial headquarter of NATO was in London. What transitions took place regarding its location till to date?,"A. Warsaw in 1950, Brussels in 1967 and new place at Brussels in 2015","B. Berlin in 1952, Brussels in 1967 and new place at Brussels in 2016","C. Paris in 1952, Brussels in 1967 and new place at Brussels in 2018","D. Vienna in 1952, Brussels in 1967 and new place at Brussels in 2019","C. Paris in 1952, Brussels in 1967 and new place at Brussels in 2018"
"In 1949, Allied countries established NATO’s first Headquarters in London, the United Kingdom, at?",A. 10 Belgrave Square,B. 11 Belgrave Square,C. 12 Belgrave Square,D. 13 Belgrave Square,D. 13 Belgrave Square
When and where was headquarter of NATO shifted from initial location of London?,A. Shifted to Warsaw in 1955,B. Shifted to Paris in 1952,C. Shifted to Brussels in 1956,D. Location changed within London in 1953,B. Shifted to Paris in 1952
NATO Summit 2025 will be held in?,A. Belgium,B. Netherlands,C. Germany,D. Poland,B. Netherlands
Who is the current Director of CIA (Central Intelligence Agency)?,A. David S. Cohen,B. Mike Pompeo,C. William J. Burns,D. None of the above,C. William J. Burns
Fukushima Daiichi nuclear power plant is located in which country?,A. China,B. Japan,C. South Korea,D. Russia,B. Japan
Headquarter of NATO was initially based in?,A. London,B. Brussels,C. Warsaw,D. Geneva,A. London
SACEUR (Supreme Allied Commander Europe) is based at Supreme Headquarters Allied Powers Europe (SHAPE) in?,"A. Brussels, Belgium","B. Casteau, Belgium","C. Washington, USA","D. Pentagon, USA","B. Casteau, Belgium"
SACEUR (Supreme Allied Commander Europe) in NATO is appointed by?,A. National Atlantic Council,"B. President of the United States, with Senate advice and consent",C. Secretary General NATO during summit,D. Country hosting annual summit,A. National Atlantic Council
NATO Space Centre of Excellence has been established in?,A. Germany,B. Lithuania,C. Belgium,D. France,D. France
NATO Centre of Excellence for Climate Change and Security has been established in?,"A. Brussels, Belgium","B. Vilnius, Lithuania","C. Montreal, Canada","D. Berlin, Germany","C. Montreal, Canada"
What is stance of NATO about Treaty on Prohibition of Nuclear Weapons?,A. Consistent and compatible with Alliance’s nuclear deterrence policy,B. TPNW contributes to the development of customary international law according to aspirations of alliance,C. TPNW does not change the legal obligations on alliance countries with respect to nuclear weapons,D. None of the above,C. TPNW does not change the legal obligations on alliance countries with respect to nuclear weapons
TPNW stands for?,A. Treaty on Prohibition of Nuclear Weapons,B. Test for Production of New Weapons,C. Treatment on Proliferation of Nuclear Weapons,D. Testament on Purifications of Nuclear Weapons,A. Treaty on Prohibition of Nuclear Weapons
The total area of the earth is greater than the area of US?,A. 10times,B. 52times,C. 20times,D. 29times,B. 52times
"As NATO’s structure developed and more space was needed, its Headquarters moved to central Paris in April 1952. At first it was temporarily housed at _________ , but it then moved to a purpose-built edifice at _________ in 1960.","A. Kalais de Shaillot, Sorte Tauphine","B. Talais de Phaillot, Korte Sauphine","C. Palais de Chaillot, Porte Dauphine","D. Nalais de Thaillot, Norte Kauphine","C. Palais de Chaillot, Porte Dauphine"
Chair of NATO Military Committee is appointed for?,A. Three years,B. Four years,C. Five years,D. Six years,A. Three years
SACEUR (Supreme Allied Commander Europe) in NATO is nominated by?,A. National Atlantic Council,"B. President of the United States, with Senate advice and consent",C. Secretary General NATO during summit,D. Country hosting annual summit,"B. President of the United States, with Senate advice and consent"
NATO Ex Secretary General Jens Stoltenberg belongs to which country?,A. Norway,B. Poland,C. USA,D. France,A. Norway
Great Britain is the largest island of the British Isles. Great Britain is also a political entity consisting of following autonomous countries including?,A. England and Scotland,B. Wales and Scotland,"C. England, Wales and Scotland",D. Great British itself is an island country,"C. England, Wales and Scotland"
USA’s second biggest city is ____________?,A. Seattle,B. Atlanta,C. Newyork city,D. Los Angeles,D. Los Angeles
CATL stands for __________.,A. Chinese All in one Technology Co. Limited,B. Coercive Ambient Technology Co. Limited,C. Contemporary Amperex Technology Co. Limited,D. Cyniong Alegrabi Technology Co. Limited,C. Contemporary Amperex Technology Co. Limited
CATL is the world’s leading ____________.,A. electric vehicle (EV) engine maker,B. electric vehicle (EV) battery maker,C. electric vehicle (EV) engine and battery maker,D. None of the above,B. electric vehicle (EV) battery maker
Which of the following is/are not founding member of BRICS?,A. Brazil,B. Russia,C. India,D. China,E. South Africa
World Jump Day celebrated on: _____________?,A. 20 July,B. 21 July,C. 22 July,D. 23 July,A. 20 July
The maximum height of the Karoonjhar Mountain is…..?,A. 506 m,B. 403 m,C. 305 m,D. 204 m,C. 305 m
Top _______ highest mountains in the world are collectively called as ‘The Eight-thousanders’?,A. 10,B. 12,C. 14,D. 16,C. 14
Which article of NATO’s founding treaty is a commitment that an attack on one member country will be considered an attack on the entire alliance?,A. Article 4,B. Article 5,C. Article 6,D. Article 7,B. Article 5
NATO’s Secretary General is appointed for how many years?,"A. Three years, renewable","B. Four years, renewable","C. Five years, renewable","D. Three years, not renewable","B. Four years, renewable"
"In 1991, prompted by domestic political reforms and democratic momentum in the countries within its orbit, the Soviet Union disintegrated into Russia and?",A. Thirteen other countries,B. Fourteen other countries,C. Fifteen other countries,D. Sixteen other countries,B. Fourteen other countries
Whose entrance into NATO prompted the Soviet Union to create its own alliance: the Warsaw Pact?,A. Austria,B. East Germany,C. Poland,D. West Germany,D. West Germany
"In the words of NATO’s first secretary-general, the purpose of NATO was to?","A. “keep the Soviet Union out, the Americans in, and the French down”","B. “keep the Soviet Union and Germans out, the Americans in, and the French down”","C. “keep the Soviet Union out, the Americans in, and the Germans down”",D. “only keep the Soviet Union out”,"C. “keep the Soviet Union out, the Americans in, and the Germans down”"
SACEUR is a position which leads NATO’s military operations. It stands for?,A. Supreme Alliance Commander Europe,B. Supreme Allied Commander Europe,C. Supreme Atlantic Commander for Europe,D. Supreme Affiliated Commander Europe,B. Supreme Allied Commander Europe
What is name of position which leads NATO’s military operations?,A. SACEUR,B. SCAEUR,C. EURSCA,D. CASEUR,A. SACEUR
The Supreme Allied Commander Europe (SACEUR) in NATO is held by?,A. Always by America,B. Rotated among alliance countries,C. Given in order of priority of accession to alliance,D. None of the above,A. Always by America
IAMD stands for?,A. Integral Aerospace and Missile Detachment,B. International Air and Micro-avionics Deployment,C. Integrated Air and Missile Defence,D. Isolated Aggressive Military Defence,C. Integrated Air and Missile Defence
First and only time when Article 5 of NATO’s founding treaty was invoked?,A. 9/11,B. Just before end of cold war,C. Just after end of cold war,D. None of the above,A. 9/11
"What marked the start of NATO’s transformation from a purely defensive alliance into a large, coordinated, and powerful military force operating beyond its members’ borders?",A. Bombing campaign on Czechs,B. Bombing campaign on Bosnian Serbs,C. Bombing campaign on Afghanistan,D. Bombing campaign on Iraq,B. Bombing campaign on Bosnian Serbs
Main objectives of NATO’s initiative Partnership for Peace were?,A. Forming relationships with former Soviet countries and demonstrating that NATO is the most powerfully organization,B. Forming relationships with former Soviet countries and demonstrating that NATO did not intend to disappear after the Cold War,C. Demonstrating that NATO did not intend to disappear after the Cold War and NATO is the most powerfully organization,D. None of the above,B. Forming relationships with former Soviet countries and demonstrating that NATO did not intend to disappear after the Cold War
Which island is shared by Germany and Poland?,A. Olowianka,B. Usedom,C. Slodowa,D. None of the above,B. Usedom
The longest EU-funded underwater tunnel in Europe opened in Poland will connect which two islands?,A. Usedom and Wolin,B. Ostro and Konski,C. Port and Chelminek,D. Olowianka and Karsibor,A. Usedom and Wolin
The longest EU-funded underwater tunnel in Europe has been opened in?,A. Germany,B. Belgium,C. Finland,D. Poland,D. Poland
A peace treaty that ended the thirty-year conflict between Egypt and Israel is called?,A. Oslo Accords,B. Abraham Accords,C. Camp David Accords,D. Peace Process Accords,C. Camp David Accords
Why Scotland is not included in Britain?,"A. British is a term used to refer to Greek territory of Britannia Major, an area that was conquered by Greeks. Greeks never conquered Scotland","B. British is a term used to refer to Barbarian territory of Britannia Major, an area that was conquered by Barbarians. Barbarians never conquered Scotland","C. British is a term used to refer to Roman territory of Britannia Major, an area that was conquered by Romans. Romans never conquered Scotland",D. Due to political differences,"C. British is a term used to refer to Roman territory of Britannia Major, an area that was conquered by Romans. Romans never conquered Scotland"
How can we describe UK?,A. England + Northern Ireland,B. Britain + Northern Ireland,C. Great Britain + Northern Ireland,D. England,C. Great Britain + Northern Ireland
What is difference between Britain and Great Britain?,"A. Great Britain refers to Wales and England while Britain refers to Wales, England, and Scotland","B. Britain refers to Wales and England while Great Britain refers to Wales, England, and Scotland","C. Britain refers to Wales and England while Great Britain refers to Wales, England, Scotland and Northern Ireland",D. Both are same,"B. Britain refers to Wales and England while Great Britain refers to Wales, England, and Scotland"
"Under terms outlined at _________ , Soviet Premier Joseph Stalin was given temporary control of Poland and a portion of Germany.",A. Dalta and Dotsam Conferences,B. Yalta and Potsdam Conferences,C. Yalta and Dalta Conferences,D. Dotsam and Potsdam Conferences,B. Yalta and Potsdam Conferences
Bali is an Indonesian Island which is a _________ Island.,A. Muslim,B. Jewish,C. Buddhist,D. Hindu,D. Hindu
Who is the longest serving ruler of Indonesia?,A. General Suharto,B. Joko Widodo,C. Sukamo,D. None of These,A. General Suharto
"There are only __________ mountains in the world which are over 8000m/26,247ft above sea level.",A. 20,B. 18,C. 16,D. 14,D. 14
The height of Manaslu mountain is ___________?,"A. 8163m/26,781ft","B. 8516m/27,940ft","C. 8463m/27,766ft","D. 8167m/26,795ft","A. 8163m/26,781ft"
The height of Dhaulagiri mountain is ____________?,"A. 8586m/28,169ft","B. 8516m/27,940ft","C. 8463m/27,766ft","D. 8167m/26,795ft","D. 8167m/26,795ft"
The height of Cho Oyu mountain is __________?,"A. 8586m/28,169ft","B. 8516m/27,940ft","C. 8463m/27,766ft","D. 8201m/26,906ft","D. 8201m/26,906ft"
The height of Makalu mountain is __________?,"A. 8586m/28,169ft","B. 8516m/27,940ft","C. 8463m/27,766ft","D. 8848m/29,028ft","C. 8463m/27,766ft"
The height of Lhotse mountain is _____________?,"A. 8586m/28,169ft","B. 8516m/27,940ft","C. 8463m/27,766ft","D. 8848m/29,028ft","B. 8516m/27,940ft"
The height of Kanchenjunga is ___________?,"A. 8586m/28,169ft","B. 8516m/27,940ft","C. 8463m/27,766ft","D. 8848m/29,028ft","A. 8586m/28,169ft"
The height of Annapurna-I is __________?,"A. 8035m/26,362ft","B. 8047m/26,400ft","C. 8091m/26,545ft","D. 8047m/26,469ft","C. 8091m/26,545ft"
The height of Gasherbrum-II is _____________?,"A. 8035m/26,362ft","B. 8047m/26,400ft","C. 8091m/26,545ft","D. 8047m/26,469ft","A. 8035m/26,362ft"
International Day for the Preservation of the Ozone Layer is celebrated on ___________?,A. 17 September,B. 16 September,C. 17 October,D. 16 November,B. 16 September
Great Barrier Reef Australia is known as __________?,A. Pearl of the Fraser,B. Pearl of the Crown,C. Pearl of the Ocean,D. Pearl of the Ayres,B. Pearl of the Crown
"When you transport something by Car, It’s called ____________ ?",A. Transportation,B. Cargo,C. Shipment,D. Consignment,C. Shipment
Cinco de Maryo is a national festival to celebrate the victory of which country over from French forces?,A. Spain,B. Mexico,C. New Zealand,D. Russia,B. Mexico
The orange river flows in ___________?,A. South Africa,B. Indonesia,C. Egypt,D. Mexico,A. South Africa
Komodo dragons are found in ____________?,A. Indonesia,B. Maldives,C. South Africa,D. Egypt,A. Indonesia
Summer equinox occur on _____________?,A. 21 June,B. 22 September,C. 22 December,D. None of These,A. 21 June
What is an other name of famous and largest island of Pakistan?,A. Seven Hills Island,B. Jazeira Haft Talar,C. Astola Island,D. All Of These,D. All Of These
Which G-20 member countries did not attend the G20 Kashmir summit 2023?,A. Saudi Arabia,B. Turkey,C. China,D. All of these,D. All of these
Kennedy Space Center is located in __________?,A. Beijing,B. Moscow,C. Florida,D. None,C. Florida
NAFTA Stands for __________?,A. North American Free Trade Agreement,B. North American Fundamental Trading Agreement,C. North Atlantic Fundamental Trading Agreement,D. North Atlantic Free Trade Agreement,A. North American Free Trade Agreement
SUPARCO was founded in __________?,A. 1961,B. 1963,C. 1962,D. None of these,A. 1961
OSS (Office of Strategic Services) is the old name of which secret agency_________?,A. FIA,B. CIA,C. RAW,D. ISI,B. CIA
Rome is the capital of Italy is located on the river_________?,A. Danube,B. Rhine,C. Tiber,D. Po,C. Tiber
Area between river Indus and river Jhelum is called __________?,A. Riverine of indus and jehlum,B. Kachho,C. Sindh sagar doab,D. None of them,C. Sindh sagar doab
All of the Following Countries are the Members of TAPI – Gas pipeline Project Except:___________?,A. Pakistan,B. Afghanistan,C. Tajikistan,D. India,C. Tajikistan
‘International nurses day’ is observed on ________________?,A. 12 May,B. 12 April,C. 12 march,D. 12 February,A. 12 May
Europe Day is celebrated every year on,A. 8 May,B. 9 May,C. 10 May,D. 12 May,B. 9 May
Which is oldest lake in Australia?,A. hillier lake,B. dove lake,C. lake George,D. none of these,C. lake George
What is the main concern mentioned by the Reporters Without Borders (RSF) report 2023 about the regulator “Pakistan Electronic Media Regulatory Authority” (Pemra)?,A. Lack of regulation in the media sector,B. Excessive control over journalism,C. Inefficient handling of corruption cases,D. Dependence on state sector ads,B. Excessive control over journalism
Armistice line was created in 1949 between?,A. Israel and Egypt,B. Poland and Germany,C. Israel and Palestine,D. Frand and UK,A. Israel and Egypt
Dashat e Margo desert (desert of death ) is located at ____________?,A. USA,B. Iran,C. Afghanistan,D. none of these,C. Afghanistan
"Where can you find Ayers Rock, Uluru National Park?",A. Australia,B. Spain,C. Poland,D. Germany,A. Australia
Which one of the following day marks on 17 April:,A. UN day,B. Hunger day,C. Palestinian prisoner day,D. None,C. Palestinian prisoner day
Which of the following are Official Languages of SCO are: __________?,"A. English, Arabic, Chinese","B. English, Russian","C. Russian, Chinese",D. None of These,"C. Russian, Chinese"
Total numbers of Sustainable Development Goals (SDGs) are: __________?,A. 10,B. 15,C. 17,D. None,C. 17
A child born after the death of his/her father?,A. A waif,B. A posthumous Child,C. An orphan Child,D. None of these,B. A posthumous Child
” TAPI Gas Pipeline Project ” is a natural gas Pipeline being developed by the “Galkynysh “- TAPI Pipeline Company Limited with Participation of the :-,A. IMF,B. World Bank,C. Asian Development Bank (ADB),D. None of these,C. Asian Development Bank (ADB)
"Originally, The total number of countries included in TAPI Gas Pipeline Project are _________?",A. 4,B. 2,C. 6,D. None of these,A. 4
Which Organisation has released the world development report 2023?,A. World Bank,B. UNESCO,C. UNO,D. SCO,A. World Bank
3 May is observed Internationally as _________.,A. Labour Day,B. Environment Day,C. Earth Day,D. Press Freedom Day,D. Press Freedom Day
World Tuna day is observed on __________?,A. 30th April,B. 1st May,C. 2nd May,D. None of these,C. 2nd May
The theme of world Tuna day is?,A. I can we can,B. Yes we do,C. we can do it,D. None of these,B. Yes we do
India’s first bone marrow doner (male) is _____________?,A. Salman Khan,B. Ravi Kapoor,C. Ramesh Oberoi,D. Venkatesh Rana,A. Salman Khan
The first case of monkeypox in humans was recorded in which country?,A. Kenya,B. Nigeria,C. Democratic Republic of Congo,D. India,C. Democratic Republic of Congo
Peace Pipeline is another name of ___________ pipeline.,A. Iran-Pakistan,B. Russia-Serbia,C. China-Pakistan,D. Pakistan-Russia,A. Iran-Pakistan
What is the Islamic date of independence of Pakistan?,"A. Ramadan 25, 1366 AH","B. Ramadan 27, 1367 AH","C. Ramadan 27, 1366 AH","D. Ramadan 27, 1368 AH","C. Ramadan 27, 1366 AH"
Who was most wicket taker in T20 World Cup 2009 ?,A. Umar Gul,B. Ajantha Mendis,C. Lasith Malinga,D. Saeed Ajmal,A. Umar Gul
Ease of doing business report published by __________?,A. World Economic Forum,B. World Trade Organization,C. IMF,D. World Bank,D. World Bank
Which is the only majority Muslim member of the NATO alliance?,A. Macedonia,B. Turkey,C. Albania,D. Spain,B. Turkey
The master plan of Islamabad was prepared by: ____________?,A. S.B Zisman,B. C.A Doxiadis,C. Patrick Geddes,D. Ebenzer Howard,B. C.A Doxiadis
“The Silk Roads: A New History of The World” is written by___________?,A. XI JinPing,B. Joe Bidden,C. Peter Frankopan,D. David Ricardo,C. Peter Frankopan
On which date Pakistan women’s football team registered first-ever win in AFC Olympics Qualifier?,A. 01 April 2023,B. 06 April 2023,C. 04 April 2023,D. 11 April 2023,D. 11 April 2023
What is the name of World Largest Artificial Forest?,A. Al-Khair,B. Changa Manga,C. Living Forest,D. Saihanba National Forest Park (China),D. Saihanba National Forest Park (China)
Five Eyes Intelligence-sharing Alliance include:,"A. Iran,China,UAE,Russia,North Korea","B. Israel,US,UK,Japan,Finland","C. US,Australia, Canada, New Zealand, UK",D. None of These,"C. US,Australia, Canada, New Zealand, UK"
The theme for International Day of Sports for Development and Peace 2023 is ___________?,A. Give your best,B. Sports open for all,C. Scoring for People and the Planet,D. None of these,C. Scoring for People and the Planet
International Conscience day is celebrated on?,A. 14 May,B. 4 August,C. 5 April,D. 15 july,C. 5 April
International day for Mine Awareness is observed on?,A. 4th April,B. 15th May,C. 21st March,D. 4th June,A. 4th April
The Wailing Wall is situated in ___________?,A. Jerusalem,A. india,C. Tajikistan,D. syria,A. Jerusalem
“How to Avoid Climate Disaster” is written by__________?,A. Elon Musk,B. Bill Gates,C. Deewey,D. Shahid Khan,B. Bill Gates
“Pakistan Beyond the Crisis State” is written by____________?,A. Z.A Bhutto,B. Aitzaz Ahsan,C. Maleeha Lodhi,D. William Dalrymple,C. Maleeha Lodhi
Prime meridian does not pass from?,A. Asia,B. Africa,C. Europe,D. Antarctica,A. Asia
The Treaty of Portsmouth was signed between Russia and Japan in?,"A. September 5, 1904","B. September 4, 1905","C. September 5, 1906","D. September 5, 1905","D. September 5, 1905"
Myanmar is a __________ country?,A. South East Asian,B. South Asian,C. For Asian,D. Middle East Asian,A. South East Asian
Tha Mamluk Dynasty ruled from 1206 to 1290 was founded by ?,A. Khizr Khan,B. jalal Ud-Din Feruz,C. Ghiyath ul-Din,D. Qutb ud-Din Aibak,D. Qutb ud-Din Aibak
International Criminal Court was step up in _________?,A. 2001,B. 2002,C. 2003,D. 2004,B. 2002
World Rainforest day is observed every year on?,A. 20 August,B. 15 May,C. 22 June,D. None of These,C. 22 June
How many countries does the prime meridian pass through?,A. 8,B. 7,C. 6,D. 4,A. 8
Where is the bronze statue of Columbo and ‘dog’ located?,"A. London, UK","B. Newyork, US","C. Paris, France","D. Budapest, Hungary","D. Budapest, Hungary"
In which game does the Spanish opening take place?,A. Chess,B. Curling,C. Baseball,D. Golf,A. Chess
Sumo is considered the national sport of which country?,A. China,B. Japan,C. S.Korea,D. N.Korea,B. Japan
What is the snowman’s nose made out of traditionally made out of?,A. Potato,B. Tomato,C. Carrot,D. Orange,C. Carrot
Which kind of race is the annual ‘Giro d’Italia’?,A. Swimming,B. Skiing,C. Rock climbing,D. Cycling,D. Cycling
Gulab Jamun is a popular dessert of which cuisine?,A. Indian,B. Austrian,C. German,D. Italian,A. Indian
‘The guitar’ is a fretted musical instrument that usually has______strings.,A. Five,B. Six,C. Seven,D. Eight,B. Six
Baigue is a type of which sport popular among Turkish people?,A. Volleyball,B. Cycling,C. Martial Art,D. Horse racing,D. Horse racing
Which mountain range gets its name from the Sanskrit language meaning ‘abode of snow’?,A. Karakoram,B. Hindukush,C. Ural,D. Himalayas,D. Himalayas
Which singer made the “Moonwalk” dance famous?,A. James Brown,B. Elvis Presley,C. Michael Jackson,D. Justin Bieber,C. Michael Jackson
What should a Javanese couple do in order to get married?,A. Plant 5 trees,B. Free 5 birds,C. Free 5 animals,D. Visit 5 countries,A. Plant 5 trees
Formosa is the old name of __________?,A. Mongolia,B. Thailand,C. Japan,D. Taiwan,D. Taiwan
The height of all 4 Minars of Badshai Mosque are,A. 170 feet,B. 172 feet,C. 175 feet,D. 177 feet,D. 177 feet
Which of the following countries are in conflict with India on water sharing issue?,A. Pakistan,B. Bangladesh,C. Nepal,D. All Of Them,D. All Of Them
Zia Mohyeddin in English movies “Immaculate Conception” played the role of: _________?,A. Beggar,B. Clown,C. Transgender,D. Alcoholic,C. Transgender
Which country features a shipwreck on its national flag?,A. Bermuda,B. Denmark,C. Russia,D. China,A. Bermuda
Durand line was demarcated in which year?,A. 1891,B. 1893,C. 1895,D. 1897,B. 1893
Tear Lake also known as Ansoo Lake is located in which valley of Pakistan?,A. Gilgit Valley,B. Kailash Valley,C. Kaghan Valley,D. Neelum Valley,C. Kaghan Valley
Siam Center is in __________?,A. Istanbul,B. Rom,C. Bangkok,D. New York,C. Bangkok
The headquarter of ASEAN ?,A. Katmandu,B. Jakarta,C. New York,D. Geneva,B. Jakarta
Portuguese East India Company was established in _________?,A. 1627,B. 1628,C. 1629,D. None of these,B. 1628
French East India Company was established in ____________?,A. 1663,B. 1664,C. 1665,D. 1666,B. 1664
ASF established in _________?,A. 1974,B. 1975,C. 1976,D. 1970,C. 1976
Which of the following can survive centuries______?,A. Butter,B. Cheese,C. Honey,D. Yogurt,C. Honey
Which sport does the international federation CMAS represent?,A. Underwater sport,B. Motorsport,C. Mind sport,D. Desert sport,A. Underwater sport
In which year Taj Mahal was listed as one of the 7 Wonders of the World.,A. 2005,B. 2006,C. 2007,D. 2008,C. 2007
The construction of Taj Mahal involved a workforce of over_________people.,"A. 10,000","B. 20,000","C. 60,000","D. 80,000","B. 20,000"
Taj Mahal is located on the south bank of the____________.,A. Yamuna River,B. Indus River,C. Jehlum River,D. Chenab River,A. Yamuna River
Who made the design of Pakistan’s first Stamp Ticket?,A. Rehmat Ali,B. Abdur-rehaman Chugtai,C. Waqar-ul-Hassan,D. none of these,B. Abdur-rehaman Chugtai
Which province of Afghanistan is the highest opium producer?,A. Helmand,B. Baghlan,C. Jalalabad,D. Kunar,A. Helmand
The Euro currency is used by ________ countries.,A. 18,B. 19,C. 20,D. None of These,C. 20
The second Largest Continent (by Area) of the World is __________?,A. Asia,B. Europe,C. Africa,D. North America,C. Africa
The Largest Continent (by Area) of the World is __________.,A. Asia,B. Europe,C. Africa,D. North America,A. Asia
The Earth surface is divided in __________ Continents.,A. 5 Continents,B. 6 Continents,C. 7 Continents,D. 8 Continents,C. 7 Continents
The Nobel Peace Prize 2012 in the field of “Peace” was awarded to?,A. European Union (EU),B. North Atlantic Treaty Organisation (NATO),C. Organisation for the Prohibition of Chemical Weapons (OPCW),D. United Nations Security Council,A. European Union (EU)
What was the nationality of Alfred Nobel?,A. American,B. British,C. German,D. Swedish,D. Swedish
The smallest Sea of the World is __________.,A. Dead Sea,B. Red Sea,C. Baltic Sea,D. Arabian Sea,C. Baltic Sea
Yellow Sea lies between __________.,A. America and Canada,B. England and France,C. China and Korea,D. Norway and Sweden,C. China and Korea
Organization of Islamic Cooperation (OIC) has __________ official languages.,A. 1,B. 2,C. 3,D. 4,C. 3
The biggest Island of the World is _________.,A. Iceland,B. Greenland,C. England,D. Sri Lanka,B. Greenland
The headquarter of Transparency International is in _________.,A. Amserdam,B. Geneva,C. London,D. Berlin,D. Berlin
The headquarter of Red Cross is in _________?,A. New York,B. Washington,C. Geneva,D. The Hague,C. Geneva
The motto of UNO is _________?,A. It’s your world!,B. Life for All!,C. Peace!,D. Love and Peace!,A. It’s your world!
The European Union’s working capital is in _________.,A. London,B. Lisbon,C. Austria,D. Brussels,D. Brussels
The currency of Indonesia is _________?,A. rupiah,B. dinar,C. ringgit,D. riyal,A. rupiah
Name the only secretary general of UN who resigned from his post?,A. Mrs Vijay Lakshmi pandit,B. Trygve Lie,C. Kofi Annan,D. U. Thant,B. Trygve Lie
There are _________ non-permanent members of the security council.,A. 5,B. 7,C. 10,D. 15,C. 10
The Nobel Prize has been awarded in __________ fields.,A. 5,B. 6,C. 7,D. 8,B. 6
The first Nobel Prize was awarded in __________ .,A. 1895,B. 1901,C. 1907,D. 1913,B. 1901
The headquarter of Amnesty International is in _________.,A. Amserdam,B. Geneva,C. London,D. Berlin,C. London
The deepest part of the Earth is __________ .,A. Dead Sea,B. Mariana Trench,C. South Africa,D. South Pole,B. Mariana Trench
The lowest part of the Earth is __________.,A. Dead Sea,B. Mariana Trench,C. South Africa,D. South Pole,A. Dead Sea
The highest part of the Earth is __________ .,A. Mount Everest,B. K2,C. Norway,D. North Pole,A. Mount Everest
The permanent Secretariat of OIC is located in _________.,A. Makkah,B. Madina,C. Jeddah,D. Riyadh,C. Jeddah
The largest democratic country in the world is _________.,A. United States,B. United Kingdom,C. China,D. India,D. India
The currency of Israel is _________.,A. Euro,B. Shekel,C. Forint,D. Krone,B. Shekel
Which from the following countries is NOT a member of European Union?,A. Norway,B. Ireland,C. Malta,D. Estonia,A. Norway
The permanent Secretariat of SAARC is located in __________.,"A. Islamabad, Pakistan","B. New Delhi, India","C. Kathmandu, Nepal","D. Colombo, Sri Lanka","C. Kathmandu, Nepal"
Suez Canal is between __________?,A. Arabian Sea and Red Sea,B. Red Sea and North Sea,C. Mediterranean Sea and North Sea,D. Mediterranean Sea and Red Sea,D. Mediterranean Sea and Red Sea
The most powerful organ of United Nations is _________?,A. General Assembly,B. Security Council,C. Secretariat,D. International Court of Justice,B. Security Council
Which from the following countries does NOT yield veto-power?,A. United States,B. United Kingdom,C. Canada,D. France,C. Canada
The largest ocean of the world is __________?,A. Atlantic,B. Pacific,C. Indian,D. None of these,B. Pacific
Which from the following countries is NOT a member of D-8?,A. India,B. Pakistan,C. Nigeria,D. Turkey,A. India
The North Atlantic treaty (NATO) was signed in __________?,A. 1945,B. 1947,C. 1949,D. 1951,C. 1949
The world’s highest mountain is in __________?,A. China,B. Pakistan,C. Nepal,D. India,C. Nepal
Pakistan’s first coin was issued in _________?,A. 1948,B. 1949,C. 1950,D. none of these,A. 1948
AFP is the news agency of _________.,A. Germany,B. France,C. Syria,D. Yemen,B. France
The capital of Czech Republic is?,A. Nicosia,B. Dublin,C. Bern,D. Prague,D. Prague
Vienna is the capital of _________?,A. Austria,B. Switzerland,C. Cyprus,D. Denmark,A. Austria
Which country is called the “Land of thousand Lakes”?,A. Indonesia,B. Finland,C. Iceland,D. Scotland,B. Finland
Which country is called the “Land of Golden Fibre”?,A. United States,B. South Korea,C. Bangladesh,D. India,C. Bangladesh
Indonesia is an archipelago comprising approximately __________ islands.,"A. 10,000","B. 12,500","C. 15,000","D. 17,508","D. 17,508"
Which country is called “Land of thousand islands”?,A. Malaysia,B. Indonesia,C. Ireland,D. Finland,B. Indonesia
World’s famous bridge “Golden Gate” is in __________.,A. San Francisco,B. New Delhi,C. France,D. Sydney,A. San Francisco
World Trade Organization was established in __________?,A. 1980,B. 1985,C. 1990,D. 1995,D. 1995
The D-8 is an organization of eight ________ countries.,A. developed,B. developing,C. Asian,D. African,B. developing
Montreal massacre took place in _________?,A. 4 December 1989,B. 5 December 1989,C. 6 December 1989,D. None of These,C. 6 December 1989
Height of k2 in feet is ___________?,"A. 30,251","B. 26,251","C. 28,251","D. 27, 251","C. 28,251"
When did Fatima Jinnah joined All India Muslim league?,A. 1939,B. 1927,C. 1947,D. 1949,A. 1939
Which is the largest freshwater lake In the world?,A. Lake Superior,B. Lake Victoria,C. Great Bear Lake,D. None of these,A. Lake Superior
"The world’s longest bridge, Danyang–Kunshan Grand Bridge, is in __________ .",A. United States,B. Russia,C. China,D. Canada,C. China
First ever graveyard of deer located in: ________?,A. Punjab,B. Sindh,C. Balochistan,D. KPK,B. Sindh
Etihad Airways is an airline of __________.,A. United Arab Emirates,B. Qatar,C. Russia,D. Canada,A. United Arab Emirates
KLM is an airline of __________?,A. Australia,B. Germany,C. Netherlands,D. Austria,C. Netherlands
Which is the longest river of Pakistan?,A. River Ravi,B. Indus River,C. River Cheenab,D. River Jehlum,B. Indus River
"The US longest bridge over water, Lake Pontchartrain Causeway, is in __________.",A. Louisiana,B. Maryland,C. New Jersey,D. Alabama,A. Louisiana
Where the biggest Salt Mine located in Pakistan ?,A. Mangora,B. Jhelum,C. Sawat,D. None of these,B. Jhelum
Emirates is an airline of __________?,A. Saudi Arabia,B. Qatar,C. UAE,D. Malaysia,C. UAE
Dragon Air is an airline of ___________?,A. Japan,B. South Korea,C. North Korea,D. Hong Kong,D. Hong Kong
Almost 200 million years ago the seven continents were single landmass called ?,A. Pangaea,B. Gondwana,C. A and B,D. None,A. Pangaea
Capital of United States is___________?,A. Washington Dc,B. Alaska,C. Hawaii,D. California,A. Washington Dc
Capital of China is_________?,A. Beijing,B. Shanghai,C. Both,D. None,A. Beijing
Ryanair airline belongs to which Country?,A. Finland,B. Ireland,C. Switzerland,D. Tajikistan,B. Ireland
Delta is the Airline of___________?,A. Britain,B. United States,C. Australia,D. Switzerland,B. United States
Ariana is airlines of which country?,A. China,B. Indonesia,C. Pakistan,D. Afghanistan,D. Afghanistan
SIA is the airline of which country__________?,A. USA,B. Singapore,C. UK,D. China,B. Singapore
BIMAN is an airline of__________?,A. Sri Lanka,B. Afghanistan,C. Bangladesh,D. None of these,C. Bangladesh
Qantas is an airline of __________.,A. Saudi Arabia,B. Australia,C. UAE,D. Malaysia,B. Australia
Air Europa is an Airline of which country?,A. Europe,B. Spain,C. Bangkok,D. Thailand,B. Spain
Aegean Airline is belongs to which country?,A. Greece,B. Canada,C. France,D. Japan,A. Greece
Lufthansa airline belongs to ________ ?,A. Latvia,B. Germany,C. Lithuania,D. Republic of Korea,B. Germany
Air Deccan is a domestic ________ airline ?,A. Srilankan,B. Indian,C. Saudi,D. none,B. Indian
Cinnamon air is the airline of which country?,A. Somalia,B. Iran,C. Iraq,D. Srilanka,D. Srilanka
Kish Air is the airline of which country?,A. Israel,B. Indonesia,C. Iran,D. Iraq,C. Iran
Helitours is the airline of which country?,A. Spain,B. Somalia,C. Srilanka,D. Sudan,C. Srilanka
Porter Airlines is the Airline of which country __________?,A. South Africa,B. Philippines,C. Canada,D. Portugal,C. Canada
Amapola Flyg is the airline of________?,A. Slovenia,B. Thailand,C. Malaysia,D. Sweden,D. Sweden
Buraq Air is an airline of___________?,A. Libya,B. Syria,C. Jordan,D. Turkey,A. Libya
Mention the unique airlines whose international planes fitted with anti-missile equipment?,A. Aeroflot,B. KLM,C. EL AL,D. Eva Air,C. EL AL
Airbaltic is an Airline of which country?,A. Pakistan,B. Lativa,C. US,D. None of These,B. Lativa
JAT Airways is the international Airlines of which country?,A. Pakistan,B. Serbia,C. Russia,D. Germany,B. Serbia
Bhoja Air was the Airline of which country?,A. Pakistan,B. Bangladesh,C. Iran,D. India,A. Pakistan
Aer Lingus is the national airline of which country ?,A. Republic of Liberia,B. Republic of Ireland,C. Republic of Chile,D. Republic of China,B. Republic of Ireland
Freedom Air is an airline of____________?,A. South Korea,B. South Africa,C. New Zealand,D. None of these,C. New Zealand
The headquarter of NATO is located in _________.,A. New York,B. Paris,C. Geneva,D. Brussels,D. Brussels
Garuda is the airline of Indonesia. What is Garuda?,A. Animal,B. Bird,C. Mountain,D. None of these,B. Bird
Easyjet airline belongs to which Country?,A. UK,B. France,C. Germany,D. Australia,A. UK
Braathens airline belong to which Country?,A. Sweden,B. Norway,C. Iceland,D. Uraguay,A. Sweden
Iberia Airline belong to which Country?,A. Spain,B. Poland,C. Serbia,D. Latvia,A. Spain
Asiana Airlines is an airline of _________?,A. Afghanistan,B. South Korea,C. Syria,D. Iraq,B. South Korea
War of pallasey was fought ?,A. 23 June 1757,B. 23 October 1756,C. 23 December 1557,D. 26 July 1764,A. 23 June 1757
War of buxer was fought ?,A. 1565,B. 1657,C. 1764,D. 1761,C. 1764
Island aviation services is the government runs airlines of ___________?,A. Maldives,B. Indonesia,C. Malaysia,D. Greece,A. Maldives
One-Two-Go Airlines was the airline of which country?,A. Japan,B. Thailand,C. France,D. India,B. Thailand
Thai Airways International is the airline of_________?,A. USA,B. Singapore,C. Thailand,D. China,C. Thailand
Pakistan’s National Flag was prepared by__________?,A. Abdur-rehaman Chugtai,B. Liaqat Ali,C. Chaudhary Rehmat Ali,D. Ameer-ud-din Qadwai,D. Ameer-ud-din Qadwai
Mahan Airline belongs to which country______________?,A. Iran,B. Iraq,C. Yemen,D. Oman,A. Iran
Aeroflot is the airline of___________?,A. Britain,B. Holand,C. Russia,D. Fanland,C. Russia
Eva airline is the name of airline of__________?,A. Korea,B. Japan,C. Taiwan,D. China,C. Taiwan
Garuda is the airline of which country?,A. Germany,B. Indonesia,C. France,D. Russia,B. Indonesia
Shaheen Air Line is the airline of ______?,A. Pakistan,B. Brunei,C. India,D. Iran,A. Pakistan
Transworld Airline (TWA)  was the airline of________?,A. Canada,B. USA,C. UK,D. France,B. USA
Silk Air is the airline of which country__________?,A. USA,B. Singapore,C. UK,D. China,B. Singapore
What is Cuju?,A. type of food,B. type of plant,C. type of drink,D. the first known ball game,D. the first known ball game
The headquarter of Green Peace International is located in _________.,A. Amsterdam,B. Geneva,C. Lisbon,D. Austria,A. Amsterdam
Which of the following is the airline of Pakistan?,A. Serene air,B. Vision air international,C. Star Air aviation,D. Airblue,E. All of the above
The Redwing is the national bird of which country?,A. Israel,B. Turkey,C. Iran,D. Iraq,B. Turkey
Adam’s Peak is located in _________?,A. Saudi Arabia,B. Egypt,C. Sri Lanka,D. India,C. Sri Lanka
Which airlines is the largest and National airline of Israel?,A. EL AL,B. lAL,C. Air Israel,D. Arkia Airlines,A. EL AL
Netherlands is also known as __________?,A. Country of Riches,B. Country of Daisies,C. Country of Blossoms,D. Country of Flowers,D. Country of Flowers
Who Was Lawrence Of Arabia?,A. Sir Victor turner,B. Thomas Edward Lawrence,C. Syed Amir Ali,D. Muneer Ahmed Qureshi,B. Thomas Edward Lawrence
‘Toledo’ and ‘Ronda’ are the famous cities of ___________?,A. France,B. Spain,C. UK,D. Russia,B. Spain
Which one of the following is the currency of Latvia country?,A. Kroon,B. Euro,C. Lat,D. Litas,B. Euro
Who will host the FIFA World Cup 2026 ?,A. Australia & New Zealand,B. Brazil & Argentina,C. Germany & Poland,"D. US, Canada & Mexico","D. US, Canada & Mexico"
“Barcelona” is the famous city of________?,A. Spain,B. UK,C. Ukraine,D. France,A. Spain
The famous food chain brands “KFC” stands for?,A. Kentucky Fried Chilli,B. Kentucky Fried Chicken,C. Ketherd friend Chicken,D. None of These,B. Kentucky Fried Chicken
Which Country in the World has most neighbours?,A. Russia,B. Phillipines,C. China,D. None Of These,C. China
What is the Capital city of Jamaica?,A. Kingston,B. Berlin,C. Khartoum,D. Kuala Lumpur,A. Kingston
‘Washington’ joined as _________ state of USA in 1889?,A. 50th,B. 46th,C. 42nd,D. 40th,C. 42nd
How may provinces are in “Iran”_________?,A. 31,B. 32,C. 33,D. 34,A. 31
Which is the largest province of Iran by Area?,A. Alborz,B. Kerman,C. Tehran,D. Ilham Province,B. Kerman
Which is the smallest province of Iran by Area?,A. Alborz,B. Ilham province,C. Kerman,D. Tehran,A. Alborz
Muslim Brotherhood is a party who won 82 seats in September 2005 elections. it is party of?,A. Syria,B. Egypt,C. Jordan,D. Iran,B. Egypt
The greatest contribution of the Romans to the world civilization has been?,A. Architecture,B. Literature,C. Code of Laws,D. Irrigation System,C. Code of Laws
“Homer” was the greatest poet of the language namely:,A. Greek,B. Latin,C. Spanish,D. English,A. Greek
“Seville” is the famous city of_________?,A. UK,B. Spain,C. France,D. Russia,B. Spain
"Besides Luxury cars,Rolls Royce is also known for?",A. Missiles,B. Tanks,C. Aerospace engines,D. Aircraft,C. Aerospace engines
ESPN is one of the biggest satellite TV networks.It stands for?,A. Entertainment and Sports Programming Network,B. European and Sports Programming Network,C. Educational and Sports Programming Network,D. None of These,A. Entertainment and Sports Programming Network
Which company gifted the world a product called “Scooter”?,A. Honda,B. Harley Davidson,C. Lambretta Auto LTD,D. Piaggio spa,D. Piaggio spa
Which company gifted “cornflakes” to the world?,A. Pepsi foods,B. Kellogg’s,C. McDonald’s,D. General foods,B. Kellogg’s
"In 1997, Hong Kong was reverted back to Chinese Rule. What does Hong Kong mean in the Mandarin Language?",A. A firm trading opium,B. A Large Trading Company,C. Fragrant Harbour,D. Both B & C,D. Both B & C
One of the largest Japanese car makers is Nissan. What were Nissan cars called before ?,A. Nippon,B. Datson,C. Samural,D. Honda,B. Datson
"In Britain, which organization is nicknamed “Aunty”?",A. Rolls Royce,B. London Metal Exchange,C. BBC,D. None,C. BBC
The famous novel “Frankenstein” was written by: ___________?,A. Edgar Allan Poe,B. H. G. Wells,C. Lan Fleming,D. Mary shelley,D. Mary shelley
The location of “Vatican city” is in: __________?,A. Germany,B. Italy,C. France,D. Ireland,B. Italy
Blue Mosque is also called __________?,A. Masjid Nabvi,B. Masjid Al-Aqsa,C. Faisal mosque,D. Sultan Ahmed mosque,D. Sultan Ahmed mosque
When Libya gained Independence from France and Italy?,A. 1943,B. 1946,C. 1951,D. None of These,C. 1951
Quaid-e-Azam Visited Islamia College Peshawar how many times ?,A. One,B. Two,C. Three,D. Four,C. Three
Mir Sadiq held the post of a minister in the cabinet of ________?,A. Tipu Sultan,B. Mohammad Ali Khan,C. Mustafa II,D. Osman III,A. Tipu Sultan
An Olympic’s Flag have________ Rings on its Flag.,A. 4,B. 5,C. 7,D. None of These,B. 5
"Stonehenge is among the seven wonders of the world, situated in which country:",A. England,B. France,C. Italy,D. Germany,A. England
The Great Australian Bight is part of what larger body of water?,A. Indian Ocean,B. Coral Sea,C. Pacific Ocean,D. Timor Sea,A. Indian Ocean
Which Strait connects Labrador sea and Baffin Bay?,A. Davis Strait,B. Denmark Strait,C. Hover Strait,D. None of these,A. Davis Strait
Which strait separates Greenland from Canada?,A. Denmark Strait,B. Davis Strait,C. Both of these,D. None of these,B. Davis Strait
Which mountain range is located between Caspian Sea and Black Sea?,A. Ural Mountains,B. Caucasus Mountains,C. Elbrus Mountains,D. None of these,B. Caucasus Mountains
National Fish of Pakistan is ____________?,A. Blue Marlin,B. Hogfish,C. Flounder,D. Mahseer,D. Mahseer
Tansen by profession was _________?,A. Poet,B. Musician,C. Commander,D. None,B. Musician
Great sphinx exist in ___________?,A. Egypt,B. UAE,C. PAKISTAN,D. None of These,A. Egypt
Which neighbor country of Pakistan is landlocked?,A. Iraq,B. India,C. China,D. Afghanistan,D. Afghanistan
Libya celebrates its Independence & National Day on _________?,A. 17 December,B. 19 December,C. 22 December,D. 24 December,D. 24 December
Como lake is located in which country?,A. Norway,B. Italy,C. Germany,D. Switzerland,B. Italy
Which of the following business terms is derived from the Latin word meaning “to role over”?,A. company,B. Corporation,C. Conglomerate,D. Bank,C. Conglomerate
"NOMURA , a top financial services company, belongs to which country?",A. Japan,B. China,C. USA,D. Russia,A. Japan
The Frontier Works Organisation (FWO) was  established in _________?,A. 1977,B. 1987,C. 1966,D. 1994,C. 1966
Who has scored the most goals ever in football history?,A. Cristiano Ronaldo,B. Meradona,C. Pele,D. None of These,A. Cristiano Ronaldo
Qatar got independence in _________?,A. 1990,B. 1999,C. 1971,D. 1965,C. 1971
Honey bee eyes are?,A. 3,B. 4,C. 5,D. None of These,C. 5
There are __________ members of SAARC?,A. 5,B. 6,C. 7,D. 8,D. 8
Which Country from the following is NOT the member of UNO?,A. Vatican City,B. Afghanistan,C. North Korea,D. Vaitnam,A. Vatican City
Which is the capital of Angola?,A. Baku,B. Canberra,C. Luanda,D. Manama,C. Luanda
How much containers have been used to built stadium 974?,A. 963,B. 974,C. 985,D. None of These,B. 974
Where is stadium 974 is located?,A. England,B. Pakistan,C. Qatar,D. UAE,C. Qatar
Hanging gardens in Babylon were located in Iraq which was built by ________ Babylonian king,A. Nebuchadnezzar,B. Nabopollasar,C. Sargon,D. Hummarbi,A. Nebuchadnezzar
Lombard street is located in San Francisco and it is also called as _________?,A. Crookedest street,B. Fleet street,C. Bond street,D. Harley street,A. Crookedest street
Which is the highest airport in the world?,A. jinnah airport Karachi.,B. jida airport Saudi Arabia,C. Daocheng Yading Airport China,D. None of These,C. Daocheng Yading Airport China
Which is the largest Province of Afghanistan by Population?,A. Qandhar,B. Mizar-e-Sharif,C. Kabul,D. Ghazni,C. Kabul
"Hally’s comet last seen in 1986,next will be in ?",A. 2031,B. 3051,C. 2061,D. None of These,C. 2061
which is the smallest state of India by Population?,A. Sikkim,B. Himachal Pradesh,C. Tellanga,D. Bihar,A. Sikkim
Which is the largest State of India by Population?,A. Tamil Nadu,B. Maharashtra,C. Utter Pradesh,D. None of These,C. Utter Pradesh
which is the smallest state of India by Area?,A. Orrisa,B. Karnataka,C. Goa,D. Kerala,C. Goa
Which is the largest state of India by Area?,A. West Bengal,B. Madhia Pardesh,C. Rajistan,D. None of These,C. Rajistan
Which is the smallest province of Iran by Population?,A. Gillan,B. Ilham Province,C. Kurdistan,D. Fars,B. Ilham Province
Which is the largest province of iran by population?,A. Sistan Balochistan,B. Khorasan-e- Rizvi,C. Kerman,D. Tehran,D. Tehran
What is the population of the world in 2022.?,A. 6 billion,B. 7 billion,C. 8 billion,D. 9 billion,C. 8 billion
Saudi Arabia celebrates its national day on _________?,A. September 23,B. September 25,C. September 24,D. September 21,A. September 23
Reuters is united kingdom based new agency founded by Paul Reuter in ________?,A. 1851 A.D,B. 1817 A.D,C. 1901 A.D,D. 1830 A.D,A. 1851 A.D
What border did the Great Wall of China protect?,A. Western Border,B. Southern Border,C. Eastern Border,D. Northern Border,D. Northern Border
which is the smallest Province of Afghanistan by Area?,A. Pakhtia,B. Kunar,C. Kapisa,D. Herat,C. Kapisa
which is the largest Province of Afghanistan by Area?,A. Qandhar,B. Helmand,C. Paktika,D. Badakhshan,B. Helmand
"Which of the following is the largest city situated on the Europe’s longest river, Volga?",A. Moscow,B. Baku,C. Tbilisi,D. Kazan,D. Kazan
The Livestock Farm Rakh Mahni was established in ________?,A. April 1950,B. March 1950,C. April 1951,D. None of These,A. April 1950
Thailand is also known as __________?,A. the land of free,B. the land of lights,C. the land of flowers,D. None of These,A. the land of free
The river which passes through maximum number of countries ?,A. Amazon,B. Nile,C. Indus,D. Danube,D. Danube
Which state of USA is known as Sunshine State?,A. Florida,B. Washington,C. Texas,D. Alaska,A. Florida
Which Nation has hosted the Commonwealth Games five times?,A. New Zealand,B. England,C. Australia,D. None of These,C. Australia
"Imam Shamil a great Political,Military and Spiritual leader of Caucasian resistance to Imperial Russia was born in?",A. Tataristan,B. Chechnya,C. Dagestan,D. Creamia,C. Dagestan
Taj Mahal means ” Crown Of Palaces ” in the __________ language?,A. Persian,B. Latin,C. English,D. None of These,A. Persian
which of the following is the oldest continuously inhabited city of Russia?,A. Moscow,B. Saint Petersberg,C. Kazan,D. Derbent,D. Derbent
Who was Mir Jafar?,A. Mughal Emperor,B. Commander Of Bengali Army,C. Nawab Of Bengali,D. None of These,B. Commander Of Bengali Army
Name the French sculptor who carved “The Statue of Liberty”?,A. Joseph Conrad,B. Thomas Park,C. Frederic-Auguste Bartholdi,D. William Napoleon,C. Frederic-Auguste Bartholdi
"The world’s first Fingerprint file was installed in legal system in 1901; However, this concept of identity was introduced by ________?",A. London Police,B. New York Police,C. Paris Police,D. Moscow Police,A. London Police
Lake Uremia is situated in __________ country?,A. Romania,B. Turkiye,C. Iran,D. Malaysia,C. Iran
Old Town Square is located in __________?,A. Prague,B. Karachi,C. Astana,D. Dubai,A. Prague
Saint Peter’s Square located in __________?,A. Venice,B. Paris,C. Rome,D. Shanghai,C. Rome
Time Square is Located in which of the following city?,A. New York,B. Sydney,C. Cairo,D. Madagascar,A. New York
Duration of national anthem of Pakistan is _______ seconds?,A. 60,B. 70,C. 80,D. 90,C. 80
Khurnak Fort is under the control of which country?,A. India,B. China,C. Pakistan,D. None of these,B. China
The United Nations was founded on _________?,"A. March 24, 1945","B. October 24, 1945","C. March 24, 1949","D. October 24, 1950","B. October 24, 1945"
Who got the Man Booker Prize 2022?,A. David Diop’s,B. Geetanjali Shree,C. Shehan Karnutilka,D. Fatima Azim,C. Shehan Karnutilka
Famous Turkish Drama Dirilis Ertugrul and Osman belong to which century?,A. 11th century,B. 12th century,C. 13th century,D. 14th century,C. 13th century
Full form of ICAO ?,A. Information Charter Accountant Officer,B. Intimation Centre Affair Office,C. International Civil Award Organization,D. International Civil Aviation Organization,D. International Civil Aviation Organization
Where 10 Downing Street is located?,A. United Kingdom,B. United States,C. France,D. Russia,A. United Kingdom
BND is the intelligence agency of ________?,A. Germany,B. France,C. Botan,D. USA,A. Germany
What is the Old name of World Bank?,A. International Bank for Development,B. International Bank for Reconstruction and Development,C. International Bank for Infrastructure and Development,D. International Bank for Design and Development,B. International Bank for Reconstruction and Development
The Syrian city damascus is located in ______geographical position of the country.,A. South Western,B. North Eastern,C. North Western,D. None of These,A. South Western
The word Fustat (an Egyptian City) has been derived from Greek Phossaton which means_________,A. Dove,B. A camp,C. Battle field,D. None of these,B. A camp
Where is Karakum desert located?,A. China & Mongolia,B. Iran,C. USA & Mexico,D. Turkmenistan,D. Turkmenistan
Area of Karakum Desert Sq Miles is ________?,"A. 350,000","B. 140,000","C. 135,000","D. 340,000","C. 135,000"
Currant is a ________?,A. Tool,B. Fruit,C. Vegetable,D. None of These,B. Fruit
The world’s newest country which was founded on 9 July 2011 is ___________?,A. Hong Kong,B. Myanmar,C. South Sudan,D. Papua New Guinea,C. South Sudan
"NADRA introduced the Smart National Identity Card (SNIC), Pakistan’s first national electronic identity card, in  _________?",A. 2010,B. 2012,C. 2015,D. None of These,B. 2012
Pakistan initiated its National Identity Card System in: __________?,A. 1956,B. 1964,C. 1973,D. 1985,C. 1973
What was the name of the first US atomic submarine launched in 1954?,A. Nautilus,B. Attila,C. Sea lion,D. Washington,A. Nautilus
Which is the longest Canal in the world with a length of 1776 km and also considered UNESCO World Heritage site ?,A. Grand Eurasia Canal,B. Suez Canal,C. Grand Canal,D. Qaraqum Canal,C. Grand Canal
G7 was founded in ___________?,A. 1975,B. 1976,C. 1977,D. 1978,A. 1975
Which Pakistani fast bowler was DSP in Police?,A. Fazal Mahmoud,B. Hafeez Kardar,C. Zaheer Abbas,D. Inzamam-ul-Haq,A. Fazal Mahmoud
Cambodia is a  _________ asian country?,A. South East,B. South west,C. North South,D. None of These,A. South East
River Sakeena Flows through:___________?,A. Africa,B. Australia,C. South America,D. North America,D. North America
Mariupol is famous city of _________?,A. Russia,B. Ukraine,C. U.K,D. Peru,B. Ukraine
Togo and Gabon got independence from ___________?,A. UK,B. France,C. USA,D. USSR,B. France
Which of the following is an ethnic religion?,A. Islam,B. Christianity,C. Judaism,D. None of these,C. Judaism
"Auckland, Christchurch famous cities located in __________?",A. US,B. Australia,C. Peru,D. None of them,D. None of them
Who was the British Prime minister during the revolt of 1857?,A. ChurchiLL,B. Attle,C. Palmerston,D. Gladstone,C. Palmerston
What was the real name of Genghis Khan?,A. Temujin,B. Hulagu khan,C. Alexandar,D. Beku king,A. Temujin
The headquarters of International Olympic Committee (IOC) is located in_______?,A. Berlin,B. Lausanne,C. London,D. Zurich,B. Lausanne
Which country is called Land of Rainbow?,A. Indonesia,B. South Africa,C. Mexico,D. Canada,B. South Africa
Kohinoor diamond was given to Queen Victoria in 1849 by _________.,A. Maharaja Hari Singh,B. Maharaja Dileep Singh,C. Ibrahim Lodhi,D. Aurangzeb,B. Maharaja Dileep Singh
International Day of Democracy is Celebrated Every Year on ______________?,A. 15 September,B. 15 October,C. 15 November,D. 15 December,A. 15 September
Burushaski is a/an ____________?,A. Dish,B. Language,C. Town,D. Airline,B. Language
Mahia Peninsula is located in __________?,A. Australia,B. Malaysia,C. Japan,D. New Zealand,D. New Zealand
"Who was the leader of 1958 coup in Iraq, which led to proclamation of Iraq as a Republic?",A. Sadam Hussain,B. Nuri Al Said,C. Abdul Karim Qasim,D. None of These,C. Abdul Karim Qasim
Winnipeg Lake is located in which country?,A. Australia,B. South Africa,C. Canada,D. Austria,C. Canada
Baffin Island is located in which country?,A. USA,B. Canada,C. Mexico,D. Cuba,B. Canada
Churchill River is located in which country?,A. Canada,B. New Zealand,C. Australia,D. Switzerland,A. Canada
Nelson river is located in which country?,A. Australia,B. Canada,C. China,D. Pakistan,B. Canada
St. Lawrence River is located in which country?,A. Sri Lanka,B. South Africa,C. Canada,D. None of these,C. Canada
The deepest mine in the world continent of ___________?,A. Africa,B. Europe,C. Asia,D. North America,A. Africa
_________ is a basketball celebrity?,A. Dwayne Wade,B. David Warner,C. Leo Messi,D. Usain Bolt,A. Dwayne Wade
A classic story of children’s fiction “Black Beauty” is written by: __________?,A. John Carry,B. Anna Sewell,C. Cristina Wilferd,D. None of These,B. Anna Sewell
famous online shopping platform Amazon was founded on: ________?,"A. April 5, 1993","B. May 5, 1993","C. July 5, 1994",D. None of These,"C. July 5, 1994"
Famous news channel BBC was founded on: __________?,"A. October 18, 1922","B. November 17, 1920","C. December 16, 1918",D. None of These,"A. October 18, 1922"
IAEA (International Atomic Energy Agency) was founded on: ___________?,"A. June 19, 1947","B. July 29, 1957","C. August 09, 1967",D. None of These,"B. July 29, 1957"
BISE stands for:,A. Board of Intermediate & Secondary Education,B. Business of Interest & Social Economy,C. Bill of Interest & Social Examination,D. None of these,A. Board of Intermediate & Secondary Education
Sadako Sasaki was a___________national.,A. Chinese,B. Russian,C. Japanese,D. American,C. Japanese
Sadako Sasaki was a___________victim.,A. World War i,B. World War ii,C. Napoleonic Wars,D. Russian Civil War,B. World War ii
Famous Golden Gate Bridge connects which two cities?,A. New York and Washington,B. San Francisco and Marin County,C. Los Angeles and Chicago,D. Boston and Las Vegas,B. San Francisco and Marin County
California Zypher is a famous 3924 kms train route between Chicago and ___________?,A. New York,B. Washington,C. San Francisco,D. Tokyo,C. San Francisco
___________is a collective term for the universities of Oxford and Cambridge.,A. Hambridge,B. Oxbridge,C. Oxcam,D. Camford,B. Oxbridge
Greenland is under the control of which country?,A. Germany,B. Denmark,C. France,D. None of these,B. Denmark
Mount Isa is a city located in which country?,A. Uk,B. Canada,C. Australia,D. France,C. Australia
Maitland city is in which country?,A. New Zealand,B. Australia,C. Fiji,D. None of these,B. Australia
The most powerful space telescope ever launched is __________?,A. Hubble Space Telescope,B. James Webb Space Telescope,C. Kepler Space Telescope,D. Voyager 1,B. James Webb Space Telescope
Lake Mansarovar is located in which country?,A. Pakistan,B. China,C. India,D. Afghanistan,B. China
________ Is The Capital of Iraq.,A. Islamabad,B. Baghdad,C. Tehran,D. London,B. Baghdad
About ____  per cent of total calcium present in the human body s in the blood.,A. 3%,B. 5%,C. 1%,D. 2%,C. 1%
Where is bridge of ” No Return” located?,A. On the border of Indo-China,B. On the border of India-Bangladesh,C. On the border of North-South Korea,D. On the border of France and Germany,C. On the border of North-South Korea
"The area of the Khurnak Fort is disputed by India and China, and is under the control of which country?",A. Pakistan,B. China,C. India,D. Afghanistan,B. China
"Geographically, Greenland is in which continent?",A. Europe,B. North America,C. South America,D. Oceania,B. North America
Which country is known as ” land of song”?,A. Finland,B. Spain,C. Wales,D. India,C. Wales
Darwin is the sea port of which country?,A. Australia,B. Ecuador,C. China,D. Japan,A. Australia
Zaporizhzhia is the ___________ nuclear facility of Europe?,A. Biggest,B. 2nd Biggest,C. Smallest,D. None of These,A. Biggest
Which animal’s milk is black?,A. Hippopotamus,B. Black Rhinoceroces,C. Bat,D. Milk is always white in color,B. Black Rhinoceroces
In which country Mount Judi (Cudi) also known as Mount Qardū exits?,A. Afghanistan,B. Iraq,C. Egypt,D. Turkey,D. Turkey
Which one is the official language of Republic of Senegal?,A. Amharic,B. Swahili,C. French,D. English,C. French
Bodpola is the highest point Mountain Pass of the world which is situated in __________?,A. Pakistan,B. Nepal,C. Tibet,D. India,C. Tibet
Name the first woman speaker of US Congress ?,A. Nancy Palocy,B. Condaliza Rice,C. Nancy Powell,D. Hillery Clinton,A. Nancy Palocy
First living creature launched in to space was a dog named: ______________?,A. Dolly,B. Laika,C. Puppy,D. Smarty,B. Laika
Which of following languages are not official languages of United Nations (UN)?,A. Urdu and Japanese,B. Chinese and Arabic,C. French and Spanish,D. None of These,A. Urdu and Japanese
Largest Temple of the World?,A. Angkor Wat,B. Belur Math,C. Akshardam,D. None of these,A. Angkor Wat
The NEWGRANGE monument is located in ___________?,A. Ireland,B. Netherlands,C. London,D. England,A. Ireland
Which day is observed as “National Minority Day” in Pakistan ?,A. 9 August,B. 10 August,C. 11 August,D. None of These,C. 11 August
Interfax is the news agency of_________?,A. London,B. Russia,C. South Africa,D. France,B. Russia
Lipulekh and Kalapani is disputed area between:,A. India-Pakistan,B. India-Nepal,C. India-China,D. India-Bangladesh,B. India-Nepal
What Is the Longest River in the World?,A. Nile,B. Amazon,C. Missi pissi,D. Yangtze,A. Nile
The world’s second longest river is,A. Neil,B. Amazon,C. Indus,D. Yangtze,B. Amazon
Which was the 50th & last State to Joined the United States of America?,A. Pennsylvania,B. Rhode Island,C. Delaware,D. Hawaii,D. Hawaii
Cornetto is the famous brand/company of ______ country.,A. U.S.A,C. Pakistan,D. Australia,,B . Italy
"Walls is the famous company of Ice cream, its ownership belong  _____ Country.",A. PAKISTAN,B. U.S.A,C. U.K,D. None of These,C. U.K
Aryans at first settled in __________?,A. Sindh,B. Gujrat,C. Kashmir,D. Punjab,D. Punjab
The Pico Island is located in which country?,A. Switzerland,B. Portugal,C. Turkey,D. None of These,B. Portugal
Croydon is an International Airport of which country?,A. USA,B. France,C. UK,D. None of These,C. UK
When were North Yemen and South Yemen united?,A. 1986,B. 1990,C. 1994,D. 1998,B. 1990
"Kimberley, a town of South Africa is famous for __________?",A. Diamonds,B. Goldmines,C. Poisoneous Snakes,D. Seaport,A. Diamonds
The world’s first printed book is _________ ?,A. Diamond Sutra,B. Gutenberg Bible,C. Honchō shokkan,D. None of These,A. Diamond Sutra
The ranked highest currency of world in 2022?,A. Kuwaiti Dinar,B. Bahraini Dinar,C. Omani Rial,D. None of These,A. Kuwaiti Dinar
Which of the following is known as the “bird’s continent”?,A. South America,B. Asia,C. Australia,D. None of these,A. South America
Which country has more pyramids than other country in the world?,A. Japan,B. Sudan,C. Egypt,D. None of These,B. Sudan
Name of the currency of Germany is _________?,A. Doesh Mark,B. Euro,C. Guilder,D. None of These,B. Euro
Who is the founder of Wikipedia?,A. Bill gates,B. Jeff Bezos,C. Jimmy Wales,D. none of these,C. Jimmy Wales
Pu’uka’oku falls is located in which of the country?,A. USA,B. France,C. Germany,D. Thailand,A. USA
Which strait is called tear gate?,A. Kerch,B. Malacca,C. Bab el-Mandeb,D. Bosphorous,C. Bab el-Mandeb
What was Turkey called before 1923?,A. The Ottoman Empire,B. The Turkish Empire,C. Republic of Turkey,D. None of These,A. The Ottoman Empire
Another name for the national flower Jasmine is______?,A. White Rose,B. Gardenia,C. Lily,D. Sunflower,B. Gardenia
The world’s only non-quadrilateral flag is ___________?,A. Iranian flag,B. Srilankan flag,C. Nepali flag,D. Indian flag,C. Nepali flag
What was the full name of GM Syed?,A. Ghulam Mustafa Syed,B. Ghulam Mehdi Syed,C. Ghulam Murtaza Syed,D. Ghulam Muhammad Syed,C. Ghulam Murtaza Syed
Which country’s astronauts set up new lab in space on 26 July 2022?,A. USA,B. China,C. Russia,D. France,B. China
CAREC (Central Asia Economic Cooperation) was established in year ?,A. 2020,B. 1990,C. 1997,D. 2022,C. 1997
"A total of 11 countries, including Pakistan are part of CAREC (Central Asia Regional Economic Cooperation Program), CAREC was established/supported by ________?",A. IMF,B. China,C. Asian Development Bank,D. World Bank,C. Asian Development Bank
The first and only Pakistani woman to have summited Mount Everest successfully?,A. Sana Mir,B. Zeenat Jamal,C. Samina Baig,D. Anita Baig,C. Samina Baig
When was HIV identified?,A. 1987,B. 1985,C. 1983,D. 1980,C. 1983
Indian Navigation System is officially known as _____ and launched by:________?,"A. IRSS, ISRO","B. NavIC, ISRO","C. GPS, USA","D. ISS, NASA","B. NavIC, ISRO"
Kazan is a city in _______ located on the banks of Volga and Kazanka rivers?,A. Tajikistan,B. Kazakhstan,C. Russia,D. Turkmenistan,C. Russia
Rawanda joined commonwealth in __________?,A. 2009,B. 2019,C. 2008,D. None of These,A. 2009
Istana is the official residence of which country President ?,A. Kuwait,B. UK,C. Yemen,D. Singapore,D. Singapore
Schloss Bellevue is the official residence of __________?,A. France president,B. Germany president,C. Turkish president,D. None of these,B. Germany president
Hexagon Balard is headquarter of armed forces of which country?,A. United Kingdom,B. Germany,C. North Korea,D. France,D. France
The official residential palace of the President of Ukraine is  __________?,A. Ukraine Palace,B. Mariinsky Palace,C. Marina Palace,D. Mariink Palace,B. Mariinsky Palace
Potala Palace is in __________?,A. Brazil,B. India,C. Uk,D. China,D. China
Asia Cooperation Dialogue is intergovernmental Organization formed in 2002. Its secretariat is in ____________?,A. China,B. Indonesia,C. Pakistan,D. Kuwait,D. Kuwait
Times square is located in _______?,A. London,B. Moscow,C. New York,D. Karachi,C. New York
Red square is located in _______ city?,A. Moscow,B. New York,C. London,D. Ankara,A. Moscow
Which of the following is not the member of Schengen Area?,A. Spain,B. France,C. United kingdom,D. Germany,C. United kingdom
How many Muslim countries are currently member of Group of Twenty (G20)?,A. Three,B. One,C. Two,D. None of These,A. Three
The world’s oldest continuously operating university in English speaking world is __________?,A. University of Salamanca,B. University of Cambridge,C. University of Oxford,D. University of Bologna,D. University of Bologna
First Indian Civil servant in 1863 was _____________?,A. Ramesh tagore,B. Stayendarnath Tagore,C. Rabindar Nath Tagore,D. None of these,B. Stayendarnath Tagore
International human solidarity day is observed annually on _____________?,A. 20 December,B. 10 November,C. 15 October,D. None of These,A. 20 December
What is the length of Hingol River?,A. 559 km,B. 560 km,C. 561 km,D. None of these,B. 560 km
Lake Superior is located in ______________?,A. USA and CANADA,B. CANADA and FRANCE,C. AUSTRALIA and ENGLAND,D. None of These,A. USA and CANADA
Jahangir Khan was a famous player of _________?,A. Cricket,B. Squash,C. Hockey,D. None of these,B. Squash
Which country has most official languages in the world?,A. Papua New Guinea,B. Zimbabwe,C. South Africa,D. Japan,B. Zimbabwe
Which of the following multinational companies is not Japanese?,A. Panasonic,B. Sony,C. Hitachi,D. LG Electronics,D. LG Electronics
What is the theme of the ‘World Food Safety Day 2022’?,A. Prevent Food-borne risks,"B. Safer Food, Better Health",C. Manage Food-borne Infections,D. Safe Food to Children,"B. Safer Food, Better Health"
World Food Safety Day (WFSD) has officially observed on __________?,A. 5 June,B. 7 May,C. 7 June,D. None of These,C. 7 June
Which country has largest labour force?,A. India,B. China,C. Brazil,D. Pakistan,B. China
Which country has most number of universities in the world?,A. United States of America,B. China,C. India,D. Germany,C. India
The Parliament of Poland is __________ ?,A. Knesset,B. National Assembly,C. Sejm,D. Doma,C. Sejm
The Book ” Incomplete Partition was written by __________ ?,A. Zulfikar Ali Bhutto,B. Alastair Lamb,C. Qauid E Azam,D. None of these,B. Alastair Lamb
"The last dynasty which ruled China, before becoming Republic of China in 1912, was __________?",A. Xia Dynasty,B. Qin Dynasty,C. Han Dynasty,D. Qing Dynasty,D. Qing Dynasty
Which country has most player in the list of cricket hall of fame?,A. Australia,B. England,C. India,D. Pakistan,B. England
Who is the writer of the famous Turkish drama “Dirilis Ertugrul”?,A. Mehmat Bozdag,B. Egin Altan Duzyatan,C. Burak Ozcivit,D. Aktolgali,A. Mehmat Bozdag
‘World Milk Day’ celebrated every year on ___________?,A. June 1,B. June 3,C. June 5,D. None of These,A. June 1
What is the significant event that happened on ‘Vesak day’ according to the Buddhists ?,A. Lord Buddha born,B. Lord Buddha got enlightenment,C. Lord Buddha passed away,D. All of these,D. All of these
‘Vesak day’ is associated with _________?,A. Buddhism,B. Sikhism,C. Hinduism,D. None of these,A. Buddhism
International food policy research institute (IFPRI) is a ___________ based institution?,A. Washington,B. Geneva,C. Rome,D. Nairobi,A. Washington
"Lhotse, the world’s 4th highest peak having  height of 8,516m is in ____________?",A. Nepal,B. Pakistan,C. Himachal Pradesh,D. Tibet,A. Nepal
Who is the youngest chairman senate of Pakistan till now?,A. Raza Rabbani,B. Sadiq Sanjrani,C. Habibullah Khan,D. Nayyar Bukhari,B. Sadiq Sanjrani
The Pakistan Cricket Board was formed in 1949. The headquarter of PCB is in _________?,A. Karachi,B. Lahore,C. Islamabad,D. Rawalpindi,B. Lahore
Which is the largest port on Red Sea?,A. Jeddah,B. Alaxendria,C. Sharm-Al- Sheikh,D. Port Sudan,A. Jeddah
After Asia which continent is the second most densely populated?,A. North America,B. South America,C. Africa,D. Europe,D. Europe
Which country has the largest reserves of Oil?,A. United States,B. China,C. Russia,D. Venezuela,D. Venezuela
"Caumus, which is celebrated in mid-winter is a festival of _________?",A. Kalash,B. Chitral,C. Sindh,D. Balochistan,A. Kalash
“Chilum Joshi” is a festival celebrated in __________?,A. Kalash Valley,B. Gilgit Baltistan,C. Peshawar,D. None of these,A. Kalash Valley
"“Uchau” is a kalash festival, celebrated in: ___________?",A. Autumn,B. Mid winter,C. Spring,D. Summer,A. Autumn
In which year an earthquake hit Hunza in Northern Areas of Pakistan?,A. 1970,B. 1972,C. 1974,D. 1977,C. 1974
Which philosopher is known as “Father of Liberalism”?,A. John Locke,B. Thomos Gorden,C. Denis Diterot,D. Jean-Jacques Rousseau,A. John Locke
Human rights day is celebrated on 10th December every year. In which year General Assembly of United Nations accepted the Universal Declaration of Human Rights?,A. 1945,B. 1946,C. 1947,D. 1948,D. 1948
When was Imam Shafi died?,A. 820 AD,B. 822 AD,C. 824 AD,D. 826 AD,A. 820 AD
Ibn Sina was Died in which year?,A. 1037 AD,B. 1038 AD,C. 1039 AD,D. 1040 AD,A. 1037 AD
Ibn Sina was born in which year?,A. 980 AD,B. 981 AD,C. 982 AD,D. 983 AD,A. 980 AD
Ibn Sina was died in which country?,A. Iran,B. Iraq,C. Afghanistan,D. Palestine,A. Iran
OIC changed its name in _________ ?,A. 2011,B. 2012,C. 2013,D. None of these,A. 2011
Ibn Sina was born in which country?,A. Uzbekistan,B. Tajikistan,C. Kyrgyzstan,D. Kazakhstan,A. Uzbekistan
Abu Nasr Al-Farabi Born in year?,A. 870 AD,B. 970 AD,C. 872 AD,D. 972 AD,A. 870 AD
Fujiyama in Japan is a __________ ?,A. River,B. Lake,C. Volcano & Mountain,D. Plain,C. Volcano & Mountain
"Zebra’s stripes, when they are first born are__________?",A. Brown,B. Red,C. Green,D. Blue,A. Brown
"Rockey mountains are situated in North America, where are the Atlas mountains Situated in ________ ?",A. Canada,B. Morocco,C. Russia,D. Pakistan,B. Morocco
Katas Raj sites __________ temples?,A. 7,B. 6,C. 5,D. 4,A. 7
"‘Okinawa’, a chain of islands, is part of______?",A. Japan,B. USA,C. UK,D. Taiwan,A. Japan
The medieval Gyanvapi mosque is in?,"A. Varansai, India","B. New Dehli, India","C. Banglore, India",D. None of these,"A. Varansai, India"
"Red, Green, Blue & white Rivers are located in which Country ___________ ?",A. China,B. Russia,C. America,D. None of These,C. America
Gautama Buddha was born in ____________?,A. 623 BC,B. 723 BC,C. 823 BC,D. 923 BC,A. 623 BC
The second most spoken language in Pakistan is __________?,A. Punjabi,B. Pashto,C. Sindhi,D. Saraiki,B. Pashto
"The book “Zulfi, My friend is written by _____________?",A. Piloo Modi,B. Patric white,C. Albert Spear,D. None of these,A. Piloo Modi
How many Muslims received Noble Peace Prize till to 2022?,A. 5,B. 6,C. 7,D. 8,C. 7
Construction of the Burj Khalifa began in 2004 and completed five years later in ________?,A. 2007,B. 2008,C. 2009,D. None of these,C. 2009
Tharparkar ( Sindh) is the_______ largest desert in the world and is considered to be the only fertile desert?,A. 18th,B. 19th,C. 20th,D. None of these,A. 18th
The smallest state of USA in area is __________?,A. Maine,B. Rhode Island,C. New Jersey,D. Hawaii,B. Rhode Island
New England in North America is _____________?,A. Island of England,B. State of USA,C. Region comprising six states of USA,D. Province of Canada,C. Region comprising six states of USA
What is the official language of Oman?,A. English,B. Urdu,C. Arabic,D. Turkish,C. Arabic
What is the currency of Syria?,A. Dirham,B. Peso,C. Syrian pound,D. None of these,C. Syrian pound
The River Irrawaddy is the life blood of ___________?,A. Myanmar,B. Bangladesh,C. Thailand,D. Laos,A. Myanmar
The headquarter of European Central Bank is situated in __________?,"A. Paris, France","B. Frankfurt, Germany","C. Brussels, Belgium","D. Rome, Italy","B. Frankfurt, Germany"
The euro currency came into existence on ____________?,A. 1 Jan 1999,B. 1 Jan 1996,C. 1 Jan 1995,D. 1 Jan 2002,A. 1 Jan 1999
Which stock exchange is known as “The Big Board”?,A. Nasdaq Stock Exchange,B. Shanghai Stock Exchange,C. London Stock Exchange,D. New York Stock Exchange,D. New York Stock Exchange
China sea is outflow from which river?,A. Yangtze River,B. Amazon River,C. Orang River,D. None of these,A. Yangtze River
Arabian sea is a part of ______________?,A. South Pacific,B. Arctic ocean,C. South Atlantic ocean,D. Indian Ocean,D. Indian Ocean
Little corporal is the nickname of ______________?,A. Napoleon,B. Queen Elizabeth,C. Shakespeare,D. None of these,A. Napoleon
What is the parliament of  Lativa?,A. National Assembly,B. Chamber of Deputies,C. Diet,D. Seimas,D. Seimas
What is the parliament of Poland?,A. Sejm,B. Monarchy,C. National Assembly,D. None of these,A. Sejm
What is the emblem of Mongolia?,A. Lily,B. Lion,C. Rose,D. The Soyombo,D. The Soyombo
The gate of tears is called of __________?,A. Palestine,B. Bab-el-mamdab,C. Yemen,D. Syria,B. Bab-el-mamdab
Largest Producer of Rice in the World?,A. Russia,B. India,C. China,D. Pakistan,C. China
When Twitter was founded?,"A. September 30, 2005",B.,"C. January 1, 2007","D. August 15, 2008","March 21, 2006"
The Headquarters of Twitter is located in___________?,A. San Francisco,B. New YorK,C. Pairs,D. Genva,A. San Francisco
23rd April is world _________ day?,A. World Teachers Day,B. World Books Day,C. World Earth Day,D. World Children Day,B. World Books Day
Who was the first viceroy of India?,A. Lord ripon,B. Lord canning,C. Lord curzon,D. Lord mayo,B. Lord canning
Which of the following the current length of Indus river?,A. 4112 km,B. 3059 km,C. 3180 km,D. 2900 km,C. 3180 km
What is the theme of Earth Day in 2022?,A. Harmony with Nature and Biodiversity,B. Invest in Our Planet,C. Restore our Earth,D. None of these,B. Invest in Our Planet
"Earth Day, celebrated annually on __________?",A. March 22,B. April 22,C. June 22,D. None of these,B. April 22
22 April is observed Internationally as _________?,A. Labour Day,B. Environment Day,C. Earth Day,D. Press Freedom Day,C. Earth Day
When Earth day celebrated first time?,"A. 22, April 2005","B. 22, April 1998","C. 22, April 1969","D. 22, April 1970","D. 22, April 1970"
"in which year, did chernobyl disaster happen?",A. 1985,B. 1986,C. 1987,D. 1988,B. 1986
The book “Kitab Al Hind” is written by: __________?,A. Al Beruni,B. Maharaja Ranjit Sangh the Sikh ruler of Punjab,C. Pandit Jawaharlal Nehru,D. Chaudary Khaliq Zaman,A. Al Beruni
Afghanistan border with ___________ Countries?,A. 9,B. 6,C. 8,D. 7,B. 6
White House is located in __________?,A. France,B. U.S.A,C. Italy,D. Germany,B. U.S.A
Lake Constance is located in which country?,A. Russia,B. Germany,C. Poland,D. Ukraine,B. Germany
Hillier Lake is located in which country?,A. Russia,B. Norway,C. Australia,D. New Zealand,C. Australia
Blue Lake is located in which country?,A. New Zealand,B. Australia,C. Argentina,D. Denmark,B. Australia
Lake Saint Lucia is located in which country?,A. Australia,B. South Africa,C. Norway,D. Germany,B. South Africa
The Muslims invaded Spain in ____________?,A. 711 A.D,B. 722 A.D,C. 706 A.D,D. 730 A.D,A. 711 A.D
Who lead Muslim forces during the ”Crusades”?,A. Harun-Ur-Rashid,B. Walid-bin-Abdul Malik,C. Salah-ud-Din Ayubi,D. Ahmad Shah Qachar,C. Salah-ud-Din Ayubi
Book “The Battle for Pakistan” is written by ____________?,A. Shuja Nawaz,B. Anatol Lieven,C. Hassan Abbas,D. None of these,A. Shuja Nawaz
What is the full form of “USSR”?,A. Union of Soviet Socialist Republics.,B. Union of Soviet Socialist Russia.,C. United Soviet Socialist Russia.,D. United South Socialist Russia.,A. Union of Soviet Socialist Republics.
Who wrote ” How to avoid climate disaster”?,A. Barack Obama.,B. Bill clinton.,C. Bill gates.,D. Joe Biden,C. Bill gates.
Which is the Central Bank of Ukraine?,A. Bank of Ukraine,B. National Bank of Ukraine,C. People’s Bank of Ukraine,D. Federal Reserve of Ukraine,B. National Bank of Ukraine
The slogan of the French Revolution was ____________?,"A. One nation, one leader and one flag","B. Government of the people, by the people and for the people","C. Liberty, equality and fraternity",D. None if the above,"C. Liberty, equality and fraternity"
The British Commonwealth of nations was founded in __________?,A. 1929,B. 1930,C. 1931,D. 1932,C. 1931
Which river passes through maximum number of countries?,A. Mississippi,B. Amazon,C. Yangtze,D. Danube,D. Danube
World’s Quietest Room is in the _________  Country?,A. The U.S.A,B. United Kingdom,C. Canada,D. Australia,A. The U.S.A
The architect of Faisal Mosque was: ___________?,A. Kenzo Tange,B. Vedat Dalokay,C. Nasreddin Murat Khan,D. Diotisalvi,B. Vedat Dalokay
When Iran officially became an Islamic Republic on ___________?,"A. March 01, 1979","B. April 01, 1979","C. February 01, 1979",D. None of these,"B. April 01, 1979"
When did Islamic Revolution occur in Iran?,A. 1976,B. 1978,C. 1979,D. 1980,B. 1978
Treaty of Sevres was signed in ___________?,A. 1919,B. 1920,C. 1921,D. None of these,B. 1920
27th March celebrated as Wolrd ________ Day?,A. Forest Day,B. Library Day,C. Theatre(Entertainment) Day,D. Water Day,C. Theatre(Entertainment) Day
Which animal can create the loudest sound among any living creature?,A. Donkey,B. Monkey,C. Humpback whales,D. None of these,C. Humpback whales
Which Country is the full member of SCO ?,A. Belarus,B. Afghanistan,C. Mongolia,D. UZBEKISTAN,D. UZBEKISTAN
Which country lies on the western side of the Iberian Peninsula?,A. Spain,B. Portugal,C. France,D. Andorra,B. Portugal
What was the theme of the 2022 World Water Day (WWD) __________?,A. Leaving no one behind,"B. Better Water, Better Jobs",C. Water for All,"D. Groundwater, making the invisible visible","D. Groundwater, making the invisible visible"
The largest source of pollution in the world is__________?,A. Herbicides  and  Insecticides,B. Automobile  exhausts,C. Sewage  and  garbage,D. Industrial  effluents,C. Sewage  and  garbage
Twitter was created by: ___________?,A. Biz Stone,B. Jack Dorsey,C. Noah Glass,D. All Above,D. All Above
What is the name of Russian Space Agency?,A. Gazprom,B. Roscomos,C. ISS,D. None of these,B. Roscomos
“Big Bash League” is related to which sports?,A. Football,B. Baseball,C. Hockey,D. Cricket,D. Cricket
LAC is between which countries?,A. China & India,B. Pakistan & China,C. China &  Kazakhstan,D. Afghanistan & China,A. China & India
LOC is between which countries.?,A. Pakistan-China,B. Pakistan-India,C. Pakistan-Afghanistan,D. Pakistan-Iran,B. Pakistan-India
Where is Makran medical college located?,A. Faisalabad,B. Quetta,C. Ziarat,D. Turbat,D. Turbat
Which one of the following is the world’s loftiest peak?,A. Mount Everest,B. Mount Kilimanjaro,C. Mount Elbrus,D. All of above,A. Mount Everest
Treaty of Vienna was signed in which year?,A. 1809,B. 1812,C. 1815,D.1818,C. 1815
How many time word PAKISTAN has been used in National Anthem of Pakistan?,A. 4 times,B. 3 times,C. 2 times,D. 1 time,D. 1 time
Arak Nuclear power plant is located in which country?,A. China,B. Iraq,C. Iran,D. None of these,C. Iran
KOTO Hydropower Project Timergara Dir of KPK Province generation capacity is _________ Megawatts?,A. 25 MW,B. 35 MW,C. 40.08 MW,D. None of these,C. 40.08 MW
The official residence of president of South Korea is: ___________?,A. Blue House,B. White House,C. Chitralada Palace,D. Temple Trees,A. Blue House
Who said “Democracy is government of the people by the people for the people”?,A. Abraham Lincoln,B. Walter Stone,C. George Washington,D. Jean Austin,A. Abraham Lincoln
Abu Nasr Al-Farabi Died in year?,A. 950,B. 952,C. 954,D. None of these,A. 950
Which of the following Olympic games are known as “Bloody Olympic games” in the history of games?,A. 1960,B. 1968,C. 1972,D. 1984,C. 1972
When did the first time did US grant right to vote to the women?,A. 1918,B. 1919,C. 1920,D. 1924,C. 1920
Petermann glacier is situated in ___________?,A. Greenland,B. Norway,C. Australia,D. None of these,A. Greenland
How many presidents of United States were assassinated?,A. 5,B. 4,C. 3,D. 2,B. 4
Ishkoman Valley is situated in which district of Gilgit Baltistan?,A. Astore,B. Hunza,C. Diamer,D. Ghizer,D. Ghizer
Which century is known as “The age of reason”?,A. 12th century,B. 16th century,C. 18th century,D. None of these,C. 18th century
International Day against Women violence is celebrated each year on__________?,A. 25 November,B. 25 October,C. 25 September,D. 25 December,A. 25 November
Who was the first man to set foot on all five continents?,A. Captain Cook,B. Johnson,C. Columbus,D. None of these,A. Captain Cook
Which country was the first to introduce old age pensions?,A. Germany,B. France,C. Italy,D. Austria,A. Germany
Name the Parent Company of KFC and Pizza Hut?,A. Wendy’s International Inc.,B. Yum ! Brands Inc.,C. Doctor’s Associate Inc.,D. None of these,B. Yum ! Brands Inc.
The last ruler of Soviet Union was ___________?,A. Mikhail Gorbachev,B. Boris Yeltsin,C. Leonid Brezhnev,D. None of the above,A. Mikhail Gorbachev
The autobiography titled “Resolved: Uniting Nations in a Divided World” has been written by which diplomat?,A. Antonio Guterres,B. Nadia Omair,C. Tedros Adhanom,D. Ban Ki-moon,D. Ban Ki-moon
Berlin was bombed by American forces for the first time in _________?,A. 1985,B. 1943,C. 1965,D. None of these,B. 1943
In which city was the first public opera house was opened?,A. Tokyo,B. Venice,C. Arizona,D. None of these,B. Venice
NASDA is a space agency of which country?,A. Japan,B. Netherlands,C. Italy,D. France,A. Japan
Which Sikh Guru invented ‘Gurumukhi Script?,A. Guru Nanak,B. Guru Angad,C. Guru Arjun Dev,D. Guru Gobind Singh,B. Guru Angad
Which is the correct reason for the outbreak for the situation of cold war?,A. Defeat of axis force in the II World War,B. Bombing on Hiroshima and Nagasaki by USA,C. Emergence of USA and USSR as rival powers,D. Invasion on Pearl Harbour by Japan,C. Emergence of USA and USSR as rival powers
NAMA is a space agency of which country?,A. Netherlands,B. Nigeria,C. France,D. Italy,B. Nigeria
What does SWIFT stand for financial?,A. Security for Worldwide International Financial Telecommunication,B. Society for Worldwide Interbank Financial Telecommunication,C. Service the Worldwide Interbank Financial Telecommunication,D. None of these,B. Society for Worldwide Interbank Financial Telecommunication
Where is the headquarter of International Atomic Energy Agency (IAEA) located?,A. New York,B. Geneva,C. Vienna,D. Berlin,C. Vienna
The Barents Sea is located along the coasts of which two countries?,A. Russia-Ukraine,B. Russia-Norway,C. Russia-Belarus,D. None of these,B. Russia-Norway
Ukraine shares border with how many European Union Member states?,A. Two,B. Three,C. Four,D. None of these,C. Four
TASS is a news agency of_________?,A. China,B. Ukarine,C. Taiwan,D. Russia,D. Russia
Shanghai Communique was signed between __________?,A. China and United States,B. US and Russia,C. China and Russia,D. India and China,A. China and United States
When did Rawalpindi became capital city of Pakistan?,A. Never Remained Capital City,B. Remained Capital City From 1947 to 1960,C. Remained Capital City From 1949 to 1959,D. Remained Capital City From 1959 to 1969,D. Remained Capital City From 1959 to 1969
The Upper House of Malaysia is called ________?,A. Dewan Khaas,B. Dewan Negara,C. Dewan Rakyat,D. None of the above,B. Dewan Negara
The Lower House of Malaysia is called ________?,A. Dewan Negara,B. Dewan Khaas,C. Dewan Rakyat,D. None of the above,C. Dewan Rakyat
"In British Parliament, The Senate is also called: __________?",A. House of Commons,B. House of Lords,C. House of victors,D. None of the above,B. House of Lords
Dove lake is located in which country?,A. India,B. Argentina,C. Australia,D. Brazil,C. Australia
Lake Amadeus is located in which country?,A. Pakistan,B. Australia,C. South Africa,D. Sri Lanka,B. Australia
Trafalgar Square is in ________ ?,A. Italy,B. Ukraine,C. London,D. New York,C. London
Who is known as Aflatoon ?,A. Socrates,B. Aristotle,C. Plato,D. None of the Above,C. Plato
The State of the World’s Forests report is published by ______________?,A. United Nations Environment Programme,B. World Forest Organization,C. United Nations Framework Convention on Climate Change,D. Food and  Agriculture Organization of the United Nations,D. Food and  Agriculture Organization of the United Nations
Quad countries held first naval exercise in which year?,A. 2010,B. 2016,C. 2018,D. 2020,D. 2020
"Quad, an alliance of four countries US, Australia, Japan and India to contain China, formed in which year",A. 2012,B. 2007,C. 2020,D. 2018,B. 2007
The great lakes are group of __________ lakes?,A. 3 lakes,B. 5 lakes,C. 4 lakes,D. 6 lakes,B. 5 lakes
Which of the following is not  the part of Pacific Pumas?,A. peru,B. Mexico,C. Chile,D. Brazil,D. Brazil
"Mount Kilimanjaro is the highest place in African continent, while the lowest point on the continent is?",A. Lake Assal,B. Lake Victoria,C. Red sea,D. None of these,A. Lake Assal
Manora Island at the shore of: __________?,A. Indian sea,B. Arabian sea,C. Both A & B,D. None the above,B. Arabian sea
University of Heidelberg is the oldest university of ___________?,A. Germany,B. France,C. Italy,D. None of these,A. Germany
Bu-Ali Sina University is located in_________?,A. Iran,B. Iraq,C. Kazakhstan,D. None of these,A. Iran
The University of Leiden is the oldest university of________?,A. The Netherlands,B. Germany,C. Scotland,D. France,A. The Netherlands
Surendra Kumar Sinha was the first Hindu chief justice of which country?,A. Bangladesh,B. Srilanka,C. Canda,D. None of these,A. Bangladesh
Fraser islands is located in which country?,A. UK,B. South Africa,C. Australia,D. None of these,C. Australia
Algar waterfalls is present in which country?,A. Argentina,B. Spain,C. Italy,D. Norway,B. Spain
Name the greatest Muslim scientist who collected herbs from Spain to Syria and wrote an outstanding book “Kitab-al-Jami fi Adwiya-al-Mufrada’.,A. Al- Razi,B. Ibn al baitar,C. Al-faraibi,D. Al-khuwarzmi,B. Ibn al baitar
Velometer is used to measure?,A. Rain,B. Speed of Air,C. Wind pressure,D. Heat,B. Speed of Air
Which Are two Non-Muslim countries of OIC?,A. Guyana,B. Suriname,C. Both,D. None,C. Both
Pelee island is located in which country?,A. USA,B. Canada,C. Australia,D. Russia,B. Canada
Capital of Ukraine is _________?,A. Paris,B. London,C. Seoul,D. Kyiv,D. Kyiv
“Last Book of Urdu” [Urdu Ki Aakhri Kitaab] is written by _________?,A. Ibn e Insha,B. kk Aziz,C. ibne battuta,D. sir syed Ahmed khan,A. Ibn e Insha
How many NATO countries share border with Ukraine?,A. 2,B. 3,C. 4,D. 5,C. 4
Cook strait is under the jurisdiction of _______?,A. New Zealand,B. Australia,C. Papua new guinea,D. Marshal islands,A. New Zealand
"International Olive Oil council (IOC) was set up in 1959, in ______?",,,,,a. Madrid
“Siam” is the Old Name of Which Country?,A. Singapur,B. Thailand,C. Cambodia,D. Indonesia,B. Thailand
CPEC connect the deep-sea Pakistani ports of Gwadar and Karachi to which province of China?,A. Sichuan Province,B. Xinjiang province,C. Henan Province,D. Guangdong Province,B. Xinjiang province
Which is the part of Asian Tigers?,A. South Korea,B. Japan,C. China,D. Pakistan,A. South Korea
Paper was invented by: __________?,A. Cai Lun,B. Alexander Flemming,C. Loius Pasture,D. Non of these,A. Cai Lun
Russia supply natural gas to the European countries which transit through state of : ________?,A. Turkey,B. Esotonia,C. Ukraine,D. Latvia,C. Ukraine
Balfour Declaration is related to the _________?,A. Establishing of a national home for Jewish People,B. Surrender  of the  Ottoman  Empire,C. Assurance  for  the  creation  of  Kurdistan,D. Defeat  of Germans in  World War I,A. Establishing of a national home for Jewish People
Which of the following sea lie between Russia and Ukraine?,A. Sea of  Marmara,B. Barents Sea,C. Sea of Azov,D. White  Sea,C. Sea of Azov
Heidelberg university located in which country?,A. USA,B. France,C. Germany,D. None of these,C. Germany
"The Aljaferia Palace, a fortified palace, is located in ______?",A. Algeria,B. Italy,C. India,D. Spain,D. Spain
The Cocora valley is the principal location of Quindio Wax Palm. Where it is located ________?,A. Argentina,B. Brazil,C. Colombia,D. Portugal,C. Colombia
"The Mont Saint-Michel, a UNESCO World Heritage Site, is located in __________?",A. United States,B. France,C. Germany,D. Russia,B. France
How many ODI matches Prime Minister Imran Khan has captained for Pakistan?,A. 135,B. 137,C. 139,D. None of these,C. 139
When did Christopher Columbus discovered West Indies ?,A. 1455 AD,B. 1492 AD,C. 1139 AD,D. 1556 AD,B. 1492 AD
The Global Risk Report is published by which of the following?,A. Financial Action Task Force,B. United Nations Security Council,C. International Criminal Police Organization,D. World Economic Forum,D. World Economic Forum
Formosa Strait separates: ______________?,A. Spain from Morocco,B. Australia from New Zealand,C. China from Taiwan,D. Indonesia from Singapore,C. China from Taiwan
What is ‘Tokamak’ ?,A. An Israeli radar system,B. An American anti-missile system,C. A defence collaboration between Japan and South Korea,D. A device used in nuclear-fusion research for magnetic confinement of plasma,D. A device used in nuclear-fusion research for magnetic confinement of plasma
“Roland Garros” is the other name of _______?,A. French open,B. Australian open,C. US open,D. Wimbledon,A. French open
Who discovered cement?,A. Agassit,B. Albertus Magnus,C. Joseph Aspdin,D. Janseen,C. Joseph Aspdin
1 barrel oil is equal to ________ liters?,A. 148,B. 159,C. 160,D. 150,B. 159
Which country was previously known as the ‘Malagasy Republic’ ?,A. Malawi,B. Maldevis,C. Madagascar,D. Malaysia,C. Madagascar
The peak of what mountain is farthest from the center of the Earth?,A. Mount Everest,B. Mount Chimborazo,C. Nanga Parbat,D. K2,B. Mount Chimborazo
The ‘Tartar’ tribe inhabitates in which part of the world?,A. Siberia,B. Kenya,C. Indonesia,D. Malyasia,A. Siberia
Which of the following is known as the ‘birds continent’ ?,A. Africa,B. South America,C. Asia,D. Australia,B. South America
Krakatau volcano situated in which country?,A. Malaysia,B. Indonesia,C. Japan,D. South Korea,B. Indonesia
Who discovered “The Cape of Good Hope”?,A. Vasco Da Gama,B. Marco Polo,C. Robert Cook,D. Bartolomeu Dias,D. Bartolomeu Dias
Who was the British PM at the time of Revolt of 1857?,A. Churchill,B. Pamstern,C. Attle,D. Gladstone,B. Pamstern
The World’s largest Glacier is: __________?,A. Lambert,B. Siachen,C. Hispad,D. None of these,A. Lambert
Furakha Dam on river Ganga is disputed between?,A. India and China,B. India and Pakistan,C. India and Nepal,D. India and Bangladesh,D. India and Bangladesh
Dong is the currency  of ___________?,A. Malaysia,B. Myanmar,C. Philippine,D. Vietnam,D. Vietnam
"Eritrea, Which became 182nd of UN in 1993, is in the continent of _________?",A. Africa,B. Australia,C. Europe,D. None of these,A. Africa
“Hangor day” is celebrated on ___________?,A. 9 December,B. 9 February,C. 9 April,D. 9 July,A. 9 December
“Ambassador bridge” links which two countries?,A. Canada and USA,B. Germany and Poland,C. Belarus and Russia,D. None of these,A. Canada and USA
"Annapurna is the tenth highest mountain in the world, Its height is_________?","A. 7,091 meters","B. 8,000 meters","C. 8,091 meters","D. 9,000 meters","C. 8,091 meters"
Annapurna Mountain range in which country?,A. Nepal,B. India,C. Bangladesh,D. China,A. Nepal
Hiroshma is on which island?,A. Kyushu Island,B. Honshu Island,C. between both,D. none of these,B. Honshu Island
Kampala is the capital of _________?,A. Uganda,B. Ghana,C. Kenya,D. Senegal,A. Uganda
What is the profession of current Chancellor of Germany Olaf Scholz?,A. Physicist,B. Builder,C. Business man,D. Lawyer,D. Lawyer
Sutherland Waterfall is located in which country ?,A. England,B. New Zealand,C. Canada,D. Malaysia,B. New Zealand
The Gurkhas are the original inhabitants of _________?,A. Africa,B. Indonesia,C. Nepal,D. Bangladesh,C. Nepal
Hibernia was the Roman name for which country ?,A. Ireland,B. Armenia,C. Ethiopia,D. Argentina,A. Ireland
Iguazu waterfall is located between which two countries?,A. Brazil and Bolivia,B. Brazil and Argentina,C. Brazil and Chile,D. Bolivia and Colombia,B. Brazil and Argentina
Famous painting “The Scream” painted by ____________?,A. Johannes Vermeer,B. Rene Magritte,C. Vincent Van Gogh,D. Edvard Munch,D. Edvard Munch
Which Island is known as Sandwich Island ?,A. Hawaiian Island,B. Victoria Island,C. Ellesmere Island,D. None of these,A. Hawaiian Island
“Long Walk to Freedom” is an autobiography of___________?,A. Martin Luther King,B. Nelson Mandela,C. Desond Titu,D. Michael Troot,B. Nelson Mandela
Trans Siberian Railway is a railway network of which country?,A. Serbia,B. Somalia,C. Syria,D. Russia,D. Russia
Gruga park is in __________?,A. Russia,B. America,C. Germany,D. Sri Lanka,C. Germany
The Second Operation in Swat against Taliban in 2009 was called?,A. Operation RAH E HAQ,B. Operation RAHE RASAT,C. Operation ZARBE AZAB,D. None of these,B. Operation RAHE RASAT
The First Operation in Swat against Taliban in 2007 was called?,A. Operation RAH E HAQ,B. Operation RAHE RASAT,C. Operation ZARBE AZAB,D. None of these,A. Operation RAH E HAQ
The Crimean Peninsual was annexed by the Russian Federation in __________?,A. 2011,B. 2013,C. 2014,D. 2012,C. 2014
Which of the following is official residence of President of Canada?,A. Hôtel Matignon,B. 24 Sussex Drive,C. Inkognitogata 18,D. None of these,B. 24 Sussex Drive
River Clyde is in which city of UK?,A. Glasgow,B. Birmingham,C. Amsterdam,D. The Hague,A. Glasgow
Volgograd is a city in __________?,A. Russia,B. Kazakhstan,C. Turkey,D. Spain,A. Russia
The strait of Gibraltar separates the Iberian peninsula from which African country?,A. Morocco,B. Tanzania,C. Egypt,D. Congo,A. Morocco
In which European country would you find the Rijksmuseum ?,A. Netherlands,B. England,C. Italy,D. France,A. Netherlands
What is the name of the sovereign landlocked microstate bordered by France to the north and Spain to the south?,A. Malta,B. Cyprus,C. Andorra,D. None of these,C. Andorra
Platinum jubilee is attributed to which figure?,A. 70 years,B. 60 years,C. 25 years,D. 50 years,A. 70 years
East London is the city of which country?,A. South Africa,B. BRAZIL,C. BURMA,D. INDONESIA,A. South Africa
What is the length of the longest ever megaflash seen in Southern USA?,,,,,d. 770 km
Name of the US first lady is __________?,A. Jill Biden,B. Christiana Biden,C. Serena Biden,D. None of these,A. Jill Biden
Asteroid named after a Tennis Star?,A. Roger Federer,B. Novic Djokovic,C. Rafael Nadal,D. Daniil Medvedev,C. Rafael Nadal
Hen and Chicken islands is located in which country?,A. Australia,B. South Africa,C. New Zealand,D. None of the above,C. New Zealand
Island of Ellesmere is located in which country?,A. USA,B. Canada,C. Russia,D. France,B. Canada
Which Mountain range is often called as the ‘Third Pole’?,A. Hindu Kush Himalayan range,B. Karakoram range,C. Hengduan Mountains range,D. Alaska Range,A. Hindu Kush Himalayan range
Stadium that is constructed in Gawadar named ___________?,A. Senator Muhammad Ishaq Baloch Cricket Stadium,B. Senator Zafarullah Jamali Cricket Stadium,C. Feudalist Meer Arkam Ali Bugti Stadium,D. Meer Sher Haroon Baloch Cricket Stadium,A. Senator Muhammad Ishaq Baloch Cricket Stadium
When is the ‘World Day of Social Justice’ observed?,A. February 5th,B. February 15th,C. February 20th,D. February 25th,C. February 20th
ASI is a space agency of which country?,A. France,B. India,C. Italy,D. Russia,C. Italy
The Stonehenge is located in _________?,A. France,B. Spain,C. England,D. Italy,C. England
Kuril island disputed between: ___________?,A. Sri lanka and India,B. Nepal and India,C. Japan and Russia,D. USA and Canada,C. Japan and Russia
Which is the headquarters of the European Parliament?,"A. Strasbourg, France","B. Geneva, Switzerland","C. Rome, Italy","D. Nairobi, Kenya","A. Strasbourg, France"
Which country is called “The land of honest men”?,A. Mali,B. Burundi,C. Niger,D. Burkina Faso,D. Burkina Faso
The Barents sea is the part of which ocean?,A. Atlantic Ocean,B. Arctic Ocean,C. Pacific Ocean,D. None of these,B. Arctic Ocean
OUAGADOUGOU is the capital of: __________?,A. Burkina Faso,B. Namibia,C. PNG,D. Barmoda,A. Burkina Faso
Manaslu Mountain Peak is situated in the range?,A. Andes,B. Himalaya,C. Karakoram,D. None of these,B. Himalaya
"In which year, GMT Greenwich time was established?",A. 1887,B. 1884,C. 1890,D. 1900,B. 1884
Genoa is famous Seaport of_________?,A. Sri Lanka,B. Zimbabwe,C. Italy,D. Australia,C. Italy
Who was the last soldier of United States of America to leave Afghanistan?,A. Maj. GenHaaland James N. Matti,B. Maj. Gen. Chris Donahue,C. Maj. Gen Mark milley,D. Maj. Gen Loyd Austin,B. Maj. Gen. Chris Donahue
"In which year, the Olympic Torch was lit by an arrow?",A. 1990,B. 1991,C. 1992,D. None of these,C. 1992
The Education for Justice (E4J) initiative was launched by __________?,A. International Court of Justice,B. International Criminal Court,C. United Nations Office On Terrorism And Financial Crime,D. United Nations Office on Drugs and Crimes,D. United Nations Office on Drugs and Crimes
The only a country which uses Euro Currency out of 48 countries in Asia?,A. East Timor,B. Armenia,C. Georgia,D. Cyprus,D. Cyprus
Lord Louis Mountbatten was killed in which year?,A. 1978,B. 1979,C. 1980,D. None,B. 1979
Indonesia has announced that its new capital will be called_________?,A. Jakarta,B. Nusantara,C. Bandung,D. Makassar,B. Nusantara
The world fastest sinking city?,A. Brisbane,B. Jakarta,C. Cairo,D. Kabul,B. Jakarta
Dalal Street is located in India famous for __________?,A. Bombay stock Exchange,B. Delhi Food Street,C. Agra Taj mahal,D. Sports festival,A. Bombay stock Exchange
Who is the writer of Tuzk-E-Babri?,A. Zaheeruddin Babar,B. Gulbadan Begum,C. Kamran Mirza,D. Nasir-ud-Din Muḥammad,A. Zaheeruddin Babar
What was code-named of first Indian Nuclear test at Pokhran in 1974?,A. Shining Shiv,B. Smiling Budha,C. Bang of Brahama,D. Pokhran Visphot,B. Smiling Budha
Mistake island is in which country?,A. Canada,B. USA,C. Indonesia,D. New Zealand,B. USA
TONGA is an Island in which ocean?,A. Atlantic,B. Indian,C. Pacific,D. None of these,C. Pacific
Himawari-8 is a satellite of __________?,A. Japan,B. Australia,C. China,D. South Korea,A. Japan
The Hwang Ho River falls into _________?,A. Indian Ocean,B. Yellow Sea,C. Red Sea,D. Bay of China,B. Yellow Sea
What is the main objective of FATF?,A. Combat terrorism,B. Stop terror financing,C. Place counties in the black lists.,D. None of these,B. Stop terror financing
First female prime minister in Tunisia and the Arab world is________?,A. Natalia Gavrilița,B. Najla Bouden,C. Sandra Mason,D. Magdalena Andersson,B. Najla Bouden
Noktundo is disputed territory of ____________?,A. Pakistan and china,B. New Zealand and Australia,C. Russia and North Korea,D. None of these,C. Russia and North Korea
Who wrote the book “The Prophet” ?,A. Khalil Gibran,B. William Shakespeare,C. Anne Hathaway,D. None of these,A. Khalil Gibran
‘The broken wings’ written by ___________?,A. Faiz Ahmed Faiz,B. Khalil Gibran,C. Allama Iqbal,D. None of these,B. Khalil Gibran
Which of following organization gives away the Crystal Award to artists who have used art to improve the state of the world?,A. UNESCO,B. Worldwide Fund for Nature,C. Food and Agricultural Organisations,D. World Economic Forum,D. World Economic Forum
The Kivu conflict began in 2004 between __________?,A. Congo and Sudan,B. South Sudan and Hetu Power,C. Rawanda and Sudan,D. military of Congo and Hetu Power group,D. military of Congo and Hetu Power group
The Executive Board of WHO is made up of how many specialist?,A. 32,B. 34,C. 36,D. 37,B. 34
Tugela Falls is second highest water fall in the world located in__________?,A. South Africa,B. Australia,C. Asia,D. None of them,A. South Africa
World Meteorological Organization (WMO) has its HQ in: ________?,A. Washington DC,B. Brussels,C. Geneva,D. Paris,C. Geneva
World longest metro line has been started in which country?,A. USA,B. Switzerland,C. Japan,D. China,D. China
The Oslo Accord between Israel and Palestine was signed on which date?,A. 13 Sept 1992,B. 23 Nov 1993,C. 13 Sept 1993,D. None of these,C. 13 Sept 1993
Oscar Awards are related to which field?,A. Films,B. Literature,C. Science,D. Cricket,A. Films
First transparent car of the world launched in which country?,A. France,B. Germany,C. USA,D. UK,B. Germany
George Washington was made the Commander in Chief of the American forces in ________?,"A. In December 1773, after the Boston Tea Party",B. At the First Continental Congress in September 1774,C. At the Second Continental Congress in 1775,D. None of these,C. At the Second Continental Congress in 1775
Which of the following Presidents of America abolished Slavery?,A. Abraham Lincoln,B. Thomas jefferson,C. George washington,D. Stanley jackson,A. Abraham Lincoln
Which is the longest street in the world?,"A. Yonge Street, Canada","B. Shante Liza, Paris","C. Broad way, USA","D. Baldwin Street, New Zealand","A. Yonge Street, Canada"
The holy book of Tripitaka is for ___________?,A. Hinduism,B. Sikhism,C. Buddhism,D. Jewish,C. Buddhism
The smallest country in South America is_________?,A. Uruguay,B. Guyana,C. Surinam,D. Ecuador,C. Surinam
Which country’s parliament is called “Mother of all Parliaments ?,A. Britain,B. Russia,C. China,D. USA,A. Britain
Real name of Alauddin Khilji was __________?,A. Ali Gurshasp,B. Alp Khan,C. Juna Khan,D. None of these,A. Ali Gurshasp
Blue Origin was founded by ____________?,A. Elon Musk,B. Bill Gates,C. Warren Buffet,D. Jeff Bezos,D. Jeff Bezos
The book ” Death in the castle” is written by ____________?,A. Jonathan Swift,B. Bertrand Russell,C. Pearl.S. Buck,D. None of these,C. Pearl.S. Buck
Which one of the following is the Saltiest Sea in the world ?,A. Black Sea,B. Mediterranean Sea,C. Red Sea,D. Dead Sea,D. Dead Sea
"Caspian Sea, Red Sea and Aral Sea are actually________?",A. Lakes,B. Canals,C. Rivers,D. Seas,A. Lakes
The treaty of versailles ended what war ?,A. World War I,B. World War II,C. French Revolution,D. None of these,A. World War I
The name of Afghanistan’s Parliament is ___________?,A. Wolesi Jirga,B. National Assembly (Jirga),C. National Congress,D. None of these,A. Wolesi Jirga
Which country’s parliament has the largest membership ?,A. India,B. China,C. Russia,D. USA,B. China
Which of the following country is known as mistress of the seas ?,A. USA,B. UK,C. Indonesia,D. Russia,B. UK
Recently new Continent has discovered?,A. Coloforia,B. Maxicolia,C. Nazandlia,D. Zealandia,D. Zealandia
Who is the author of book: “100 most influential people in the world” ?,A. William Blake,B. Michael H. Hart,C. Charles Dickens,D. None of these,B. Michael H. Hart
Hansen’s disease is commonly known as __________?,A. Parkinson,B. Leprosy,C. Polio,D. Brain Tumor,B. Leprosy
G77 is a coalition of ________ Countries?,A. 134,B. 124,C. 154,D. None of these,A. 134
Where can you find Trevi Fountain?,A. Mali,B. Rome,C. Greece,D. Sydney,B. Rome
Renowned painter Frida Kahlo was from which country?,A. Mexico,B. Cuba,C. Argentina,D. None of these,A. Mexico
What does camel stores in its hump ?,A. Fat,B. Water,C. Oxygen,D. None,A. Fat
‘Atacama Large Millimeter/submillimeter Array (ALMA)’ is located in which country?,A. USA,B. Chile,C. Australia,D. Russia,B. Chile
The Length of Suez Canal is_______?,A. 183 Km,B. 193 Km,C. 203 Km,D. None of these,B. 193 Km
Who is the Author of the Book “A Journey to Disillusionment”?,A. Allama Iqbal,B. Benazir Bhutto,C. Sardar Sherbaz Khan Mazari,D. Fiaz Ahmad Mazari,C. Sardar Sherbaz Khan Mazari
What is iron dome ?,A. Israel defense system,B. UK defense system,C. Pakistan defense system,D. India defense system,A. Israel defense system
Stupa is the sacred place of________?,A. Shintoism,B. Jainism,C. Buddhism,D. Hinduism,C. Buddhism
First Monday of October is observed every year as internationally?,A. Health Day,B. Habitat Day,C. Society Day,D. Education Day,B. Habitat Day
In which Month is Summer Equinox occurs?,A. June 21,B. 22 September,C. 22 December,D. 21 March,B. 22 September
Zealandia is ______ times bigger then Madagascar.,A. 8,B. 9,C. 6,D. 3,C. 6
Which Planet is also known as Winter Planet?,A. Mercury,B. Earth,C. Jupiter,D. Uranus,C. Jupiter
Who was the only Five Star General in Pakistan Army history ?,A. General Ashfaq Parvez Kayani,B. General Pervez Musharraf,C. General Muhammad Zia-ul-Haq,D. General Ayub Khan,D. General Ayub Khan
The Makli graveyard is houses tombs of __________?,A. Sufi saints,"B. kings, queens",C. scholars and philosophers,D. All of the above,D. All of the above
‘Ciprian Foias Prize’ is associated with which field?,A. Space Science,B. Mathematics,C. Virology,D. Business,B. Mathematics
How many Countries are members of Arab monetary fund?,A. 24,B. 26,C. 22,D. None of these,C. 22
Which Muslim scientist wrote first book on Algebra ?,A. Al-Khwarizmi,B. Ibn Sina,C. Archimedes,D. Euclid,A. Al-Khwarizmi
"G5 Countries are Brazil, South Africa, China, India and _________?",A. Mexico,B. France,C. Argentina,D. None of these,A. Mexico
"Countries surrounding Caspian sea are Turkmenistan, Azerbaijan, Russia, Iran and ___________?",A. Kazakhstan,B. Lebanon,C. Maldives,D. None of these,A. Kazakhstan
"G7 Countries are Canada, France, Germany, Italy, Japan, United Kingdom and ________?",A. US,B. Mexico,C. China,D. None of these,A. US
UAE is the federation of ______ states?,A. 7,B. 10,C. 9,D. None of these,A. 7
Who invented softball?,A. George Stewart,B. George Hancock,C. Robert Lewis,D. None of these,B. George Hancock
Currency of Ukraine _______?,A. Hryvnia,B. Lira,C. Tolar,D. None of these,A. Hryvnia
Bandar Seri Begawan is the capital of ________?,A. China,B. Indonesia,C. America,D. Brunei,D. Brunei
Andalusia is a region of __________?,A. Indonesia,B. Turkey,C. Russia,D. Spain,D. Spain
Cordoba is a city located in_______?,A. Iran,B. Spain,C. Egypt,D. Turkey,B. Spain
Ecbatana was a capital city under which Persian Empire?,A. Achaemenid Empire,B. Parthian Empire,C. Safavid Dynasty,D. None of these,A. Achaemenid Empire
Rover Cup was associated with with sports?,A. Horse Race,B. Football,C. Cricket,D. Hockey,B. Football
Pakistan’s standard time was suggested by _________?,A. Liaqat Ali,B. Maulana Mazhar-ud-din,C. Chaudhary Rehmat Ali,D. Professor Mahmood Anwar,D. Professor Mahmood Anwar
Which is Professional Social Media Platform?,A. Twitter,B. LinkedIn,C. Facebook,D. WhatsApp,B. LinkedIn
Where is An Nafud desert?,A. UAE,B. USA,C. Nigeria,D. Saudi Arabia,D. Saudi Arabia
Manthoka Waterfall is located in which city of Pakistan?,A. Karachi,B. Lahore,C. Skardu,D. Multan,C. Skardu
"Mali is a landlocked country located in the western side of  Africa, It is famous for ?",A. Copper,B. Silver,C. Rubber,D. Gold,D. Gold
For whom the first time Passport was issued to dead body to shift it France in 1974 ?,A. Mummy of Hatshepsut,B. Mummy of Thutmos-II,C. Mummy of Tutankhamun,D. Mummy of Ramses-II,D. Mummy of Ramses-II
Which country has two capitals?,A. Bolivia,B. South Africa,C. Sri Lanka,D. All of the above,D. All of the above
The worlds largest graveyard is located in which country?,A. Pakistan,B. Afghanistan,C. Iraq,D. Iran,C. Iraq
International Day against Nuclear Tests (Anti-nuclear Day) is celebrated on:_________?,A. 29 May,B. 29 August,C. 22 July,D. 22 November,B. 29 August
International Nurses Day is celebrated on __________?,A. 14 October,B. 22 March,C. 12 May,D. 9 September,C. 12 May
In which Month is Spring Equinox occurs?,A. 22 December,B. June 21,C. 22 September,D. 21 March,D. 21 March
Tafseer Ahsan-ul-bayan Is written by _________?,A. Shiekh Abubakar Jaber Al Jazairi,B. Dr. Shafiq Ur Rehman,C. Hafiz Salahuddin Yusuf,D. Imam Bin Qayyim,C. Hafiz Salahuddin Yusuf
1st COP (Conference of Parties) was held in which city?,"A. Kyoto, Japan","B. Berlin, Germany","C. Paris, France",D. None of these,"B. Berlin, Germany"
The 1st COP (Conference of Parties) was held in_______?,A. 1992,B. 1994,C. 1993,D. 1995,D. 1995
"Battle of Chausa was fought between Humayun and Sher Shah Suri at Chausa, near Bihar in which year?",A. 1539,B. 1540,C. 1545,D. 1555,A. 1539
Perejil Island dispute is in between Spain and ________?,A. Portugal,B. United Kingdom,C. France,D. Morocco,D. Morocco
World’s oldest desert name is__________?,A. Atacama desert,B. Sahara desert,C. Namib desert,D. Gobi desert,C. Namib desert
name the new German Chancellor?,A. Angela Markel,B. stephen,C. Olaf Scholz,D. hairly george,C. Olaf Scholz
The Longest Railway Tunnel is located in ___________?,A. Italy,B. Japan,C. Switzerland,D. None of these,C. Switzerland
Arab League was established in__________?,A. 21 December 1945,B. 22 March 1945,C. 23July 1945,D. 29 April 1946,B. 22 March 1945
Which place is called the ” Jewel of Hindukush”?,A. Balakot,B. Hazara,C. Mardan,D. Chitral,D. Chitral
Honorary grave of Allama Iqbal is in which country?,A. Iran,B. Turkey,C. Iraq,D. Afghanistan,B. Turkey
The Yellow Stone national park is in: _________?,A. China,B. USA,C. Italy,D. Nepal,B. USA
Which Country’s Flag is different on each side?,A. Nepal,B. Paraguay,C. Libya,D. Sri Lanka,B. Paraguay
The island of Socotra belongs to: _________?,A. UAE,B. Yemen,C. Oman,D. Saudi Arabia,B. Yemen
The largest reservoir of fresh water is present in __________?,A. Glaciers,B. Alps,C. Oceans,D. None of these,A. Glaciers
How many times Australia won Women’s T20 World Cup?,A. 5 times,B. 2 times,C. 1 times,D. None of these,A. 5 times
Capital city of Kurdistan region is _________?,A. Suleymaniah,B. Shiraz,C. Diyarbakir,D. Erbil,D. Erbil
Which strait connects Persian Gulf and Gulf of Oman ?,A. Malacca,B. Gibraltar,C. Hormuz,D. Bab al Mandab,C. Hormuz
“Quaid-e-Azam Jinnah The story of a Nation” Is a biography of Quaid-e-Azam written-by ________?,A. L.Hemilton,B. K.K Aziz,C. G Allana,D. None of above,C. G Allana
“Moslem Nationalism in India and Pakistan” is written by ________?,A. Sharifdin Pirzada,B. Malik Hafeez,C. Bertrand Russell,D. None Of Above,B. Malik Hafeez
“Evolution of Pakistan” is written by : __________?,A. Syed Sharifuddin Pirzada,B. Shabana Tabasum,C. Nazir Yar Jung,D. None Of Them,A. Syed Sharifuddin Pirzada
“Incomplete Partition” is written by: __________ ?,A. K.K Aziz,B. Gulzar Ahmed,C. Alastair Lamb,D. Lewis Carrol,C. Alastair Lamb
One hector is approximately equal to how many acres ?,A. 2.47 acres,B. 1.5 acres,C. 4.5 acres,D. None of these,A. 2.47 acres
The Book “Hamlet” is written by ______________?,A. Adolph Hitler,B. Plato,C. Leo Tolstoy,D. William Shakespeare,D. William Shakespeare
The Famous Book ” Friend and Foes ” is written by ______________?,A. Mojeeb ur Rehman,B. KK Aziz,C. Ayesha Jalal,,A. Mojeeb ur Rehman
The Famous Book “The Daughter of the East” is written by ______________?,A. G Allana,B. KK Aziz,C. Ayesha Jalal,D. Benazir Bhutto,D. Benazir Bhutto
Book “Seize the Moment” is written by ______________?,A. Plato,B. Stanley Wolpert,C. Richard Nixon,D. None of these,C. Richard Nixon
Karnak Temple is situated in_________?,A. India,B. Nepal,C. Egypt,D. None of these,C. Egypt
Where Harley Street is situated?,A. Germany,B. France,C. UK,D. Norway,C. UK
Dame Street is situated in which city?,A. Dublin,B. New York,C. London,D. Mumbai,A. Dublin
Baldwin Street is situated in which country?,A. USA,B. New Zealand,C. Australia,D. Canada,B. New Zealand
Capital Of Malawi Is ___________?,A. Lilongwe,B. Cape town,C. Jakarta,D. Male,A. Lilongwe
Great Malawai Lake Located In ___________?,A. Italy,B. Africa,C. France,D. Egypt,B. Africa
Great Bear Lake Is In _________?,A. USA,B. Russia,C. Canada,D. Africa,C. Canada
Lake Baikal Is In Which Country ?,A. Russia,B. Canada,C. USA,D. None of these,A. Russia
Avila Walls is located in which country?,A. Croatia,B. Poland,C. England,D. Spain,D. Spain
Hamas came into power in Palestine ?,A. 2005,B. 2006,C. 2007,D. 2008,B. 2006
Aurelian Wall is located in which country?,A. Italy,B. Ukraine,C. Spain,D. Turkey,A. Italy
Antonine Wall is located in which country?,A. France,B. Croatia,C. Scotland,D. Poland,C. Scotland
In which city is the world’s oldest tennis court from 1496?,A. Paris,B. London,C. Berlin,D. Bern,A. Paris
In which country were modern banknotes first used?,A. Italy,B. Sweden,C. Germany,D. France,B. Sweden
Porcelain Tower of Nanjing is located in which country?,A. Turkey,B. China,C. Greece,D. Egypt,B. China
Troy is a legendary city of_______?,A. Rome,B. Turkey,C. Poland,D. France,B. Turkey
Sturt Stony desert is located in which country?,A. Mexico,B. Canada,C. Australia,D. Chile,C. Australia
Gersoppa waterfall is located in which country?,A. Guyana,B. Uganda,C. India,D. Tanzania,C. India
Lake Ontario is located in which two countries?,A. Russia-Iran,B. USA-Canada,C. USA-Mexico,D. Israel-Jordan,B. USA-Canada
Urmia lake is located in which country?,A. China,B. Iran,C. India,D. Sri Lanka,B. Iran
Reindeer is a lake located in which country?,A. Brazil,B. Canada,C. Peru,D. US,B. Canada
Virginia Falls is located in which country?,A. Norway,B. Italy,C. Canada,D. Mexico,C. Canada
Feather Falls is located in which country?,A. India,B. Britain,C. United States,D. Canada,C. United States
Gavarnie Falls is located in which country?,A. France,B. Guyana,C. Norway,D. Canada,A. France
Ribbon waterfall is located in which country?,A. Canada,B. United States,C. Mexico,D. Italy,B. United States
Seimas is the parliament of __________?,A. Finland,B. Latvia,C. Lithuania,D. Lebanon,C. Lithuania
Ginza Street is located in Tokyo. Where is Bourbon street located?,"A. New Orleans, USA","B. London, UK","C. Milan, Italy",D. None of these,"A. New Orleans, USA"
HUR is the secret agency of ________?,A. Sweden,B. Sri Lanka,C. Ukraine,D. Hungary,C. Ukraine
Bundesversammlung is parliament of _________?,A. Tanzania,B. Switzerland,C. Uzbekistan,D. Denmark,B. Switzerland
Saeima is the parliament of __________?,A. Lithuania,B. Lebanon,C. Latvia,D. Luxembourg,C. Latvia
Abbey Road Street is located in __________?,A. New Orleans France,B. London UK,C. New York USA,D. Milan Italy,B. London UK
Grafton Street is in Dublin and Fifth Avenue street is in _________?,A. New York,B. London UK,C. Milan Italy,D. California,A. New York
"Reconciliation: Islam, Democracy, and the West  was written by ____________?",A. ZA Bhutto,B. Jaswant singh,C. Benazir Bhutto,D. None of these,C. Benazir Bhutto
The Arrogance of Power was written by ____________?,A. J William Fulbright,B. Jaswant singh,C. Adam smith,D. None of these,A. J William Fulbright
The World Diabetes Day is observed every year across the world on____________?,A. 14 October,B. 14 November,C. 16 November,D. 15 November,B. 14 November
Which country of the South America is known as ‘Granary of Europe’ ?,A. Chile,B. Argentina,C. Brazil,D. Peru,B. Argentina
Which Asian country is home to the most nuclear power plants?,A. China,B. South Korea,C. Taiwan,D. None of these,A. China
How many U.S. states border the Pacific Ocean?,A. Four,B. Three,C. Five,D. Seven,C. Five
Mojave Desert desert is located in________?,A. Afghanistan,B. India,C. Australia,D. USA,D. USA
The creator of the popular numbers puzzle Sudoku?,A. Maki Kaji,B. Shinzo Teng,C. Mami Suzuki,D. Hiroko Akutsu,A. Maki Kaji
The book “Tareekh-e-Lahore was written by__________?,A. Aitizaz Ahsan,B. Kanhaiyya Lal,C. Rafique Afzal,D. None of these,B. Kanhaiyya Lal
Volcanic Mt. Etna is located in which country?,A. Hawaii,B. Indonesia,C. Italy (Sicily),D. Kenya,C. Italy (Sicily)
Which Australian city is situated on Moreton Bay?,A. Adelaide,B. Sydney,C. Brisbane,D. Perth,C. Brisbane
Gogland Island belongs to which country?,A. Estonia,B. Sweden,C. Russia,D. Finland,C. Russia
What is the new name of the island of Madagascar?,A. Haitti,B. Malagasy,C. Mozambique,D. Maputo,B. Malagasy
Who was the 16th President of the United States?,A. Barack Obama,B. Abraham Lincoln,C. Donald Trump,D. None of these,B. Abraham Lincoln
Which book is written by Syed Abul Aala Maududi ?,A. Jane Eyre,B. Anna Karenina,C. Pardah,D. None of these,C. Pardah
Armughan i Hijaz was written by ________?,A. Allama Iqbal,B. Abul ala maudoodi,C. Mir Aman Delhvi,D. Sir syed ahmed khan,A. Allama Iqbal
“Hispaniola” is the old name of ______?,A. Iran,B. Cuba,C. Fiji,D. Haiti,D. Haiti
Salisbury Is the old name of ______?,A. Hebridges,B. Petrograd,C. Harare,D. None of them,C. Harare
"The Temple of the Tooth, which holds a sacred relic that is said to be the tooth of Buddha, is in______?","A. Kandy, Sri Lanka","B. Jaffna, Sri Lanka","C. Colombo, Sri Lanka","D. Galle , Sri Lanka","A. Kandy, Sri Lanka"
"Hadrian’s Wall, which extends across northem England, was built on the order of the Roman Emperor Hadrian in______?",A. 122 CE,B. 120 CE,C. 125 CE,D. 127 CE,A. 122 CE
Topkapi Palace is one of the most famous sites in_________?,A. Florence,B. Istanbul,C. Gland,D. Astana,B. Istanbul
Which is the capital of maldives?,A. Maye,B. Male,C. Washington,D. Mald,B. Male
Name of Japan’s bicameral legislature (Parliament) is __________?,A. P Democratic party,B. National Diet,C. National federation,D. None of these,B. National Diet
Mr bean (Rowan Atkinson) Belongs to ________?,A. Russia,B. London,C. US,D. England,D. England
"The first intelligible words to be ever recorded on a telephone on March 10, 1876, were?",A. Hello,B. Hi,"C. Mr Watson, come here. I want to see you.",D. Graham Bell is speaking,"C. Mr Watson, come here. I want to see you."
The longest primate animal in the world is________?,A. Gorilla,B. Giraffe,C. Kangaroo,D. None of these,A. Gorilla
Maya beach is located in which country?,A. Indonesia,B. Thailand,C. Malaysia,D. Russia,B. Thailand
Who has the longest reign among following?,A. Angela Merkel,B. Barack Obama,C. President Putin,D. Narendra Modi,A. Angela Merkel
How many times the National Flag of Aganistan has been changed in last 100 years?,A. 10,B. 13,C. 15,D. 18,D. 18
Which of the following countries is closest in size to Sri Lanka?,A. Qatar,B. Rwanda,C. Iceland,D. Laos,C. Iceland
What continent is home to all the world’s countries that begin with “Z”?,A. South America,B. Africa,C. Asia,D. Europe,B. Africa
Zacatecas is a state located in which country?,A. Canada,B. Mexico,C. Brazil,D. Jamaica,B. Mexico
Madagascar is off the coast of which country?,A. South Africa,B. Mozambique,C. Tanzania,D. Kenya,B. Mozambique
Which of the following country is called enclave?,A. Kosovo,B. Liechtenstein,C. Slovakia,D. San Marino,D. San Marino
Which if the following countries is closest in size to Pakistan?,A. Congo,B. Paraguay,C. Turkey,D. Chile,C. Turkey
Cape Agulhas is where the two oceans meet?,A. Atlantic and Indian,B. Indian and Pacific,C. Atlantic and Arctic,D. Pacific and Atlantic,A. Atlantic and Indian
Whose face was first uploaded on Facebook?,A. Al Pacino,B. Zuckerberg,C. Adam smith,D. Shahid Chudhary,A. Al Pacino
Disappointment island is in which country?,A. New Zealand,B. England,C. India,D. None of these,A. New Zealand
Who Was the First Woman to run for President of the United States?,A. Hillary Clinton,B. Margaret Chase Smith,C. Victoria Woodhull,D. Patsy Mink,C. Victoria Woodhull
The president of USA ____ asked British Government to divide India into two parts namely Muslim India and Hindu India?,A. Woodrow Wilson,B. F.D Roosevelt,C. both,D. None of these,B. F.D Roosevelt
Degrees on a map are divided into 60 equal parts. What are these parts called?,A. Days,B. Seconds,C. Minutes,D. Hours,C. Minutes
Which of the following countries is an archipelago located in the Indian Ocean?,A. Vanuatu,B. Maldives,C. Jamaica,D. Kiribati,B. Maldives
The total area of the earth is _______ Greater than the area of US.,A. 10 times,B. 20 times,C. 29 times,D. 52 times,D. 52 times
The new name of Facebook is __________?,A. Meta,B. Beta,C. Delta,D. Face point,A. Meta
A Doll’s House is written by _________?,A. Kk Aziz,B. Mixim Gorky,C. Ibsen,D. Adam Dente,C. Ibsen
Strait connecting the Black sea and the Sea of Azov is ________?,A. Palk Strait,B. Kerch Strait,C. Bosphorous Strait,D. Dardenals Strait,B. Kerch Strait
The Masoleum of Halicarnassus is located in which country?,A. Turkey,B. China,C. Greece,D. Egypt,A. Turkey
Which city is nicknamed as “Bat City” ?,"A. Casper, Wyoming","B. Pottstown, Pennsylvania","C. Red Wing, Minnesota","D. Austin, Texas","D. Austin, Texas"
The famous incident of Boston Tea Party took place in _________?,A. 1770,B. 1765,C. 1773,D. None of these,C. 1773
Mount Fuji is located in which country?,A. Japan,B. England,C. France,D. Canada,A. Japan
Anastasian Wall is located in which country?,A. England,B. Ukraine,C. Turkey,D. Spain,C. Turkey
The first successful expedition to the Mount Everest was made in__________?,A. 1962,B. 1965,C. 1968,D. 1953,D. 1953
Who wrote the book ‘India Wins Freedom’ ?,A. Allama iqbal,B. Molana Abdul Kalam Azad,C. Sikandar mirza,D. None of these,B. Molana Abdul Kalam Azad
OIC stands for __________?,A. Organization of Islamic Conference,B. Organization of Islamic Committee,C. Organization of Islamic Cell,D. Organization of Islamic Cooperation,D. Organization of Islamic Cooperation
In which city the United Nations was created?,A. Shanghai,B. San Francisco,C. Charlottetown,D. New York,B. San Francisco
Which is the main industrial activity in Tanzania?,A. Cloves export,B. Mining,C. Oil based,D. Sugar/coconut based,B. Mining
China Times is the official newspaper for which country?,A. Russia,B. Taiwan,C. China,D. Georgia,B. Taiwan
Cancun is a famous city of country?,A. Spain,B. Italy,C. USA,D. Mexico,D. Mexico
Bali is famous tourist resort of___________?,A. Malaysia,B. Indonesia,C. Australia,D. None of these,B. Indonesia
Which country is called “Land of direct democracy”?,A. India,B. Germany,C. USA,D. Switzerland,D. Switzerland
Which countries flag has red circle on green background?,A. Malaysia,B. Bangladesh,C. Indonesia,D. Taiwan,B. Bangladesh
On which country national flag there is an eagle and a snake?,A. Mexico,B. Germany,C. Austria,D. Peru,A. Mexico
Which British explorer was the first European  to see the Victoria Falls?,A. john hanning speke,B. David Livingstone,C. james cook,D. None of these,B. David Livingstone
Name the first Astronaut to walk in space in 1965. He remained in space for 20 minutes.,A. Neil Armstrong,B. Alexei Leonov,C. Yuri Gagarin,D. None of these,B. Alexei Leonov
"Name the first Muslim who travelled in space from April 29 to May 6,1985?",A. Sheikh khalid ul waleed,B. Sheikh Bokhtar,C. Prince karim sulman,D. Prince Sultan bin Salman Al Saud,D. Prince Sultan bin Salman Al Saud
World’s first commercial communication satellite was launched in 1965. Its name was,A. Tiros I,B. Early Bird,C. Soyuz I,D. None of these,B. Early Bird
In the Muslim World which country has the highest per capita income?,A. Kuwait,B. UAE,C. Qatar,D. Oman,C. Qatar
Name the bird which is fastest and can attain speed of 200km?,A. Eagle,B. Indian Swift,C. Condor,D. Falcon,D. Falcon
How many Times has Brazil won the world cup football championship?,A. Five Times,B. Three Times,C. Four Times,D. Two Times,A. Five Times
Where is the Devils Tower located ?,A. Japan,B. America,C. China,D. Russia,B. America
Great Mosque of Cordoba is located in which country ?,A. Iran,B. Turkey,C. Spain,D. Brazil,C. Spain
Valley of the Kings is located in which country ?,A. Turkey,B. Algeria,C. Hungary,D. Egypt,D. Egypt
International Space Station ( ISS) was launched in which year ?,A. 1997,B. 1998,C. 1999,D. 2000,B. 1998
Who did the USA buy the Virgin Islands from?,A. Denmark,B. France,C. Italy,D. Russia,A. Denmark
Toward Freedom 1936 is the autobiography of  which personality?,A. Jawaharlal Nehru,B. Molana Abul Kalam Azad,C. Quaid e Azam,D. None of these,A. Jawaharlal Nehru
Who was the first Governor General of India?,A. Warren Hastings,B. William Bentick,C. Lord Delhousie,D. Lord Canning,B. William Bentick
How many cantons (sovereign states) are there in Switzerland _______?,A. 10 cantons,B. 15 cantons,C. 26 cantons,D. None of these,C. 26 cantons
A place where pigs are kept is called _______?,A. Cellar,B. Sty,C. Brewery,D. None of Above,B. Sty
In reference to Pacific Ocean – what is the meaning of Pacific?,A. Very large,B. Peaceful,C. Never before,D. Dangerous,B. Peaceful
Which among the following is popular as Windy City?,A. Venice,B. Chicago,C. New York,D. Tokyo,B. Chicago
The term ‘hook pass’ is related to _________?,A. Football,B. Badminton,C. Basketball,D. Boxing,C. Basketball
OSS is the old name CIA which established in__________?,A. 1941,B. 1942,C. 1943,D. 1944,B. 1942
Who gifted the Statue of liberty of New York?,A. Germany,B. England,C. France,D. Spain,C. France
Which among the following is popular as Hermit Kingdom?,A. Korea,B. Japan,C. Taiwan,D. Borneo,A. Korea
Dirham is the currency of which country?,A. UAE,B. Malaysia,C. Morocco,D. Both A & C,D. Both A & C
The Largest Coffee growing country in the world is _____________?,A. India and Sri Lanka,B. Sri Lanka,C. Brazil,D. None of these,C. Brazil
Which Country is known as the Roof of the World ________?,A. Africa,B. Tibet,C. North America,D. None of these,B. Tibet
The currency of Ethiopia is_________?,A. Dobra,B. Dong,C. Birr,D. Rand,C. Birr
Which is the longest river of Afghanistan?,A. Kabul River,B. Kunar River,C. Amu River,D. Helmand River,D. Helmand River
Skorga waterfall is located in which country?,A. USA,B. Brazil,C. Norway,D. Uk,C. Norway
Vinnufallet waterfall is located in which country?,A. Italy,B. Australia,C. Norway,D. Brazil,C. Norway
Yumbilla Falls is located in which country?,A. Argentina,B. Peru,C. Brazil,D. Norway,B. Peru
When is world Rabies Day 2021 observed?,A. 23rd September,B. 26th September,C. 28th September,D. 30th September,C. 28th September
Who was A.O. Hume?,A. Retired member of civil service,B. Governor- General of India,C. Viceroy of India,D. Member of British Parliament,A. Retired member of civil service
What is the duration at the poles?,A. 3 months,B. 6 months,C. 9 months,D. 12 months,B. 6 months
Which country of Europe is famous for dairy industry?,A. Sweden,B. Norway,C. Denmark,D. Switzerland,C. Denmark
Which name is mentioned in every book of Allama Iqbal?,A. Mathew Arnold,B. William Wordsworth,C. Rumi,D. Goethe,C. Rumi
The International Day of Peace is observed annually on_______?,A. 20 Sept,B. 21 Sept,C. 22 Sept,D. 23 Sept,B. 21 Sept
The Most Polluted Country in the World is________?,A. India,B. Pakistan,C. Bangladesh,D. Afghanistan,C. Bangladesh
suez canal is owned by________?,A. Syria,B. turkey,C. Egypt,D. None of these,C. Egypt
Indian city Mumbai consists of how many islands?,A. Five islands,B. Six islands,C. Seven islands,D. Ten islands,C. Seven islands
Capital of Germany is __________?,A. Nairobi,B. London,C. Paris,D. Berlin,D. Berlin
Where is river Thames?,A. England,B. Thailand,C. Germany,D. Russia,A. England
Who is the first purchaser of Pak-China made JF-17 Air craft?,A. Bangladesh,B. Myanmar,C. South Korea,D. Italy,B. Myanmar
Term of the President of UN General Assembly is ___________?,A. 1 Year,B. 2 Years,C. 5 Years,D. None of these,A. 1 Year
16th century built Kharphocho Fort is located in___________?,A. Kot Digi,B. Taxila,C. Swat,D. Skardu,D. Skardu
"Height of Broad Peak, 12th highest mountain in the world is________?",A. 8047 m,B. 8125 m,C. 8611 m,D. None of these,A. 8047 m
Japan captured Manchuria in________?,A. 1931,B. 1929,C. 1930,D. None of these,A. 1931
Jaisalmer is a city in_____________?,A. Turkey,B. Egypt,C. India,D. Iraq,C. India
Which of the following is the largest mosque in the world?,"A. Imam Ali Mosque, Iraq","B. Great Mosque of Mecca, Saudi Arabia","C. Al-Masjid an-Nabawi , Saudi Arabia","D. Faisal Mosque, Pakistan","B. Great Mosque of Mecca, Saudi Arabia"
The first frisbee was made in __________?,A. 1957,B. 1958,C. 1959,D. None of these,A. 1957
Who is considered one of the greatest investors in the world?,A. Bill Gates,B. Elon Musk,C. Warren Buffet,D. None of the Above,C. Warren Buffet
"At the time of invasion of Afghanistan after 9/11 attacks, who was the president of US?",A. Bill Clinton,B. George W. Bush,C. Barrack Obama,D. None of these,B. George W. Bush
Who is the Current Supreme Leader of Taliban in Afghanistan?,A. Mullah Abdul Ghani Bardar,B. Mullah Haibat Ullah Akhunzada,C. Mullah Abdul Hakim,D. Siraj Uddin Haqqani,B. Mullah Haibat Ullah Akhunzada
The Ramon Magsaysay Award is awarded to honour people and groups tackling ?,A. Education Problems,B. Poverty Problems,C. Development Problems,D. None of these,C. Development Problems
The Ramon Magsaysay Award — named after a Filipino president killed in a plane crash — was established in________?,A. 1957,B. 1960,C. 1967,D. None of these,A. 1957
When was International Dog Day 2021 observed?,A. August 24th,B. August 25th,C. August 26th,D. August 27th,C. August 26th
The Men Who Ruled India: was written by__________?,A. Rousseau,B. Philip Mason,C. G. Allana,D. None of these,B. Philip Mason
Atlantic Wall is located in which country?,A. Spain,B. France,C. Croatia,D. Italy,B. France
“Hyde Park” London is renowned for?,A. Being residence of England’s foreign minister.,B. Beautiful red roses.,C. Liberty of speech,D. Unique design.,C. Liberty of speech
BECA stands for: __________?,A. Basic Exchange And Cooperation Agreement,B. Bilateral Engagement And Cooperation Agreement,C. Bilateral Engagement And Counter Arrangement,D. None of these,A. Basic Exchange And Cooperation Agreement
Warsaw is capital of_________?,A. Austria,B. Poland,C. Bulgaria,D. Sweden,B. Poland
International Day of UN Peacekeeper celebrated every year on ________?,A. 27 May,B. 28 May,C. 29 May,D. None of these,C. 29 May
Khartoum is the capital of__________?,A. Iraq,B. Iran,C. Yemen,D. Sudan,D. Sudan
Nouakchott is capital of__________?,A. spain,B. sweden,C. Mauritania,D. None of these,C. Mauritania
World Photography Day WPD observed each year on ___________?,A. 12th August,B. 17th August,C. 19th August,D. 22nd August,C. 19th August
Sonoran is a desert present in ____________?,A. China,B. Mexico,C. Australia,D. India,B. Mexico
How many Olympic medals has Pakistan won?,A. 12,B. 10,C. 8,D. 14,B. 10
How many countries in world start with “Q”?,A. 2,B. 1,C. 3,D. 0,B. 1
Basketball is the national game of the following country?,A. America,B. Canada,C. England,D. Lithuania,D. Lithuania
Larry O’Brien trophy is the famous championship of the following sport?,A. Volleyball,B. Basketball,C. Cricket,D. Football,B. Basketball
Naismith Memorial Basketball Hall of Fame is located in ?,A. New Zealand,B. America,C. England,D. France,B. America
Which of the following nation is considered founder of basketball?,A. England,B. Nigeria,C. Kenya,D. America,D. America
Which of the following personality is the founder of basketball?,A. James Naismith,B. Christ Lee,C. James Medison,D. None of these,A. James Naismith
Marib Dam is located in________?,A. Iran,B. Iraq,C. Yemen,D. Syria,C. Yemen
Mumbai stock exchange was established in_________?,A. 1875,B. 1948,C. 1870,,A. 1875
Who is the founder of telegram?,A. Yiming Zhang,B. Sundar Pichai,C. Pavel Durov,D. Even Speigal,C. Pavel Durov
When is world youth skills day observed?,A. July 14th,B. July 15th,C. July 16th,D. July 17th,B. July 15th
Length of Canada’s border with the United States is ________?,"A. 8, 891 KM","B. 7, 890 KM","C. 6, 7800 KM","D. 5, 600 KM","A. 8, 891 KM"
Who founded Judaism?,A. Prophet Muhammad PBUH,B. Jesus Christ,C. Abraham,D. None of these,C. Abraham
Surma is name of a _________?,A. Mountain,B. Desert,C. River,D. Island,C. River
Longest Railway line in the world is _________ ?,A. Trans Siberian Railway,B. New York Railway,C. Beijing Railway Network,D. None of these,A. Trans Siberian Railway
How many words are there in Russian language _____ ?,A. 10000,B. 100000,C. 150000,D. 350000,D. 350000
The weight of 5 rupee coin of Pakistan is ___________?,A. 5.00g,B. 5.50g,C. 6.00g,D. 5.50g,D. 5.50g
The State Great Khural is the parliament of which of the following country?,A. Sri Lanka,B. Nepal,C. Mongolia,D. South Africa,C. Mongolia
What is the name of parliament of Jordan?,A. Majlis Al-Umma,B. Majlis Al-Raees,C. Congress,D. None of the above,A. Majlis Al-Umma
Which of the following is the parliament of Burma?,A. Pyethic Hyltaw,B. Althing,C. Storting,D. None of the above,A. Pyethic Hyltaw
Majlis Mesyuarat is the parliament of which of the following country?,A. Iceland,B. Iran,C. Brunei,D. Qatar,C. Brunei
Parliament of Norway is known as:,A. Althing,B. Storting,C. Federal Assembly,D. Congress,B. Storting
Parliament of Oman is known as __________?,A. Consultative Assembly,B. National Assembly,C. National Congress,D. None of the above,A. Consultative Assembly
Masherbrum Peak is located in _______?,"A. Gilgit, GB","B. Skardu, GB","C. Ghanche, GB","D. Shigar, GB","C. Ghanche, GB"
What does Duff mean in golf?,A. A bad shot,B. A good shot,C. Winning shot,D. None of the above,A. A bad shot
Hitting the ball into the hole in one stroke in golf is called?,A. Eagle,B. Par,C. Ace,D. Birdie,C. Ace
"Par, Birdie, Eagle and Ace are famous terms of ____________ sport?",A. Basketball,B. Golf,C. Football,D. Cricket,B. Golf
What is the height of an ice hockey goal?,A. 40 inches,B. 44 inches,C. 48 inches,D. 52 inches,C. 48 inches
The width of an ice hockey goal is ________?,A. 70 inches,B. 72 inches,C. 74 inches,D. 76 inches,B. 72 inches
What is the length of an ice hockey stick?,A. 60 inches,B. 63 inches,C. 65 inches,D. 70 inches,B. 63 inches
There are _______ players in each team in Ice Hockey.,A. Six,B. Seven,C. Eight,D. Nine,A. Six
Stanley Cup is associated with which of the following sport?,A. Hockey,B. Ice Hockey,C. Football,D. None of the above,B. Ice Hockey
The Hockey Hall of Fame is located in _______?,A. Paris,B. New York,C. Toronto,D. Bern,C. Toronto
Which country invented Ice Hockey?,A. England,B. Canada,C. America,D. Pakistan,B. Canada
"Under the rules of golf, a golf ball has a mass no more than?",A. 1. 62 ounces,B. 1.65 ounces,C. 1.75 ounces,D. None of the above,A. 1. 62 ounces
What is the size of a golf hole?,A. 4.25 inches,B. 4.50 inches,C. 4.75 inches,D. 5 inches,A. 4.25 inches
Which of the following country invented golf?,A. England,B. Ireland,C. Canada,D. Scotland,D. Scotland
Antonio Guterres UN Secretary General also served as?,A. Head of University,B. President of Portugal,C. Prime minister of Portugal,D. Executive member of IMF,C. Prime minister of Portugal
How many planets are in our solar system?,A. 9,B. 8,C. 7,D. 5,B. 8
“Dum dum” International Airport is in__________?,A. Kolkata,B. England,C. Canada,D. None of these,A. Kolkata
The main administrative capital of the African Union is in:____________?,A. Sudan,B. South Africa,C. Egypt,D. Ethiopia,D. Ethiopia
North Korea invaded South Korea in the year?,A. 1947,B. 1948,C. 1949,D. 1950,D. 1950
Which country is considered as an original member of UN though it signed the charter later?,A. Poland,B. India,C. United States,D. None of these,A. Poland
How many delegates can each country sent to the UN General Assembly?,A. 7,B. 8,C. 5,D. None of these,C. 5
The Gulf War of 1991 was precipitated by Iraqi annexation of_______?,A. Saudi Arabia,B. Kuwait,C. Bahrain,D. None of these,B. Kuwait
Who was the first Secretary-General elected from the rankers staff of United Nations?,A. U Thant,B. Dr. Kurt Waldheim,C. Kofi Annan,D. Trygive Lie,C. Kofi Annan
The highest point of Africa is_________?,A. Mt. Kilimanjaro,B. Mt. Mc Kilney,C. Mt. Everest,D. None of these,A. Mt. Kilimanjaro
The Israeli Intelligence Community is made up of ______?,A. Aman,B. Mossad,C. Shin Bet,D. All of these,D. All of these
How many members are in the KNESSET (Legislative Body of Israel)?,A. 90,B. 120,C. 45,D. 60,B. 120
Where is the KNESSET’s Headquarter Located?,A. Washington DC,B. New York,C. California,D. Jerusalem,D. Jerusalem
Which Country is with most smartphone users ?,A. U.S.A,B. India,C. China,D. Canada,C. China
Which mughal ruler was modern to queen Elizabeth?,A. Shahjan,B. Hummyoun,C. Akbar,D. None of these,C. Akbar
Which of the following is known as “The Loneliest Point on Earth”?,A. Point El Salvador,B. Point Bermuda,C. Point Nemo,D. Point Lonely,C. Point Nemo
The Mekran medical college is located in __________?,A. Turbat,B. Quetta,C. Gawadar,D. None of these,A. Turbat
Which of the following is world’s Longest and deepest tunnel and was opened in Switzerland in 2016.,A. Sheikan Tunnel,B. Gotthard tunnel,C. Eurotunnel,D. New guanjiao tunnel,B. Gotthard tunnel
Chaqchan Mosque is located in __________?,"A. Skardu, Gilgit Baltistan","B. Khaplu, Gilgit Baltistan","C. Kharmang, Gilgit Baltistan","D. Shigar, Gilgit Baltistan","B. Khaplu, Gilgit Baltistan"
Which is Salty lake in Sindh?,A. Keenjhar,B. Haleji Lake,C. Manchhar,D. Hub Lake,B. Haleji Lake
The Book “Jinnah to Modi” was written by?,A. Richard Nixon,B. Spengler,C. Kuldeep Nayyar,D. None of these,C. Kuldeep Nayyar
Who was the first transgender Olympian weightlifter?,A. Caster Semenya,B. Laurel Hubbard,C. Veronica Ivy,D. Michelle Duff,B. Laurel Hubbard
TikTok was created by which social media billionaire?,A. Yuan,B. John Austin,C. Zhang Yiming,D. None of these,C. Zhang Yiming
Yuan Longping belongs to which country?,A. Brazil,B. China,C. India,D. Bangladesh,B. China
Bicycle was invented in 1817 by ?,A. Robert Alberta,B. Mac Milan,C. Roger Blair,D. Karl von Drais,D. Karl von Drais
Ammunition of Muslim League is a name taken by which university ?,A. Punjab university,B. Islamia college Peshawar,C. Aligarh University,D. None of these,C. Aligarh University
Moorish kingdom of Grenada ( Spain ) surrendered to Christians in ?,A. 712 AD,B. 1050 AD,C. 1492 AD,D. 1757 AD,C. 1492 AD
Which country has the freshest water in world ?,A. Chile,B. Russia,C. Switzerland,D. Nepal,C. Switzerland
The famous waterfall ” Igauzu” is located at border of which two countries ?,A. USA & Canada,B. USA & Brazil,C. Brazil & Uruguay,D. Brazil & Argentina,D. Brazil & Argentina
The El Valle De La Luna ( Valley of the moon ) is located in which desert ?,A. Atacama Desert ( Chile ),B. Sahara Desert ( Africa ),C. Sandy Desert ( Australia ),D. Gobi Desert ( Mangolia),A. Atacama Desert ( Chile )
The Highest cold desert ” Katpana desert ” is located in ?,A. China,B. Pakistan,C. Nepal,D. India,B. Pakistan
Which battle allowed Babur to defeat Ibrahim Lodhi and capture Delhi in 1526 ?,A. 1st Battle of panipat,B. 2nd Battle of panipat,C. 3rd Battle of panipat,D. Battle of waterloo,A. 1st Battle of panipat
Muhammad Ghauri defeated Prithviraj Chauhan in the 2nd Battle of Tarain in which year ?,A. 1191 AD,B. 1192 AD,C. 1196 AD,D. 1197 AD,B. 1192 AD
Annapurna peak is located in which country?,A. UK,B. China,C. West-indies,D. Nepal,D. Nepal
In which country can the military personnel also contest elections?,A. Myanmar,B. Egypt,C. Hong Kong,D. China,B. Egypt
First country to ban complete “Deforestation” is ?,A. Australia,B. Sweden,C. Norway,D. Denmark,C. Norway
Minar-E-Pakistan was designed by which Russian born Pakistani architect?,A. Nasreddin Murat-Khan TI,B. Vedat Dalokay,C. Arif Masoud,D. Yahya Merchant,A. Nasreddin Murat-Khan TI
Who got the title of ” Father of education” in Muslims of subcontinent?,A. Quaid-e-Azam,B. Allama Iqbal,C. Sir Syed Ahmad khan,D. None of these,C. Sir Syed Ahmad khan
Brandenburg Gate is located in ___________?,A. Italy,B. Germany,C. Russia,D. None of these,B. Germany
Wellington Arch is located in ____________?,A. New Zealand,B. England,C. Australia,D. None of these,B. England
Green Park is located in ___________?,A. Cuba,B. England,C. Poland,D. Germany,B. England
Canada Gate is in ___________?,A. Canada,B. England,C. USA,D. France,B. England
Which Country have water proof currency?,A. Iranian,B. Asian,C. African,D. Australian,D. Australian
What is secret agency of Israel?,A. CIA,B. MOSSAD,C. RAW,D. ASIS,B. MOSSAD
What is  the oval office?,A. FIFA Headquarter,B. International cricket council office in dubai,C. The personal office of US president,D. None of these,C. The personal office of US president
On which date U.S. purchased Alaska state from Russia ?,"A. 18 Oct, 1867","B. 30 Mar, 1867","C. 12 Dec, 1867",D. None of these,"B. 30 Mar, 1867"
Which university become the first Pakistan university to start a PhD programme on Seerat-ul-Nabi(SAW)?,A. Sargodha University,B. Liaquat Universit,C. Sindh University,D. Punjab University,A. Sargodha University
TransPeshawar BRT system consist of how many stations ?,A. 26,B. 28,C. 30,D. 32,D. 32
The oldest Engineering university of Pakistan is ____________?,A. National University of science & technology,B.,C. University Engineering & technology taxila,D. None of these,B.
First person in the world to receive Pfizer Covid-19 vaccine is from?,A. USA,B. UK,C. France,D. Russia,B. UK
Aksai chin is between which two countries?,A. Pakistan and India,B. China and India,C. Pakistan and Iran,D. China and Pakistan,B. China and India
Which city of Pakistan is called  “City of Schools”.,A. Haripur,B. Kohistan,C. Abbottabad,D. Mansehra,C. Abbottabad
Which nation is also referred as “The Land of Flying Fish” ?,A. Barbados,B. Guyana,C. Finland,D. Jamaica,A. Barbados
When was the right to vote given to women in Switzerland?,A. 1935,B. 1950,C. 1965,D. 1971,D. 1971
Which air line won the best award 2020?,A. New Zealand,B. Canada,C. America,D. Japan,A. New Zealand
Oslo agreements in 1993 were signed between?,"A. Azerbaijan , Russia","B. Israel , Palestine","C. Iran , USA",D. None of these,"B. Israel , Palestine"
"On every 10 December, the Noble peace prize is awarded in?",A. USA,B. Norway,C. Rome,D. None of these,B. Norway
"Kaliningrad border lies with lithuania and Poland, that territory belongs to which country?",A. Poland,B. Lithuania,C. Russia,D. None of these,C. Russia
Cod wars were fought between?,"A. UK , Iceland","B. Norway , Iceland","C. Sweden , Denmark",D. None of these,"A. UK , Iceland"
"Marti Ahtsari received Noble peace prize in 2008, for his efforts to resolve international conflicts, belongs to which country?",A. Finland,B. Norway,C. Sweden,D. None of these,A. Finland
77% land area of Russia is located in?,A. Asia,B. Europe,C. Both,D. None of these,A. Asia
Russia is located in which two continents?,"A. Asia , Europe","B. Europe , Africa","C. Asia , America",D. None of these,"A. Asia , Europe"
"Obama’s book, “A Promised Land” came out on ______________?",A.  15 November,B.  16 November,C.  17 November,D.  18 November,C.  17 November
"“Becoming”, the biography written by?",A. Henry Clinton,B. Indira Gandhi,C. Michelle Obama,D. Melania Trump,C. Michelle Obama
Current Era of Geological Time Scale is _____________?,A. Paleozoic,B. Mesozoic,C. Holocene,D. None of these,C. Holocene
“Zulfi My Friend” is a book written by?,A. Z A Bhutto,B. M K Gandhi,C. K K Aziz,D. Piloo Mody,D. Piloo Mody
Which book is entitled as “Bible of Communism”?,A. Das Kapital,B. War and Peace,C. Communist Manifesto,D. None of these,A. Das Kapital
“Higher than Hopes” (by Fatima Meer) is the biography of?,A. Mother Teresa,B. Nelson Mandela,C. Liaqat Ali Khan,D. Sir Agha khan,B. Nelson Mandela
The Novel “Sword of Tipu Sultan” was written by?,A. K. M Munshi,B. B. S. Gidwani,C. Leo Tolstoy,D. None of these,B. B. S. Gidwani
“Dalal Street” is located in which country?,A. Pakistan,B. India,C. China,D. None of these,B. India
Brexit referendum was held on?,A. 2015,B. 2016,C. 2017,D. 2020,B. 2016
Suez Canal convention was held in which year?,A. 1887,B. 1888,C. 1889,D. None of these,B. 1888
Under which treaty did the British recognize the independence of 13 American colonies?,A. Brussels Treaty,B. Treaty of Paris,C. Geneva Convention,D. Treaty of Versailles,B. Treaty of Paris
Who is the Author of “Warrior Race: A Journey Through the Land of the Tribal Pathans”?,A. Imran Khan,B. Ishaq Dar,C. Waseem Akram,D. Perviaz Mushraf,A. Imran Khan
When was west Germany admitted as a member of NATO?,"A. 9 May, 1954","B. 9 May, 1955","C. 9 May, 1956","D. 9 May, 1960","B. 9 May, 1955"
Vietnam joined the UN in the year?,A. 1977,B. 1976,C. 1980,D. None of these,A. 1977
UN adopted the charter of Economic Rights and duties of states in the year?,A. 1975,B. 1973,C. 1980,D. 1974,D. 1974
International Court of Justice was established in the year?,A. 1946,B. 1945,C. 1947,D. None of above,B. 1945
NPT was entered into force in the year?,A. 1972,B. 1970,C. 1980,D. None of these,B. 1970
Vladimir Lenin died in _______________?,A. 1922,B. 1924,C. 1925,D. 1929,B. 1924
Which is world’s most high budget movie?,A. Avatar,B. Lord Of Rings,C. Pirates of Carribean,D. None of above,C. Pirates of Carribean
What is the national bird of US?,A. Cat,B. Baribian camal,C. Bald eagle,D. horse,C. Bald eagle
The present constitution of France is also known as?,A. Constitution of Fourth Republic,B. Constitution of Third Republic,C. Constitution of Fifth Republic,D. None of these,C. Constitution of Fifth Republic
Who is known as first black woman senator in US history?,A. Moseley-Braun,B. Ilhan Omar,C. Kamala Harris,D. None of these,A. Moseley-Braun
Which country opens first Islamic school for transgender persons?,A. Pakistan,B. Afghanistan,C. Bangladesh,D. Iraq,C. Bangladesh
The ratio between land & oceans by area is ____________.,A. 80.2% & 19.8%,B. 59% & 41%,C. 70.8% & 29.2%,D. 61% & 29%,C. 70.8% & 29.2%
Earth has an equatorial circumference of __________.,"A. 34,902 miles","B. 24,902 miles","C. 44, 902 miles",D. None of these,"B. 24,902 miles"
Total area of the earth is _________ million km².,A. 510,B. 492,C. 392,D. 692,A. 510
When All Pakistan Ulema council was founded?,A. 1980,B. 1989,C. 1990,D. 1998,C. 1990
Sonoran Desert is located in?,A. Brazil,B. Namibia,C. China,D. North America,D. North America
which type of milk is generally lowest in fat?,A. Full cream,B. Powered,C. Fried,D. Skimmed,D. Skimmed
Which country has two capitals?,A. France,B. Bolivia,C. Germany,D. Italy,B. Bolivia
Pravda was the newspaper of ___________?,A. America,B. China,C. Germany,D. Soviet union,D. Soviet union
"Africa’s tallest mountain, the Mount Kilimanjaro is located in which country?",A. South Africa,B. Tanzania,C. Zimbabwe,D. Nigeria,B. Tanzania
Which city becomes world’s highest baseball field?,"A. Skardu, Pakistan","B. Tokyo, Japan","C. Leadville, Colorado","D. La paz, Bolivia","A. Skardu, Pakistan"
How Many Dams are in Pakistan?,A. 100 Dams,B. 150 Dams,C. 200 Dams,D. 250 Dams,B. 150 Dams
Where is the library of mistakes?,A. London,B. EdinBurgh,C. Dublin,D. Leeds,B. EdinBurgh
When was Rocky Mountain National Park Act was signed by President Woodrow Wilson?,A. 25 December 1915,B. 26 January 1915,C. 27 February 1915,D. None of these,B. 26 January 1915
What was the old name of china?,A. Xiamen,B. Hefei,C. Macau,D. Qin,D. Qin
Which country is known as Sino?,A. Cuba,B. Fiji,C. China,D. Chad,C. China
What is the meaning of Siachen Glacier?,A. High glacier,B. Abundance of roses,C. Pure glacier,D. Blue glacier,B. Abundance of roses
The right to voting in U.K was extended to woman in ____________?,A. 1928,B. 1929,C. 1930,D. 1931,A. 1928
The Residential place of the Britain Prime Minister is at _____________?,A. 10-Downing Street,B. White House,C. Black House,D. None of these,A. 10-Downing Street
King John granted Magna Carta to the Barons in the year ___________?,A. 1215,B. 1315,C. 1415,D. 1515,A. 1215
First Prime Minister of Britain who lead the govt of Britain for over twenty years?,A. Robert Walpole,B. Lord Morley,C. Munro,D. None of these,A. Robert Walpole
British Parliament is also called the ______________?,A. Father parliament,B. Mother parliament,C. Brother parliament,D. Sister parliament,B. Mother parliament
In which year Zimbabwe gained independence?,A. 1971,B. 1987,C. 1980,D. 1977,C. 1980
Pakistan has the ________ highest number of diabetic patients in the world.,A. First,B. Second,C. Third,D. Fourth,D. Fourth
Birth anniversary of Mahatma Gandhi is celebrated on?,A. 2 October,B. 2 November,C. 2 December,D. 1 November,A. 2 October
Where is the headquarter of The Global Fund to Fight AIDS?,A. Vienna,B. Geneva,C. New York,D. London,B. Geneva
Bloomberg news agency belongs to which country?,A. United States,B. France,C. UK,D. None of these,A. United States
US President during World war 1 was?,A. Franklin Roosevelt,B. Wodrow Wilson,C. George Washington,D. None of these,B. Wodrow Wilson
Which country is the world’s oldest surviving federation?,A. Italy,B. Russia,C. Great Britain,D. United States,D. United States
Unesco was founded in __________?,A. 1945,B. 1947,C. 1948,D. 1949,A. 1945
The ” Oscars of Science  ” was first awarded in ________.,A. 2008,B. 2010,C. 2012,D. 2014,C. 2012
Brics was founded in ___________?,A. 1996,B. 1999,C. 2004,D. 2006,D. 2006
A person can recognize a sound in as a little as __________?,A. 0.05 seconds,B. 0.06 seconds,C. 0.07 seconds,D. 0.08 seconds,A. 0.05 seconds
The most common name in the world is __________.,A. John,B. Muhammad,C. Abraham,D. David,B. Muhammad
The oldest large-scale film studio in the world is __________?,A. Paramount Pictures,B. Babelsberg Film Studio,C. Hengdian World Studio,D. Metro-Goldwyn-Mayer,B. Babelsberg Film Studio
Name of Lower House of Russian federation legislation?,A. Supreme Soviet,B. Federation Council,C. State Duma,D. House of representatives,C. State Duma
Amazon tropical rainforest is also known as?,A. Boreal,B. Selvas,C. Tundra,D. Conifers,B. Selvas
Which animal is depicted on the logo of WWF (World Wide Fund for Nature)?,A. Snow Leopard,B. Gorilla,C. Lion,D. Panda,D. Panda
Which of following is youngest country of Europe?,A. Switzerland,B. Belgium,C. Kosovo,D. Sweden,C. Kosovo
The Black Mountains is located in:,A. France,B. Germany,C. Canada,D. Pakistan,B. Germany
Which Gas was first used in World War 1?,A. Helium,B. Hydrogen,C. Chlorine,D. Nitrogen,C. Chlorine
The book “Post American World” is written by _________?,A. Michal Chosudovsky,B. Mark Taliano,C. Brzezinski,D. Fareed Zikriya,D. Fareed Zikriya
The Five star movement is a political party in ___________?,A. Turkey,B. Norway,C. Italy,D. Canada,C. Italy
Guantanamo Bay is located in _______.,A. USA,B. Tanzania,C. Cuba,D. Mozambique,C. Cuba
Switzerland of the middle East is _____________?,A. Jordon,B. Iran,C. Tajikistan,D. Lebanon,D. Lebanon
The biggest Island of Indonesia ___________?,A. Sulawesi,B. Java,C. Seram,D. Sumatra,D. Sumatra
“Turin” was first capital of which country before her current capital?,A. Italy,B. Germany,C. Switzerland,D. Nepal,A. Italy
In which country is the Great Slave Lake?,A. USA,B. Canada,C. South Africa,D. Iraq,B. Canada
How many total number province in Afghanistan?,A. 28,B. 31,C. 34,D. 37,C. 34
Glasgow is the sea port of which country?,A. England,B. Germany,C. France,D. Iran,A. England
There are ___________ rings in the symbol (logo) of Olympic games that represents continents of the world.,A. 5,B. 6,C. 7,D. 8,A. 5
What is the motto of Olympic Games?,A. There’s no traffic on the extra mile,B. Fast and Furious,C. Together stronger,"D. Faster, higher, stronger","D. Faster, higher, stronger"
Which of the following is coldest capital city of the world?,A. New Delhi,B. Ulan Baatar,C. Islamabad,D. Riyadh,B. Ulan Baatar
Kot Diji Fort is located in ____________?,A. Khairpur,B. Karachi,C. Badin,D. Shikarpur,A. Khairpur
Grasslands in Australia are called?,A. Downs,B. Pampas,C. Steppes,D. Prairies,A. Downs
Who discovered China?,A. Christopher Columbs,B. Vasco De Gama,C. Ibn Batuta,D. Morco Polo,D. Morco Polo
‘Leviathan’ is a famous book of Thomas Hobbes written in _________.,A. 1641,B. 1651,C. 1671,D. None of these,B. 1651
Which International Organization has been honored Noble Prize 3 times?,A. International Labour Orgnization,B. Amnesty International,C. United Nation’s Children Fund,D. International Committee for Red Cross (ICRC),D. International Committee for Red Cross (ICRC)
Which of following political Party is oldest party in the UK?,A. Labour Party,B. Conservative Party,C. Liberal Party,D. Green Party,B. Conservative Party
When Labour Party of UK was established?,A. 1900,B. 1901,C. 1902,D. 1903,A. 1900
Quebec was the former colony of __________?,A. Italy,B. Britain,C. Spain,D. France,D. France
The researchers of which country have developed renewable energy storage devices?,A. Pakistan,B. India,C. UK,D. None of these,C. UK
The world’s oldest known natural pearl has recently discovered in ____________?,A. Tristan Da Cunha,B. New Guinea,C. Abu Dhabi,D. None of these,C. Abu Dhabi
Which is oldest stock exchange in Asia?,A. Tokyo,B. Bejing,C. Mumbai,D. Karachi,C. Mumbai
The newest internationally recognized country in the world is ____________?,A. Kosovo,B. East Timor,C. North Sudan,D. South Sudan,D. South Sudan
Which airline compeleted test of longest non-stop passenger flight?,A. Qatar Airways,B. Cathay Pacific,C. Qantas,D. Emirates,C. Qantas
The GOP was founded in ____________?,A. 1854,B. 1850,C. 1855,D. 1853,A. 1854
1st women president of UNGA was?,A. José Arce,B. Luis Padilla Nervo,C. Oswaldo Aranha,D. Vijaya Lakshmi Pandit,D. Vijaya Lakshmi Pandit
Who was 1st UNGA president?,A. Paul-Henri Spaak,B. Oswaldo Aranha,C. José Arce,D. Herbert Vere Evatt,A. Paul-Henri Spaak
What is the basic element of Education system?,A. Student,B. Assessment,C. Instructor,D. Curriculum,C. Instructor
Which country has the briefest constitution the world?,A. Pakistan,B. Iran,C. Turkey,D. USA,D. USA
Which country is going to give online tourist visa for the first time?,A. Pakistan,B. China,C. USA,D. Saudi Arabia,D. Saudi Arabia
Nomadic people living in Central Asia were called?,A. Huns,B. Attalis,C. Mongols,D. Vass,A. Huns
In which year first one day international  cricket match was played?,A. 1960,B. 1970,C. 1971,D. 1975,C. 1971
How many gods are there in Zoroastrianism?,A. One,B. Two,C. Three,D. None of these,A. One
What is the meaning of Shiva?,A. The helper,B. The destroyer,C. The creator,D. None of these,B. The destroyer
What is the meaning of Vishnu?,A. The destroyed,B. The preserver,C. The image of god,D. None of these,B. The preserver
What is the meaning of Brahma?,A. The preserver,B. The destroyer,C. The creator,D. None of these,C. The creator
Religion which believes that Hazrat Uzair (A.S) is the son of Allah?,A. Zoroastrian,B. Majusi,C. Jew,D. None of these,C. Jew
What was the religion of Persian people before Islam?,A. Judaism,B. Hanfa,C. Zoroastrian,D. None of these,C. Zoroastrian
The most ancient city of South Asia is?,A. Lahore,B. Peshawar,C. Ghazni,D. Karachi,B. Peshawar
"In which fort Raja Dahir’s wife fled with 15000 troops from,where she challenged Mohammad Bin Qasim?",A. Potwar,B. Kirthar,C. Rawar,D. None of these,C. Rawar
The most famous court poet of Akbar was:,A. Raskhan,B. Surdas,C. Abdur Rahain Khan-i-Khanah,D. None of these,C. Abdur Rahain Khan-i-Khanah
Amir Khusro’s name is associated with the invention of?,A. Sitar,B. Tabla,C. Shehnai,D. None of these,A. Sitar
Which two countries south Asia’s first cross-border oil pipeline?,A. China-Nepal,B. India-Nepal,C. Pakistan-China,D. Turkey-India,B. India-Nepal
What is the literal meaning of word philosophy?,A. Love of wisdom,B. love of God,C. love of nature,D. love of knowledge,A. Love of wisdom
Religion Shintoism is followed in which of the following countries?,A. China,B. Russia,C. Japan,D. Nepal,C. Japan
In which sport do teams compete for the Dunhill Cup?,A. Snooker,B. Golf,C. Table Tennis,D. Badminton,B. Golf
Adolf Hitler became chancellor of Germany in __________?,A. 1931,B. 1932,C. 1933,D. 1934,C. 1933
The All India Muslim Ladies Conference was founded in the year _________?,A. 1912,B. 1913,C. 1907,D. 1915,C. 1907
French author Alexander Dumas wrote which of the following?,A. Count of Monte Cristo,B. The Three Musketeers,C. Both of the above,D. None of the above,C. Both of the above
Charles Dickens is the author of _______?,A. Oliver Twist,B. The Haunted man and the Ghost’s Bargain,C. A Child’s History of England,D. All of these,D. All of these
The Roman numeral for the number “1000” is ____?,A. L,B. C,C. D,D. M,D. M
The Roman numeral for the number “500” is ____?,A. L,B. C,C. D,D. M,C. D
The Roman numeral for the number “100” is ____?,A. L,B. C,C. D,D. M,B. C
The Roman numeral for the number “50” is ____?,A. L,B. C,C. D,D. M,A. L
“Bharat Ratna” is the __________ award of India?,A. Military,B. Civilian,C. Academic,D. Political,B. Civilian
“Param Vir Chakra” is the highest ____________ award of India?,A. Military,B. Civilian,C. Academic,D. Political,A. Military
“Victoria Cross” is the highest _________ award of UK?,A. Military,B. Civilian,C. Academic,D. Political,A. Military
“Presidential Medal of Freedom” is the highest ________ award of the United States?,A. Military,B. Civilian,C. Academic,D. Political,B. Civilian
“Congressional Medal of Honour” is the highest _________ award of the United States?,A. Military,B. Civilian,C. Academic,D. Political,A. Military
Points that form a boundary between Asia and Europe are?,A. Ural mountain and River Ural,B. Part of Caspian Sea and Caucasus Mountains.,C. Option A&B,D. None of the above,C. Option A&B
The first oil well was drilled in the USA in the year ___________?,A. 1857,B. 1858,C. 1859,D. 1860,C. 1859
P.K Hitti was the person who wrote the history of __________?,A. Arab,B. Chinese,C. Europe,D. Portuguese,A. Arab
Elysee Palace is an official residence of __________?,A. Germany,B. France,C. Poland,D. Belgium,B. France
Sociology is ________ word.,A. Persian,B. Latin,C. Greek,D. English,B. Latin
First Women Speaker of US Congress is ___________?,A. Nancy Pelosi,B. Nancy Powell,C. Candoleeza Rice,D. Haillary Clintion,A. Nancy Pelosi
Middle East Treaty Organization (METO) and Baghdad Pact were the names of?,A. CENTO,B. SAARC,C. OECD,D. WTO,A. CENTO
The Joint Comprehensive Plan of Action is the official name of?,A. Paris Accord,B. Kyoto Protocol,C. Iran Nuclear Deal,D. US-Canada-Mexico Trade Deal,C. Iran Nuclear Deal
The “Me Too” movement was founded by?,A. Sherry Marts,B. Reid Hoffman,C. Tarana Burke,D. Erik Soleheim,C. Tarana Burke
The Black Sea is a body of water and marginal sea of the __________ ocean.,A. Indian,B. Atlantic,C. Arctic,D. Pacific,B. Atlantic
The United Nations International Day for Tolerance is observed on ___________?,A. 16 May,B. 16 Aug,C. 16 Nov,D. 16 Dec,C. 16 Nov
The Gomal pass is one of the most important trade routes from subcontinent to?,A. Iran,B. Afghanistan,C. India,D. None of these,B. Afghanistan
World Mangroves day is celebrated on__________?,A. July 25th,B. July 26th,C. July 27th,D. July 28th,B. July 26th
The Gulf of Carpentaria is located at northern coast of __________?,A. Canada,B. Russia,C. Australia,D. China,C. Australia
Nuuk is the capital and largest city of _________?,A. New Guinea,B. Greenland,C. Malagasy,D. Fiji,B. Greenland
Which African country has made ”floating island”______?,A. Uruguay,B. Nigeria,C. Ivory coast,D. Niger,C. Ivory coast
Who was the first governor general of bengal?,A. Warren hastings,B. Robert,C. William Bentinck,D. Lord cornwallis,A. Warren hastings
Tenure of House of representatives in US is ___________?,A. 4 years,B. 3 years,C. 2 years,D. 1 year,C. 2 years
Time duration of a Senator is __________?,A. 5 years,B. 6 years,C. 7 years,D. 8 years,B. 6 years
How many pieces has each player in chess game?,A. 12,B. 14,C. 16,D. 18,C. 16
Who is considered as “The Father of Chinese Artificial Satellite”?,A. Zhao Jiuzhang,B. Zhang Jie,C. Sir Charles Kuen Kao,D. Tsung-Dao Lee,A. Zhao Jiuzhang
Which physicist is called “the father of the Chinese atomic bomb”?,A. Frédéric Joliot-Curie,B. Qian Sanqiang,C. Chen-Ning Franklin Yang,D. Wang Ganchang,B. Qian Sanqiang
Google celebrated the _______ birthday in the honour of Dr Ruth Pfau’s?,A. 70th,B. 80th,C. 90th,D. None of these,C. 90th
Who is president of USA at the time of World War 1?,A. Abraham Lincoln,B. Woodrow wilson,C. George Washington,D. James Madison,B. Woodrow wilson
Which country has a Golden bridge that’s held up by a pair of Giant concrete hands?,A. USA,B. China,C. Vietnam,D. None of these,C. Vietnam
Penalty cards used in Football first introduced in which year?,A. 1970,B. 1974,C. 1996,D. None of these,A. 1970
Which country detonated its first nuclear device underground?,A. North Korea,B. China,C. USA,D. USSR,A. North Korea
In which country have scientists identified new species of dinosaur that was the largest ever discovered in the world?,A. Pakistan,B. China,C. India,D. Australia,D. Australia
Ancient city Kemune emerged in which country on September 2019?,A. Iran,B. Syria,C. Yemen,D. Iraq,D. Iraq
Kartarput corridor is _________ away from Gurdaspur in Punjab India.,A. 3 Km,B. 4 Km,C. 5 Km,D. 6 Km,A. 3 Km
The total length of Pakistan border is ___________.,A. 6774 KM,B. 6573 KM,C. 6744 KM,D. 6722 KM,A. 6774 KM
White Cane Day Observed on ?,A. 15 October,B. 17 October,C. 16 October,D. None of These,A. 15 October
Who is the founder of Abraaj Group (Dubai based equity fund)?,A. Fayeeza Naqvi,B. Badar Jafar,C. Arif naqvi,D. Sohail Anjum,C. Arif naqvi
“Order of Cloud and Banner” is the most prestigious military award of__________?,A. America,B. Japan,C. China,D. North Korea,C. China
Which mountain peak is called K1?,A. Nanga Parbat,B. Tirich Mir,C. Mount Everest,D. Masherbrum,D. Masherbrum
The depth of world’s deepest and largest swimming pool is?,A. 25 meters,B. 30 Meters,C. 45 meters,D. 60 meters,D. 60 meters
World’s Deepest Swimming Pool is Situated in which country?,A. USA,B. Germany,C. Dubai,D. Australia,C. Dubai
Which famous religious sufi order is present in Gilgit Baltistan?,A. Naqshbandia,B. Chistia,C. Noorbakhshia,D. Qalandaria,C. Noorbakhshia
"For which mineral, Duki is famous?",A. Suphur,B. Chromite,C. Barytes,D. Coal,D. Coal
Bharatiya Janata Party was founded in?,A. 1960,B. 1960,C. 1980,D. 1947,C. 1980
When the pilot of an aeroplane use the critical word “Mayday” three times it means the pilot and the aeroplane are ________ ?,A. In dangerous Situation,B. Calling for Help,C. Passengers are in panic,D. Aeroplane is in danger.,B. Calling for Help
Duki is a district of which province in Pakistan?,A. Khyber Pakhtunkhwa,B. Sindh,C. Punjab,D. Balochistan,D. Balochistan
1 January is celebrated as ________ in every year ?,A. New Year’s Day,B. World Orphan Day,C. Cancer Day,D. World Wetlands Day,A. New Year’s Day
Lennon Wall is located in which country?,A. France,B. Prague,C. Spain,D. Rome,B. Prague
Great Wall of Gorgon is located in ___________?,A. China,B. Italy,C. Iran,D. France,C. Iran
Which is the first Space Agency of the world?,A. RKA,B. CSIRO,C. NASA,D. CNSA,C. NASA
The lighthouse of Alexandra is located in?,A. Egypt,B. USA,C. Russia,D. Mexico,A. Egypt
Total sites in indus valley civilization are:,A. 1300,B. 1400,C. 1500,D. None of these,B. 1400
Grand Çamlıca Mosque is largest mosque of?,A. Saudi Arab,B. Turkey,C. Syria,D. Indonesia,B. Turkey
Sir Richard Branson belongs to which country?,A. America,B. England,C. British,D. China,C. British
"The University of _______, in Italy, is the Europe’s oldest university in continuous operation since 1088.",A. Bologna,B. Medicine,C. Cambridge,D. None of these,A. Bologna
The _______ over the River Arno in Florence was the only bridge left standing after the bombings of WWII.,A. Ponte Vecchio Bridge,B. Piazza Della,C. Nightview,D. None of these,A. Ponte Vecchio Bridge
__________ was Europe’s first city to have paved streets in 1339.,A. Berlin,B. London,C. Florence,D. Paris,C. Florence
"The Revolution of Roses, often translated into English as the Rose Revolution, was a pro-Western peaceful change of power in the following country.",A. Austria,B. Georgia,C. Northern Ireland,D. Ukraine,B. Georgia
The Velvet Revolution or Gentle Revolution was a non-violent transition of power took place in?,A. Czechoslovakia,B. Bolivia,C. Bhutan,D. Nepal,A. Czechoslovakia
"The Orange Revolution, a series of protests and political events, took place in which of the country?",A. India,B. Ukraine,C. North Korea,D. Afghanistan,B. Ukraine
Where is Rakaposhi Glacier located in Gilgit-Baltistan?,A. Astore,B. Hunza,C. Diamer,D. Nagar,D. Nagar
First female lady became the DG of the Lahore Development Authority?,A. Ayesha,B. Atia,C. Rukhsaar,D. Amna Imran Khan,D. Amna Imran Khan
Total number of permanent members of Financial Action Task Force (FATF) are?,A. 38,B. 39,C. 40,D. 42,B. 39
The gulf that separates Finland and Sweden in Europe is _________?,A.  Gulf of Bothnia,B.  Gulf of Lions,C.  Gulf of Genoa,D.  Gulf of Venice,A.  Gulf of Bothnia
Which country was invaded twice by Germany in the 20th century?,A. Poland,B. France,C. USA,D. China,A. Poland
The Malam Jabba is one of the important tourist point in __________?,A. Swat Valley,B. Hunza Valley,C. Chitral Valley,D. None of these,A. Swat Valley
The French Open is played on ________ court?,A. Hard courts,B. Grass,C. Clay,D. Sand,C. Clay
Wheel is a symbol of __________?,A. Peace,B. Prosperity,C. Progress,D. Speed,C. Progress
Ultrasonic waves are those sound waves having frequency __________?,A. between 20 hertz and 1000 hertz,B. between 1000 hertz and 20000 hertz,C. less than 20 hertz,D. more than 20 kilohertz,D. more than 20 kilohertz
The flightless bird Kiwi is found in __________?,A. Australia,B. New Zealand,C. Africa,D. Central Asian Mountains,B. New Zealand
Which was the first city destroyed by the atomic bomb in World War II?,A. Hiroshima,B. Paris,C. Nagasaki,D. London,A. Hiroshima
How many months have 31 days in a year?,A. 5 month,B. 6 month,C. 7 month,D. 8 month,C. 7 month
"The following countries Sweden, Norway, Denmark, Finland, Iceland are called?",A. Scandinavian,B. Nordic,C. Baltic,D. None of these,B. Nordic
"The Baltic states Estonia, Latvia, and Lithuania in Northern Europe lies on the __________ coast of the Baltic Sea.",A. Eastern Coast,B. Western Coast,C. Northern Coast,D. Southern Coast,A. Eastern Coast
The Arab League was formed in _________?,A. Jeddah,B. Tehran,C. Riyadh,D. Cairo,D. Cairo
Who wrote the book “Conversation with myself”?,A. Nelson Mandela,B. Fode Doumbia,C. Robert Greene,D. Zelig Pliskin,A. Nelson Mandela
Which country is included in the ‘Horn of Africa’?,A. Egypt,B. Sudan,C.,D. Kenya,C.
"“Bread for the World, institute” , is based in?",A. London,B. Washington,C. New York,D. Geneva,B. Washington
Which of the following oceans was called “Bahr-e-Zulamat” by Allama Iqbal?,A. Indian Ocean,B. Atlantic Ocean,C. Pacific Ocean,D. Arabic Ocean,B. Atlantic Ocean
A group of fishes is called ___________?,A. Clowder,B. Troop,C. Shoal,D. Skulk,C. Shoal
A group of cats is called ____________?,A. Shoal,B. Clowder,C. Troop,D. Skulk,B. Clowder
Don River located in which country?,A. USA,B. India,C. Australia,D. Russia,D. Russia
Real Name of Pakistani play back singer Noor Jahan?,A. Zaib un Nisa,B. Malika Taranum,C. Allah Rakha Wasai,D. Wasai Bibi,C. Allah Rakha Wasai
Which is known as the “lungs of the world”?,A. Himalaya,B. Africa,C. Amazon,D. Sunderban,C. Amazon
"After World War I , Which Muslim Empire disintegrated?",A. Abbasids,B. Umayyad,C. Ottoman,D. Mughal,C. Ottoman
The Aeroplane that dropped an atomic bomb on Hiroshima was ___________?,A. Enola Gay,B. Black Light,C. White Storm,D. Thunder Power,A. Enola Gay
What is referred to as the Sorrow of China ___________?,A. Taklamakan Desert,B. Tibetan region,C. The Yellow River,D. Nie Mongol,C. The Yellow River
The D-Day operation during 2nd world war was launched on the coast of __________?,A. Dunkirk,B. Normandy,C. Gibraltar,D. Hamburg,B. Normandy
Nubian Monuments are located in _________?,A. Saudi Arabia,B. Syria,C. Egypt,D. Iraq,C. Egypt
Buckingham Palace is located in __________?,A. London,B. Berlin,C. Moscow,D. Paris,A. London
Who is author of the book “SHAMEFUL FLIGHT”?,A. Stanely Wolpert,B. William Arthur,C. Dr. Ishrat Hussain,D. Robert William,A. Stanely Wolpert
A group of nightingales is called ___________?,A. Brush,B. Watch,C. Parliament,D. Cockerel,B. Watch
Famous painting “Creation of Adam” was painted by __________?,A. Donatello,B. Leonardo da Vinci,C. Raphael,D. Michelangelo,D. Michelangelo
Who is the Highest Wicket Taker of ICC Cricket World Cup 2019?,A. Muhammad Amir,B. Muhammad Shami,C. Mitchell Starc,D. Jofera Archer,C. Mitchell Starc
By which name the United Principalities of Moldavia and Wallachia are known as today?,A. Serbia,B. Romania,C. Holland,D. Bulgaria,B. Romania
Capital of holy see is _________?,A. Vatican city,B. France,C. London,D. Brussels,A. Vatican city
In which country Alcohol is used as a fuel in vehicles?,A. Germany,B. Canada,C. Brazil,D. China,C. Brazil
4th June is celebrated as __________?,A. World Environment day,B. World happiness day,C. World health day,D. None of above,D. None of above
Who is the author of book “Jinnah and Mrs Jinnah”?,A. Stanely wolpert,B. AA Ravoof,C. Sheela Reddy,D. G Allana,C. Sheela Reddy
Capital Lease is also called ___________?,A. Operating Lease,B. Financial Lease,C. Both A & B,D. None of these,B. Financial Lease
Normandy is in which country?,A. Italy,B. England,C. Austria,D. France,D. France
Book ”The Idea Of Pakistan” is written by?,A. Pervaiz Iqbal Cheema,B. Robert C.Tucker,C. Stephen Philip Cohen,D. None of them,C. Stephen Philip Cohen
The Battle of Halani was fought in 1783 between the Baloch tribe Talpurs and the Sindhi tribe Kalhora for?,A. The control of Sindh region,B. The control of Baloch region,C. Both of them,D. None of them,A. The control of Sindh region
Who was Prime Minister of Pakistan on 2nd December 1988?,A. Zulfiqar ali Bhutto,B. M.Nawaz Sharif,C. Muhammad khan junejo,D. Benazir Bhutto,D. Benazir Bhutto
Which of the following is not a reason for increasing workforce diversity?,A. Changing Demographics,B. Product quality Consciousness,C. Political legal system,D. Globalization of business,B. Product quality Consciousness
How many members of European union do not use euro as a currency?,A. Seven,B. Eight,C. Eleven,D. All members use euro as a currency,B. Eight
Word “United Nations” was coined by?,A. George Washington,B. 51 founder members,C. Franklin Roosevelt,D. None of these,C. Franklin Roosevelt
Oasis is associated with __________?,A. Glaciers,B. Volcanoes,C. Islands,D. Desert,D. Desert
Theory of continental drift was presented by?,A. Wegener,B. Lyyel,C. Richter,D. Gutenberg,A. Wegener
Bees are found on every continent of earth except?,A. Europe,B. Africa,C. Antarctica,D. None of these,C. Antarctica
The largest primate animal in the world is?,A. Giraffe,B. Gorilla,C. Monkey,D. None of these,B. Gorilla
The most rain fall ever recorded at __________?,A. Panipat India,B. Cherrapunji India,C. Murray Pakistan,D. Antarctica,B. Cherrapunji India
Schengen Agreement came into force in?,A. 1990,B. 1995,C. 1994,D. 1999,B. 1995
Shuttle weight used in badminton is ___________.,A. 4.75 to 5.50 g,B. 4.75 to 6.50 g,C. 4.10 to 7.50 g,D. None of these,A. 4.75 to 5.50 g
”AD” Stands For __________?,A. After Demonstration,B. After Domini,C. Anno Domini,D. After Death,C. Anno Domini
“Chambeli” is known as ______________?,A. Summer Queen,B. Summer princess,C. Winter Queen,D. Winter Princess,A. Summer Queen
The word ideology is __________ in origin,A. Spanish,B. Latin,C. Greek,D. French,C. Greek
What is the date of birth of Imran khan?,A. 5 – Oct 1950,B. 5 – Oct 1952,C. 6 – Oct 1954,D. 5 – Oct 1956,B. 5 – Oct 1952
The world’s shortest street is?,A. Ebenezer place,B. Vicolo della virilita,C. Yonge street,D. None of these,A. Ebenezer place
Which fish can swim backwards?,A. Moray Eal,B. Shark,C. Dolphin,D. Lenok,A. Moray Eal
What is “Indian purple emperor”?,A. Mughal ruler,B. Butterfly,C. Indigo plant,D. None of these,B. Butterfly
What is the national fish of pakistan?,A. Masheer,B. Indus dolphin,C. Trout,D. None of these,A. Masheer
Which province of Pakistan has highest number of volcano?,A. Balochistan,B. Kpk,C. Sindh,D. None of these,A. Balochistan
In which year Tor zawar volcano erupt lava in Pakistan?,A. 2010,B. 2011,C. 2012,D. None of these,A. 2010
In Pakistan what is the name of volcano that erupt lava?,A. Tor zawar volcano,B. Chandargup volcano,C. Hingol volcano,D. None of these,A. Tor zawar volcano
Which is the deepest River of the world?,A. Nile,B. Amazon,C. Congo,D. None of these,C. Congo
What is the name of the single dome mosque in Pakistan?,A. Faisal mosque,B. Masjid e tooba,C. Masjid e wazir khan,D. None of these,B. Masjid e tooba
What is the number for makran coastal highway?,A. N5,B. N10,C. M5,D. M10,B. N10
Who among these has not won the Nobel prize for Pakistan?,A. Doctor Abdus salam,B. Mala Yousuf zai,C. Abdul Sattar Eidhi,D. None of these,C. Abdul Sattar Eidhi
What is the full form of PDCA?,A. Pakiata development corporation authority,B. Pakistan disabled cricket association,C. Pakistan dairy community award,D. None of these,B. Pakistan disabled cricket association
Who got golden bat in world cup 2019?,A. Babar Azam,B. David Warner,C. Rohit Sharma,D. Joe Root,C. Rohit Sharma
Which city nickname is “muddy York”?,A. York shire,B. Toronto,C. New York,D. None of these,B. Toronto
Who was the founder of “Bata”?,A. Tomas Bata,B. Thomas Bata,C. Sonja Bata,D. None of these,A. Tomas Bata
Right angle prism has how many sides?,A. 4,B. 5,C. 6,D. None of these,B. 5
Name the first man made object that is orbiting sun?,A. James web space telescope,B. Parker solar probe,C. Parker James probe,D. None of these,B. Parker solar probe
Which is the second biggest tectonic plate?,A. North American plate,B. Eurasian plate,C. Pacific plate,D. None of these,A. North American plate
Father of Tanzania ___________?,A. Augusta Comte,B. Julius Nyrere,C. Cleisthenes,D. Thomas Cook,B. Julius Nyrere
The currency of Bulgaria ___________?,A. Lev,B. Euro,C. Colon,D. Peso,A. Lev
Which of following province is known as “Queen of crops”?,A. Sindh,B. KPK,C. Punjab,D. Lahore,C. Punjab
U.N environment control Headquarters are located in __________?,A. New York,B. Paris,C. Washington,D. Nairobi,D. Nairobi
Maya beach is located in _________?,A. Malaysia,B. Canada,C. Thailand,D. England,C. Thailand
Which country has only one city and capital also?,A. Holy see,B. Spain,C. Vatican city,D. Mexico city,C. Vatican city
When was the World Trade Center destroyed?,"A. April 4, 1973","B. September 11, 2001","C. May 5, 2001","D. April 4, 1963","B. September 11, 2001"
Which country is number 1 in exporting war materials?,A. USA,B. RUSSIA,C. CHINA,D. CANADA,A. USA
The first offshore well in Pakistani water was drilled in?,A. 1963,B. 1962,C. 1961,D. None of these,A. 1963
After how many attempts India found offshore reserves from its “Bombay High Well”?,A. 28,B. 35,C. 40,D. 38,C. 40
Who was ” Eros” in Greek mythology?,A. God of war,B. God of Seas,C. God of love,D. God of food,C. God of love
What is Khmer Rouge?,A. A communist movement in Russia,B. A communist  movement in China,C. A communist movement in  Japan,D. A communist movement in Cambodia,D. A communist movement in Cambodia
Longest served prime Minister in the world is?,A. Indra Gandhi,B. Fiedel Castro,C. Barack Obama,D. Hun Sen,D. Hun Sen
Lockheed Martin is a/an ___________ company?,A. Chinese,B. Italian,C. Russian,D. American,D. American
Yellow book is official record of which country?,A. Germany,B. Italy,C. France,D. Hungary,C. France
Magna Carta is also called _____________?,A. Macaulay Report,B. Great Charter,C. Hunter’s commission,D. None of these,B. Great Charter
Who is the Secretary General Of Hezbollah?,A. Hassanullah,B. Syed Hassan Nasrullah,C. Hassam Ali,D. Syed Hasan Rasheed,B. Syed Hassan Nasrullah
Who among the following has the world record of shooting down 5 Jet Fighters in less than a minute?,A. Mr. Paul Joseph,B. Jin Wang Hu,C. MM Alam,D. Lee Xu Hi,C. MM Alam
Lady Diana was the princess of __________?,A. Wales,B. Belize,C. Grenada,D. Lancaster,A. Wales
Which UN secretary-general died in a plane crash?,A. Trygve Lie,B. U Thant,C. Dag Hammarskjöld,D. Kofi Annan,C. Dag Hammarskjöld
Muhammed bin Qasim age when he conquered Sindh?,A. 25,B. 22,C. 17,D. None of these,C. 17
The most reproduced image of the 20th century was of?,A. Leonardo Davinci,B. Mona lisa,C. Nelson Mandela,D. Che Guevara,D. Che Guevara
“The Motorcycle Diaries” a book written by?,A. Che Guevara,B. John Kennedy,C. Noam Chomsky,D. Leo Tolstoy,A. Che Guevara
___________ is granted to a person who is compelled by rule to retire at particular age.,A. Retiring,B. Superannuation,C. Invalid,D. Compensation,B. Superannuation
Huka Falls locate in ____________country?,A. New Zealand,B. Peru,C. Argentina,D. None of these,A. New Zealand
The title “LION OF THE DESERT” belongs to:,A. Lawrence of Arabia,B. Zaib bin Saad,C. Omar al Mukhtar,D. None of these,C. Omar al Mukhtar
Who founded analytical psychology?,A. Carl Jung,B. Sigmund Freud,C. Wilhelum wundt,D. None of these,A. Carl Jung
Which country is known as Motherland of rice ___________ ?,A. Pakistan,B. India,C. Bangladesh,D. China,D. China
Chattan pati is the old name of___________?,A. Dera Allah yar,B. Fareedabad,C. Noor pur,D. Bhand,B. Fareedabad
Which country was 10th BRICS summit held in 2018?,A. India,B. South Africa,C. Brazil,D. China,B. South Africa
"The desert spreading through Mianwali, Bhakkar, Layyah, Khushab districts is?",A. Thar,B. Thal,C. Kharan,D. Cholistan,B. Thal
Natural deep sea port of Pakistan?,"A. Karachi,",B. Port-Qasim,C. Gwader Port,D. None of these,C. Gwader Port
Length of Channel of Port Qasim?,A. 25km,B. 35km,C. 45km,D. 55km,C. 45km
What is the theme for Earth Day 2019?,A. Protect Our Species,B. Being earth lover is awesome,C. Caring the earth is mind-blowing,"D. Love earth, go green and stay clean",A. Protect Our Species
Rakaposhi peak is located at ___________ district in Gilgit Baltistan.,A. Sikardu,B. Hunza,C. Astore,D. Nagar valley,D. Nagar valley
"When was Atta-abad lake formed, which is located at District Hunza.","A. 3, January 2010","B. 4, January 2010","C. 5, jaunary 2010","D. 6, jaunary 2010","B. 4, January 2010"
NATO opened its new headquarter in Brussels in _________?,A. 2017,B. 2018,C. 2019,D. 2016,B. 2018
CAREC stand for ____________?,A. Central Asia regional and European Corridor,B. Central Asia Regional economic corridor,C. Central Asia Regional Economic Cooperation,D. None of these,C. Central Asia Regional Economic Cooperation
Stapler was invented by?,A. Charles Henry Gould,B. Paul Kannend,C. John Martin,D. Edison,A. Charles Henry Gould
How many members of ILO?,A. 188,B. 184,C. 187,D. 186,C. 187
Who Wrote “History of God”?,A. Karen Armstrong,B. Keith Callard,C. Lawrence Ziring,D. PR Comball,A. Karen Armstrong
Name of Architect of Burj Khalifa?,A. Adrian Smith,B. Henry paul,C. Ahmad Lahori,D. Bill Bakar,A. Adrian Smith
Who was the founder of Afghanistan?,A. Sher Shar Suri,B. Balban,C. Ahmad Shah,D. None of these,C. Ahmad Shah
The author of the Book ” The World As I See It”?,A. Adam smith,B. Dante,C. Albert Einstein,D. Homer,C. Albert Einstein
Hotmail was founded by Jack Smith along with?,A. Shawn Fanning,B. Ada Byron,C. Sabeer Bhatia,D. Bill Gates,C. Sabeer Bhatia
Hot mail was founded in?,A. 1969,B. 1996,C. 1995,D. 2001,B. 1996
Which country besides India celebrates its independence day on 15th August?,A. Japan,B. China,C. USA,D. South Korea,D. South Korea
"The region Gedrosia during times of Alexander,the great is?",A. Sindh,B. Baluchistan,C. N.W.F.P,D. Punjab,B. Baluchistan
Which explorer discovered the Island on Jamaica?,A. Franscis Drake,B. Christopher Columbus,C. Ferdinand Magellan,D. Vasco da Gama,B. Christopher Columbus
Stockholm the capital of Sweden is built on how many small islands?,A. 44,B. 4,C. 14,D. 24,C. 14
Basutoland is the old name of?,A. Benin,B. Lesotho,C. Burkina Faso,D. None of these,B. Lesotho
NAMA is a space agency of:,A. Netherlands,B. Nigeria,C. France,D. Italy,B. Nigeria
The Oscar Award was won 22 times by:,A. Charlie Award,B. Alfred Hitchcock,C. Walt Disney,D. Kurosawa,C. Walt Disney
The oldest era is:,A. Hijri era,B. English era,C. Saka era,D. Paleozoic Era,D. Paleozoic Era
Who was the first man to win Nobel Prize for literature:,A. Sir Winston Churchill,B. Rudyard Kipling,C. Theodor Mommsen,D. Sully Prudhomme,D. Sully Prudhomme
Which government established a committee to study the plan for the formation of league of Nations?,A. British Government,B. American Government,C. French Government,D. German Government,D. German Government
Schwechat is the airport of?,A. Australia,B. Italy,C. Vienna,D. UK,C. Vienna
Which institution was the first attempt in the history towards the formation of the International society nations:,A. League of Nation,B. United Nations,C. International UN Federation,D. International Institution,A. League of Nation
The normal term of office of the United Nation Secretary General is:,A. 3 Years,B. 4 Years,C. 5 Years,D. 6 Years,C. 5 Years
Total area of Chechnya is:,A. 17300 Sq Km,B. 15200 Sq Km,C. 10900 Sq Km,D. None of these,A. 17300 Sq Km
World’s bread basket is the distinctive name of:,A. North America,B. South America,C. Cuba,D. None of these,A. North America
"Where is the Cueva de las Manos, or “Cave of the Hands” ?",A. Peru,B. Argentina,C. Indonesia,D. china,B. Argentina
Pakistan’s most famous painter is ____________?,A. Ghulam Rasool,B. Saleem Raza,C. Fazal mahmood,D. Sadeqain,D. Sadeqain
HIV Abbreviation?,A. Human Immune-deficiency Virus,B. Human Infection-disease Virus,C. Human Influence Virus,D. Human Intramuscular-deficiency Virus,A. Human Immune-deficiency Virus
Which country first made paper note?,A. Pakistan,B. London,C. China,D. Japan,C. China
Quaid-E-Azam medical college is in?,A. Islamabad,B. Lahore,C. Bahawalpur,D. Karachi,C. Bahawalpur
The term ‘Cold War’ was coined by?,A. Prof.Lippman,B. Roosevelt,C. Bernard Baruch,D. Palmer Perkins,C. Bernard Baruch
U . Thant cup is given in which sport?,A. Golf,B. Tennis,C. polo,D. football,B. Tennis
Name the Pakistani Canadian scientist who made historic invention on human brain Silicon chips?,A. Dr. Athar Syed,B. Dr. Naweed Syed,C. Dr. Hayat Syed,D. None of these,B. Dr. Naweed Syed
Currency of Mauritius __________?,A. Peso,B. Dinar,C. Rupee,D. Euro,C. Rupee
When did Afghanistan became a Republic?,A. 1966,B. 1949,C. 1973,D. 1956,C. 1973
The Headquarter of Amnesty International is in:,A. Paris,B. London,C. Geneva,D. Riyadh,B. London
The Radcliffe Line became the official border between?,A. Pakistan China,B. Pakistan Afghanistan,C. Pakistan and India,D. None of these,C. Pakistan and India
The border between Pakistan and China is nearly 523 kilometres long and is situated in?,A. Northeast of Pakistan,B. North of Pakistan,C. East of Pakistan,D. None of these,A. Northeast of Pakistan
What is Chivalry __________. It was developed between 1170 and 1220 ?,A. The code by which knights lived,B. The code by which young men lived,C. The code Charlemagne implemented,D. The code by which a Christian family lived,A. The code by which knights lived
In which battle did the defeat of Muslims stop their invasions _____________?,A. Battle of Fontenoy,B. Battle of Lechfeld,D. Battle of Tours,,D. Battle of Tours
When was Bulgaria founded ___________?,A. 680,B. 681,C. 682,D. None of these,B. 681
When did the Three Kingdoms period begin in China ___________?,A. 218,B. 219,C. 220,D. None of these,C. 220
Who officially instituted the first system of imperial examinations in China ________?,A. Shizong of Jin,B. Huo Qubing,C. Wei Qing,D. None of these,A. Shizong of Jin
When did Battle of Marathon take place ____________?,A. 487 B.C,B. 488 B.C,C. 489 B.C,D. 490 B.C,D. 490 B.C
Who is the father of Athenian democracy ___________?,A. Hippias,B. Peisistratos,B. Cleisthenes,D. Draco,B. Cleisthenes
Who founded the Achaemenid Empire _________?,A. Alexander the Great,B. Cambyses II,C. Darius I,D. Cyrus the Great,D. Cyrus the Great
Which of the following term is not associated with the World Trade Organisation (WTO) _________?,A. General Agreement on Trade Services ( GATS ),B. General Agreement on Trades and Tariffs ( GATT ),C. Self-Employed Women’s Association ( SEWA ),D. None of these,C. Self-Employed Women’s Association ( SEWA )
“Johnday river” is located in?,A. Alaska,B. New york,C. Oregon,D. California,C. Oregon
“Konkan coast” located in?,A. Indonesia,B. India,C. Malaysia,D. Japan,B. India
“Bale mountain” located in?,A. Southern tanzania,B. Southern ethiopia,C. Eastern nigeria,D. Western africa,B. Southern ethiopia
Which of the following balance does the contra-asset account show typically?,A. Credit,B. Debit,C. Negative,D. Positive,A. Credit
The main structural work of the Eiffel Tower was completed in __________?,A. 1883,B. 1885,C. 1887,D. 1889,D. 1889
"According to ICC,PSL is second World ranking League after?",A. BBL,B. IPL,C. BPL,D. None of these,B. IPL
When did Pakistan first time participate in Davis Cup?,A. 1948,B. 1949,C. 1950,D. 1953,A. 1948
What is the weight of ValleyBall ball?,A. 8  to 9 ounce,B. 9 to 10 ounce,C. 10 to 11 ounce,D. 11 to 12 ounce,B. 9 to 10 ounce
When was Judo introduced in Olympic game?,A. 1960,B. 1964,C. 1968,D. 1972,B. 1964
What is distance between hurdles In 100m women hurdles competition?,A. 6.5m,B. 7m,C. 8.5m,D. 10m,C. 8.5m
How many umpires are in Base Ball game?,A. Two,B. Three,C. Four,D. Five,C. Four
What is the duration of circle kabadi match?,A. 30min,B. 40min,C. 45min,D. 50min,B. 40min
The World Government Summit (WGS) is a non-profit organization that holds an annual event in ________.,A. Washington DC,B. Karachi,C. Dubai,D. Qatar,C. Dubai
With which country is “Orange’ Revolution” associated?,A. Ukraine,B. Poland,C. Malta,D. France,A. Ukraine
Total literacy rate of Pakistan is:,A. 60%,B. 50%,C. 59%,D. 80%,C. 59%
"The Munich Security Conference is an annual conference on international security policy that has taken place in Munich, Bavaria since?",A. 1953,B. 1963,C. 1973,D. 1983,B. 1963
Madrid is the capital of which country?,A. Australia,B. Bangladesh,C. Spain,D. None of these,C. Spain
Which one is the World top ranked university?,A. Oxford,B. Cambridge,C. Stanford,D. None of these,A. Oxford
Dr. Linus Carl Pauling is the only person to have won two Nobel prizes individually for ________?,"A. Peace Prize in 1954, Chemistry in 1962","B. Medicine in 1954, Physics in 1962","C. Chemistry in 1954, Peace Prize in 1962","D. Physics in 1954, Medicine in 1962","C. Chemistry in 1954, Peace Prize in 1962"
Who was the first Indian Chief of Army Staff of the Indian Army ?,A. Gen. K.M. Cariappa,B. Gen. Maharaja Rajendra Singhji,C. Vice-Admiral R.D. Katari,D. None of these,B. Gen. Maharaja Rajendra Singhji
Germany signed the Armistice Treaty on ________ and World War I ended?,A. September 1918,B. October 1918,C. November 1918,D. December 1918,C. November 1918
Hermann Scheer received right Livelihood Award in 1999 for ________?,A. his long standing efforts to end the impunity of dictators,B. indefatigable work for the promotion of solar energy worldwide,C. Showing that organic agriculture is a key to environmental sustainability,D. None of the above,B. indefatigable work for the promotion of solar energy worldwide
Which was the first country to avail loan from the World bank?,A. Italy,B. France,C. Germany,D. Japan,B. France
"For the Olympics and World Tournaments, the dimensions of basketball court are _________?",A. 27 m,B. 28 m x 15,C. 26 m x 14 m,D. 28 m x 16 m,
"“Guernica”, world’s famous painting was painted by Pablo Picasso in _______?",A. 1937,B. 1938,B. 1939,D. 1940,A. 1937
How many total Number of Member countries in UNHCR?,A. 110,B. 115,C. 138,D. 125,C. 138
Total members of G-15 countries?,A. 16,B. 17,C. 18,D. 15,C. 18
When was UNICEF declared as the permanent agency of UN?,A. 1947,B. 1951,C. 1953,D. 1959,C. 1953
What is the moto of ILO?,"A. If you desire peace,cultivate justice",B. let there be bread,"C. Peace, Employment, Justice","D. Eradication of poverty, and sustainable development","A. If you desire peace,cultivate justice"
Who was first Deputy Secretary General of UN?,A. Amina J. Mohammed,B. Louise Fréchette,C. Mark Malloch Brown,D. Asha-Rose Migiro,B. Louise Fréchette
When was the post of Deputy Secretary General of UN created?,A. 1949,B. 1989,C. 1997,D. 2000,C. 1997
Iberian Peninsula is a part of _________?,A. Africa,B. Asia,C. Europe,D. None of these,C. Europe
The only organ of UN which has the headquarters outside New York is?,A. The Security Council,B. The Economic and Social Council,C. International Court of Justice,D. The Trusteeship Council,C. International Court of Justice
How many are regional commissions of The United Nations Economic and Social Council (ECOSOC)?,A. Three,B. Five,C. Seven,D. Eight,B. Five
How many are major committees of UN General Assembly?,A. Four,B. Five,C. Six,D. Seven,C. Six
When was the Trusteeship Council suspended in operation on?,"A. November 1,1994","B. November 1,1995","C. November 1,1996","D. November 1,1997","A. November 1,1994"
Where is the headquarter of The United Nations Inter regional Crime and Justice Research Institute (UNICRI)?,A. Berlin,B. Turin,C. Geneva,D. London,B. Turin
When was the 6th Language Arabic preferred as the Official Language of UN?,A. 1963,B. 1973,C. 1976,D. 1984,B. 1973
When was UN Flag adopted on?,A. 12 December 1946,B. 7 December 1946,C. 1 December 1946,"D. October 20, 1949",B. 7 December 1946
Ljubljana is a capital city of which country?,A. Slovenia,B. Bulgaria,C. Lithuania,D. Malta,A. Slovenia
Bratislava is a capital city of which country?,A. Slovakia,B. Romenia,C. Slovenia,D. Bulgaria,A. Slovakia
First Nobel Prize in Physics was awarded to?,A. Priestly,B. Roentgen,C. Madam Curie,D. Alexander Fleming,B. Roentgen
The second highest plateau in the world situated in?,"A. Deosai, Skardu, Pakistan","B. Snake, Colombia","C. Deccan,India","D. Kimberley, Australia","A. Deosai, Skardu, Pakistan"
Gomal Zam dam is located in ___________?,A. North Waziristan,B. South Waziristan,C. Kurram,D. Mohmand,B. South Waziristan
Russo-Japanese war was fought during __________ ?,A.1903-1905,B. 1902-1903,C. 1901-1902,D. 1904-1905,D. 1904-1905
Who was the first Governor General of India __________ ?,A. Lord Minto,B. Warren Hasting,C. Lord Barlow,D.  Lord Clive,B. Warren Hasting
Who was the first chancellor of Germany?,A. Fredrick,B. Whilhelm,C. Otto Von Bismarck,D. Adolf Hitler,C. Otto Von Bismarck
Battle of Waterloo brought the downfall of?,A.,B.  Napoleon II,C.  Bourbons,D.  French Nobility,A.
Which country supported US in her war against England?,A. Germany,B. France,C. Spain,D. Belgium,B. France
US declared independence from England in __________?,A. 1776,B. 1777,C. 1878,D. 1781,A. 1776
The Thirty Year War lasted from?,A. 1610 to 1640,B. 1625 to 1665,C. 1640 to 1670,D. 1618 to 1648,D. 1618 to 1648
Which newly discovered land was named after Amerigo Vespucci?,A. West Indies,B.  America,C.  Indonesia,D.  Australia,B.  America
Joan of Arc was a French military leader and a hero of?,A. Thirty year war,B. War of Roses,C. Hundred year war,D. French Civil war,C. Hundred year war
"Galelio Galilie was a renowned philosopher, scientist and engineer from?",A. Spain,B.  France,C. Germany,D. Italy,D. Italy
Battle of Lepanto was fought in?,A. 1570,B.,C. 1560,D. 1555,B.
Haroon al Rashid was a caliph of __________ dynasty ?,A. Ummayad,B. Abbasid,C. Bowahid,D. Alide,B. Abbasid
Who were the Axis powers in World War-II?,"A. Poland, Japan, Germany","B. Italy, Japan, Britain","C. Germany, Italy, France","D. Germany, Italy, Japan","D. Germany, Italy, Japan"
The war criminals of the 2nd World War were put to trial in?,A. Nuremburg,B. Peiter’sburg,C. Gettysburg,D. Peitsburg,A. Nuremburg
Who ruled the eastern part of Roman Empire after its division?,A. Diocletian,B. Titus,C. Constantine,D. Augustus,C. Constantine
William the Conquerer was __________ before becoming King of England ?,A. Duke of Normandy,B. King of Sweden,C. A viking Earl,D. Duke of Saxony,A. Duke of Normandy
Who was first captain of Pakistan Hockey Team?,A. Ali Iqtadar Shah Dara,B. Hamidullah Khan Burki,C. Manzoor Hussain Atif,D. Munir Ahmed Dar,A. Ali Iqtadar Shah Dara
Peloponnesian wars were fought from _______?,A. 431 to 405 BC,B. 470 to 450 BC,C. 490 to 480 BC,D. 532 to 530 BC,A. 431 to 405 BC
Who was the First Norman king of England ________?,A. William,B. Bjorn,C. Harold Godwin son,D. Henry,A. William
Battle of Hastings was fought in _________?,A. 1066,B. 1068,C. 1070,D. 1075,A. 1066
Crusaders besieged Jerusalem in ___________?,A. 1099,B. 1102,C. 1097,D. 1010,A. 1099
Rome conquered Jerusalem in __________?,A. 60 BCE,B. 70 BCE,C. 63 BCE,D. 80 BCE,C. 63 BCE
Hannibal was a renowned military strategist and general of __________?,A. Greece,B. Carthage,C.  Sparta,D. Troy,B. Carthage
Punic wars were fought between _________?,A. Carthage and Roman,B.  Romans and Gaul,C.  Romans and Vandals,D.  Greece and Romans,A. Carthage and Roman
Cyrus was the famous conqueror of ___________?,A. France,B. India,C. Japan,D. Egypt,D. Egypt
Area where World’s first civilization emerged _________?,A. Mesopotamia,B. Congo River valley,C. Yucatan Peninsula,D. Grand Canyon,A. Mesopotamia
"In the war of 1812, Britain set fire to White House in ________?",A. April 1813,B. August 1813,C. April 1814,D. August 1814,D. August 1814
Which Pakistani prime minister is offered for the noble price of peace?,A. Nawaz sharif,B. Imran khan,C. Yousaf raza Gillani,D. Ch shujjat,B. Imran khan
The final of PSL4 was played in which city of Pakistan?,A. Lahore,B. Karachi,C. Islamabad,D. Peshawar,B. Karachi
The World’s highest active volcano is located in?,A. Brazil,B. Chile,C. India,D. None of these,B. Chile
Hibok volcano which exploded in 1951 present in Which Country?,A. United States,B. Philippines,C. Singapore,D. None of these,B. Philippines
Who wrote the book ” Gandhi and Stalin” ?,A. Louis Fisher,B. Rajmohan Gandhi,C. Walter Scot,D. Thomas Hardy,A. Louis Fisher
A famous novel ” Pride and prejudice” is written by:,A. R.L. Stevenson,B. Jane Austen,C. George Eliot,D. Shakespeare,B. Jane Austen
How many Talukas in district Shikarpur?,A. 6,B. 3,C. 4,D. 2,C. 4
After the first world war the Dawes Plan was launched in the year _________?,A. 1922,B. 1920,C. 1924,D. 1925,C. 1924
In regard of precautionary measures what is meant by HSE?,A. Health Safety and Equipments,B. Health Safety and encourage,C. Health Safety and Environment,D. None of these,C. Health Safety and Environment
What is meant by CBT?,A. Competency Based Training,B. Competency Based Teacher,C. Career Based Testing,D. None of these,A. Competency Based Training
When was the German Social Democratic Party founded in Poland _________ ?,A. 1920,B. 1921,C. 1922,D. 1927,C. 1922
What is total area of New Zealand ?,A. 268021 km sq,B. 288021 km sq,C. 292012 km sq,D. 299012 km sq,A. 268021 km sq
The weight of the ball used in Test cricket matches is ____________?,A. 4.57 ounces (130 g),B. 5.00 ounces (142 g),C. 5.75 ounces (149 g),D. 5.50 ounces (156 g),C. 5.75 ounces (149 g)
Islamic Military Counter Terrorism Coalition (IMCTC) was founded on ___________ ?,A. 15 November 2015,B. 15 December 2015,C. 15 January 2015,D. 15 February 2015,B. 15 December 2015
When is Pi (π) day celebrated all over the world?,A. 4 March,B. 10 March,C. 14 March,D. 20 March,C. 14 March
Who was the first Engineer of the World?,A. Newton,B. Pascal,C. Imhotep,D. Einstein,C. Imhotep
Tribe in the equatorial region of Malaysia is called?,A. Dayaks,B. Kabus,C. Pygmies,D. Semang,D. Semang
The revolution of fish production is called?,A. White Revolution,B. Blue Revolution,C. Yellow Revolution,D. None of these,B. Blue Revolution
Moscow became the capital of Russia again  __________?,A. 1917,B. 1918,C. 1920,D. 1921,B. 1918
Harvard College was named after clergyman John Harvard on __________?,A. February 1639,B. March 1639,C. April 1640,D. May 1641,B. March 1639
"Saturn’s largest moon, Titan, was discovered by Christiaan Huygens on _________ ?",A. May 1655,B. April 1655,C. March 1655,"D. February 27, 1655",C. March 1655
When was the city of Valencia founded in present-day Venezuela __________?,"A. June 6, 1555",B. October 1555,C. March 1555,D. April 1555,C. March 1555
Guru Amar Das became the Third Sikh guru on _________?,A. March 1552,B. April 1553,C. October 1654,"D. December 1, 1552",A. March 1552
Utrecht University was founded in the Netherlands on ___________ ?,A. March 1636,B. April 1537,C. October 1638,"D. June 5, 1639",A. March 1636
Royal Albert Hall was opened by Queen Victoria on _______ ?,A. 1870,B. 1871,C. 1888,D. None of these,B. 1871
"The Treaty of Paris was signed, ending the Crimean War on _________?",A. February 1855,B. March 1856,C. April 1956,D. None of these,B. March 1856
"In United States, the Congress declared independence from Great Britain on ___________?","A. July 4, 1776","B. July 4, 1777","C. July 4, 1778","D. July 4, 1775","A. July 4, 1776"
United States was discovered by Christopher Columbus during his voyage in _______?,A. 1486,B. 1488,C. 1490,D. 1492,D. 1492
World War II in Europe was outbreak by the German invasion of ______?,A. Poland,B. Russia,C. Croatia,D. France,A. Poland
Napoleon Bonaparte was a __________ military and political leader ?,A. American,B. British,C. German,D. French,D. French
The Royal Australian Air Force was formed on ________?,A. January 1921,B. March 1921,C. April 1921,D. May 1921,B. March 1921
Socotra island belongs to which country ?,A. USA,B. UK,C. France,D. Yemen,D. Yemen
Where is Socotra island ________?,A. Arabian sea,B. South China sea,C. Red sea,D. Indian Ocean,D. Indian Ocean
Qatar has donated ____ million dollar for Syrian refugees?,A. 50,B. 60,C. 70,D. 80,A. 50
Which Gulf separated Yemen from Somalia?,A. Persian gulf,B. Gulf of Aqba,C. Gulf of Adan,D. None of these,C. Gulf of Adan
"Which country billionaire announced to build 100,000 housing units in Pakistan?",A. India,B. Uk,C. Russia,D. Egypt,D. Egypt
What was the old name of PIA?,A. Independence Airways,B. Orient Airways,C. Kolachi Airways,D. Air Pakistan,B. Orient Airways
China unveils world’s first AI male news anchor named ___________?,A. Chen Man,B. Qiu Hao,C. Li Qiang,D. Feng Disung,B. Qiu Hao
Pakistan beats ____ to win the 19th Asian junior Squash championship held in Pattaya Thailand.,A. Iran,B. Japan,C. India,D. Srilanka,C. India
Largest Province of Pakistan according to area is?,A. Punjab,B. Sindh,C. Balochistan,D. Khyber Pakhtunkhwa,C. Balochistan
Which city of Pakistan is called the California?,A. Lahore,B. Sahiwal,C. Sargodha,D. Karachi,C. Sargodha
Which of following Person recommended “Abdul Sattar Edhi” for nomination of Nobel Peace Prize?,A. Asif Ali Zardar,B. Yousaf Raza Gillani,C. Pervaiz Musharaf,D. None of these,B. Yousaf Raza Gillani
Which company’s laptop is known as the lightest laptop and featured its name in the Guinness book of world record?,A. LG,B. Allien,C. Dell,D. Hp,A. LG
Which country is ranked as the most patriotic nation of Asia?,A. China,B. India,C. Pakistan,D. Afghanistan,C. Pakistan
"Who is the author of the famous book, “ The Discovery of India” ?",A. Mahatma Gandhi,B. Khushwant Singh,C. Kazi Nazrul Islam,D. Jawaharlal Nehru,D. Jawaharlal Nehru
Which German automobile company has entered Pakistani market recently?,A. BMW,B. Mercedes,C. VOLKSWAGEN,D. None of these,C. VOLKSWAGEN
GMT stands for?,A. Global Match Time,B. Greenwich Mean Time,C. Global Must Time,D. Green Match Time,B. Greenwich Mean Time
Salam palace is located in which country?,A. Iran,B. Kuwait,C. Qatar,D. Algeria,B. Kuwait
World Meteorological Day is observed on ___________ ?,A. 23 March,B. 24 March,C. 27 March,D. 28 march,A. 23 March
21 March is observed internationally as ___________ ?,A. World Meteorological Day (WMD),B. World Down Syndrome Day (WDSD),C. World Poetry Day (WPD),D. International Day of Forests (IDF),D. International Day of Forests (IDF)
"The Kohat University of Science and Technology (KUST) is a public university located at Kohat District, Khyber Pakhtunkhwa . It was established in ________?",A. 2000,B. 2001,C. 1998,D. 1999,B. 2001
International Day for the Elimination of Racial Discrimination is observed on __________ ?,A. 20 March,B. 21 March,C. 20 April,D. 21 April,B. 21 March
International Happiness day is observed each year on ___________ ?,A. 19 March,B. 20 March,C. 21 March,D. 22 April,B. 20 March
"Harvard University, its the oldest institution of higher education in the United States, established in __________ ?",A. 1634,B. 1635,C. 1636,D. 1641,C. 1636
What is the Currency of Armenia _________?,A. Dram,B. Dollar,C. Armenian Euro,D. Dinar,A. Dram
Who is the youngest self made billionaire lady in the world?,A. Anita Kareem,B. Kylie Jenner,C. Ramsha Azhar,D. Anabella,B. Kylie Jenner
What is the Currency of Fiji _________?,A. Fijian Euro,B. Fijian Dinar,C. Fijian Ruble,D. Fijian Dollar,D. Fijian Dollar
Maya River is located in  __________?,A. Armenia,B. Turkey,C. India,D. Russia,D. Russia
The Huang He or Yellow River is the second largest river in China after the Yangtze river and has a total length of __________?,"A. 5,444 Km","B. 5,454 Km","C. 5,464 Km","D. 5,471 Km","C. 5,464 Km"
Which of these two countries have same currency name “Ruble”?,A. Belarus,B. Russia,C. Both a & b,D. None of these,C. Both a & b
Angkor Wat is a temple complex located in ____________?,A. Laos,B. Cambodia,C. China,D. Indonesia,B. Cambodia
The State of India which declared Dolphin as State aquatic animal?,A. Kerala,B. Urisa,C. Punjab,D. Andra Perdesh,C. Punjab
The Presidential System of Government operates on the principle of?,A. Division of power,B. Separation of power,C. Fusion of power,D. Balance of power,B. Separation of power
What is the father name of Hamlet in Shakespear’s novel ‘Hamlet’?,A. Hamlet,B. Gertrude,C. Jordan,D. None of these,A. Hamlet
What European country has no railway?,A. England,B. Italy,C. Iceland,D. Sweden,C. Iceland
What is the name of private airplane of Donald Trump?,A. US airline,B. Boeing 727,C. Trump Force One,D. Royal Airplane,C. Trump Force One
What is the US presidential car named?,A. Mercedes,B. The Jeep,C. The Beast,D. The Bull,C. The Beast
City of bears is called ________?,A. Berlin,B. Beijing,C. Bern,D. None of these,C. Bern
Murree Brewery famous beverages company was founded in which year?,A. 1860,B. 1960,C. 1975,D. 1999,A. 1860
Who is first lady of U.S since January 2017?,A. Barbara,B. Melania,C. Katherine,D. Angelina,B. Melania
Argo(Ocean monitoring system) includes nearly 4000 ______?,A. floating robots,B. trained swimmers,C. small boats,D. None of these,A. floating robots
Argo’s (Ocean monitoring system) main responsibility is to?,A. measures ocean temperature,B. measures ocean ph,C. Both A & B,D. None of these,C. Both A & B
NCSW stands for what?,A. National Commission of the Status of Women,B. National Coordination for the Status of Women,C. Both A & B,D. National Commission of State for wildlife,A. National Commission of the Status of Women
Ocean Monitoring Fleet is known as __________?,A. Argo,B. Argonese,C. Argons,D. None of these,A. Argo
Nickname of Sarojini Naidu was _______________?,A. Professor to Order,B. Nightingale of India,C. Punjab Kesari,D. None of the above,B. Nightingale of India
CNSA stands for ___________?,A. Country National Space Administration,B. China National Space Administration,C. Chinese National Space Administration,D. None of these,B. China National Space Administration
Who was the 1st Pakistani bowler to take 14 wickets in test match?,A. Imran Khan,B. Waseem Akram,C. Majid Khan,D. Waqar Younas,A. Imran Khan
The headquarters of the Indian Ocean Rim Association is in ______?,A. Indonesia,B. India,C. Mauritius,D. Australia,C. Mauritius
2020 Olympics will be hosted by which country?,A. Japan,B. China,C. South Africa,D. England,A. Japan
A Quadrillion has got__________?,A. 15 zeros,B. 18 zeros,C. 21 zeros,D. None of these,A. 15 zeros
Who Wrote “Arms and the Man”?,A. Bernard Shaw,B. George Orwell,C. Henry Kessinger,D. None of these,A. Bernard Shaw
What a young female horse is called?,A. Colt,B. Filly,C. Foal,D. Hack,B. Filly
Germany signed the Armistice Treaty on __________ and World War I ended?,"A. January 19, 1918.","B. May 30, 1918.","C. November 11, 1918.","D. February 15, 1918.","C. November 11, 1918."
The Berlin Wall was erected in 1961 on the order of East Germany’s former Leader __________?,A. Adolf Hitler.,B. Martin Luther.,C. Walter Ulbricht,D. Erwin Rommel,C. Walter Ulbricht
National Day of France is __________?,A. 4th July,B. 14th July,C. 24th July,D. None of these,B. 14th July
The last play of Shakespeare is ________?,A. 12th Night,B. The tempest,C. As you like it,D. None of these,B. The tempest
First Afghan-Anglo War was fought in?,A. 1819,B. 1829,C. 1839,D. None of these,C. 1839
Freedom day of China is _________?,A. October 01/1949,B. October 02/1950,C. October 01/1951,D. October 03/1950,A. October 01/1949
Tarikh e Farishta is written by?,A. Muhammad Nadeem Farishta,B. Muhammad Wasim Farishta,C. Muhammad Qasim Farishta,D. None of these,C. Muhammad Qasim Farishta
The SpeKtr telescope was launched into orbit in 2011 to study what?,A. Black Holes,B. Neutron Stars,C. Earth Magnetic Field,D. All of the above,D. All of the above
The day of independence of Afghanistan is _____________?,A. 19th August,B. 29th August,C. 9th August,D. None of these,A. 19th August
APNS Stands for What?,A. All Pakistan Newspaper Society,B. All Persian Newspaper Society,C. All Pakistan Society for Newspapers,D. None of the Above,C. All Pakistan Society for Newspapers
Which European Country does not have head of State?,A. Vatican,B. Nauru,C. Switzerland,D. None of these,C. Switzerland
Who is the author of “The Reconstruction of Religious Thought in Islam”?,A. Sir Syed Ahmed Khan,B. Allama Iqbal,C. Karen Armstrong,D. None of these,B. Allama Iqbal
SpeKtr R is a ______ ?,A. Telescope,B. Space shuttle,C. Space Telescope,D. All of the Above,C. Space Telescope
"“Super Blood Wolf Moon”, a total lunar eclipse occurred on:","A. Sunday, 20 January 2019","B. Saturday, 19  May 2019","C. Friday, 18 January 2019",D. None of these,"A. Sunday, 20 January 2019"
What was the first country to recognize the US as independent?,A. Morocco,B. Israel,C. Germany,D. None of these,A. Morocco
Roman Numeral for 3000 is _______?,A. LLL,B. DCM,C. MMM,D. None of these,C. MMM
Smallest state of India is __________?,A. Utter pardesh,B. Gujrat,C. Sikkim,D. None of these,C. Sikkim
City of Bazars is __________?,A. Mumbai,B. Cairo,C. Paris,D. Karachi,B. Cairo
The owner of Amazon company is _________?,A. Steve Jobs,B. Jeff Bezos,C. Bill Gates,D. James Willey,B. Jeff Bezos
What is the total length of World’s longest Hong Kong-Zhuhai bridge?,A. 75km,B. 65km,C. 55km,D. None of these,C. 55km
Playground of Europe?,A. England,B. France,C. Switzerland,D. None of these,C. Switzerland
A “super” moon (eclipse) occurs when the moon is especially close to:,A. Sun,B. Earth,C. Jupiter,D. None of these,B. Earth
Name the first Pakistani bank which started its operation on August 17 1947:,A. Muslim Commercial Bank,B. Habib Bank Ltd:,C. United Bank Ltd:,D. Allied Bank Ltd:,B. Habib Bank Ltd:
The Famous Shrine of Baba Farid Ud Deen Is located in which City?,A. Lahore,B. Multan,C. Pakpattan,D. Taunsa Shareef,C. Pakpattan
The Pakistan Super League 2019 edition took place on:,A. Feb 8th 2019 to March 17 2019,B. Feb 6th 2019 to March 21 2019,C. Feb 15th 2019 to March 23rd 2019,D. Feb 14th 2019 to March 17 2019,D. Feb 14th 2019 to March 17 2019
What is the Capital of Dominica?,A. Tirana,B. Algiers,C. Andorra la Vella,D. Roseau,D. Roseau
Who is the President of United Nations General Assembly for 73rd session?,A. Miguel d’ Escoto,B. Mirvoslav la jack,C. Maria Fernanda Espinosa,D. Neelam Pari,C. Maria Fernanda Espinosa
What was the old name of Sri-Lanka?,A. Yandap,B. Ceylon,C. Karta,D. None of these,B. Ceylon
Name of Quaid E Azam Muhammad Ali Jinnnah brothers?,A. Ahmad Ali Jinnah,B. Bunde Ali Jinnah,C. Rahmat Ali Jinnah,D. All of these,D. All of these
Name of Quaid E Azam Muhammad Ali Jinnah sisters?,A. Fatima Jinnah,B. Maryam Jinnah,C. Shireen Jinnah,D. All of these,D. All of these
Which is not an agency of U.N?,A. International Committee of Red Cross,B. FAO,C. IMF,D. ILO,A. International Committee of Red Cross
The headquarters of UNHCR is located at?,A. New York,B. Rome,C. Geneva,D. London,C. Geneva
Who is the second man to set foot on the moon?,A. Edwin Aldrin,B. John Glen,C. Alan Shepard,D. Chuck Yeager,A. Edwin Aldrin
What is the hottest place of Asia?,A. Sibi,B. Jacobabad,C. Tirat Zvi,D. Karachi,C. Tirat Zvi
Which place is on the back side one rupee coin of Pakistan?,A. Badshahi Mosque,B. Faisal Mosque,C. Sehwan shareef,D. Islamia college Peshawar,D. Islamia college Peshawar
The capital of Malaysia?,A. Bako,B. Accra,C. Kuala Lumpur,D. Jakarta,C. Kuala Lumpur
The Currency of Greenland is _________?,A. Franc,B. Danish Krone,C. Yen,D. Yuan,B. Danish Krone
The Currency of Madagascar is ____________?,A. Pound,B. Naira,C. Ariary,D. shilling,C. Ariary
Why has a president of the United States never met with the president of Canada?,"A. Canada has a prime minister, not a president",B. They have no diplomatic relations,C. They have prolong conflict,D. Due to no common interest,"A. Canada has a prime minister, not a president"
"In 1978, Who became the first person to be born in the continent of Antarctica?",A. Emilio Palma,B. James Weddell,C. Nathaniel Palmer,D. Charles Wilkes,A. Emilio Palma
ASEAN summit 2018 was held in?,A. Singapore,B. Brunei,C. Bangkok,D. None of these,A. Singapore
"Who is the eldest person, at the age of 90, to have won the Nobel Prize?",A. Raymond Davis,B. Doris Lessing,C. Leonid Hurwicz,D. Yoichiro Nambu,C. Leonid Hurwicz
Second summit of OIC was held in which country?,A. Saudi Arabia,B. Turkey,C. Pakistan,D. Iran,C. Pakistan
First summit of OIC was held in which country?,A. Saudi Arabia,B. Turkey,C. Morocco,D. Pakistan,C. Morocco
Headquarter of ASEAN is situated in which city?,A. Jakarta,B. Geneva,C. Beijing,D. London,A. Jakarta
"Which colonial power ended its involvement in India by selling the rights to the Nicobar Islands to the British on Oct. 16, 1868?",A. Belgium,B. Italy,C. Denmark,D. France,C. Denmark
Who commanded the ‘HECTOR’ the first British trading ship to land at Surat?,A. Paul Canning,B. William Hawkins,C. Thomas Roe,D. James Lancaster,B. William Hawkins
World widest water fall is?,A. Angel,B. Khone,C. Dove,D. None of these,B. Khone
Name the writer of famous novel The Remains of the Day?,A. Ernest Hemingway,B. Vladimir Nabokov,C. Jane Austen,D. Kazuo Ishiguro,D. Kazuo Ishiguro
First Asma Jahangir scholarship given to whom _________?,A. Sana Gul,B. Fatima,C. Ayesha khan,D. Kalsoom hafsa,A. Sana Gul
"International Mountain Day (IMD), theme for the year 2018 was:",A. Mountain Exploring,B. Mountains Matter,C. Mountains are important for climate,D. None of these,B. Mountains Matter
Rank of Pakistan’s position in international freelancing countries?,A. First,B. Fourth,C. Fifth,D. Seventh,B. Fourth
Which fort of Sindh is also known as “The Great Wall Of Sindh”?,A. Umarkot Fort,B. Kot Diji Fort,C. Naukot Fort,D. Ranikot Fort,D. Ranikot Fort
What is the capital of Sweden?,A. Stockholm,B. Malmö,C. Uppsala,D. Gävle,A. Stockholm
In which year was Alaska sold to the US?,A. 1865,B. 1866,C. 1867,D. 1868,C. 1867
How many peaks in the words with heights more than 8000 meter?,A. 14,B. 16,C. 18,D. 19,A. 14
Snap Chat was launched in ____________?,A. 2006,B. 2007,C. 2011,D. 2012,C. 2011
ECO is stand for?,A. Energy Cooperation Organization.,B. Economic Cooperation Organization.,C. Ecological Cooperation Organization.,D. Equality Cooperation Organization.,B. Economic Cooperation Organization.
Where was the first library of the world?,A. SYRIA,B. MOROCCO,C. USA,D. EGYPT,B. MOROCCO
One yard is equal to how many inches?,A. 35 inches,B. 30 inches,C. 32 inches,D. 36 inches,D. 36 inches
How many millions are there in Billion?,A. 100 million,"B. 1,000 million",C. 10 million,D. None of these,"B. 1,000 million"
Which currency is ranked second among the most expensive currencies in the world?,A. Omani riyal,B. Kuwaiti Dinar,C. Bahraini Dinar,D. US Dollar,C. Bahraini Dinar
Hawaii is the state of?,A. Japan,B. China,C. USA,D. korea,C. USA
The most industrial countries in Asia is,A. China,B. Thailand,C. South korea,D. Malaysia,A. China
Quaid e Azam Muhammad Ali Jinnah’s father name was ________ ?,A. Jahangir Jinnah,B. Shoukat Ali,C. Poona Jinnah,D. Iqbal Jinnah,C. Poona Jinnah
When was INF treaty signed between Russia and America?,A. 1991,B. 2000,C. 1987,D. None of these,C. 1987
INF treaty was signed between?,A. Russia and America,B. Iran and USA,C. USA and Saudi Arabia,D. None of these,A. Russia and America
What is the name of new capital of Burundi?,A. Bujumbura,B. Makamba,C. Gitega,D. None of these,C. Gitega
Nippon is stock exchange market of ?,A. Germany,B. Tokyo,C. Pakistan,D. USA,B. Tokyo
What is widows tears?,A. Sympthy,B. A movie,C. Plant,D. None of these,C. Plant
The Crimean War in 1854–1856 was fought between?,A. Russia and Turkey,B. USA and England,C. Russia and Japan,D. England and France,A. Russia and Turkey
Indonesia was a colony of which of the following countries?,A. Dutch,B. Spain,C. Portugal,D. Belgium,A. Dutch
Who was the chairperson of the Chinese Communist Party at the time of liberation of China?,A. Zhou Enlai,B. Deng Xiaoping,C. Mao Zedong,D. Liu Shaoqi,C. Mao Zedong
The Wailing wall is situated in?,A. Berlin,B. Beijing,C. Jerusalem,D. Tel Aviv,C. Jerusalem
Zend-Avesta is the sacred book of the?,A. Parsees,B. Jains,C. Jew,D. Buddhists,A. Parsees
"East Timor, in Indonesian Archipelago, was the former colony of?",A. Dutch,B. English,C. French,D. Portuguese,D. Portuguese
Independence movement of Vietnam was headed  by?,A. Ngo Dinh Diem,B. Zhou Enlai,C. Pol Pot,D. Ho Chi Minh,D. Ho Chi Minh
Dean Barrow is the prime minister of which one of the following countries?,A. Benin,B. Bolivia,C. Belize,D. Bhutan,C. Belize
Who is the current president of the African Union?,A. Félix Tshisekedi,B. Thabo Bmeki,C. Alpha Conde,D. None of these,A. Félix Tshisekedi
The African Union is a continental union consisting of ___________ countries of the continent of Africa.,A. 50,B. 55,C. 60,D. 65,B. 55
___________ is the first president of Harward University since the seventeenth century with no earned Harvard degree.,A. Tony Greenwoods,B. Peter steward,C. Lara john,D. Drew Gilpin Faust,D. Drew Gilpin Faust
The Independent is the online newspaper of which one of the followings country?,A. Britain,B. France,C. USA,D. Brazil,A. Britain
How many Pulitzer prizes has the New York Times won?,A. 120,B. 122,C. 133,D. 127,C. 133
Which one of the following countries is the most populated spanish speaking country in the entire world?,A. Mexico,B. Portugal,C. Brazil,D. Cuba,A. Mexico
"“if you want to have lunch in Europe and dinner in Asia, then you have to be in …………..”. Name the city.",A. Antalya,B. Adana,C. Istanbul,D. Bodrum,C. Istanbul
Which country has been declared a world heritage site by UNESCO?,A. Vatican city,B. Narau,C. Kuwait city,D. None of these,A. Vatican city
Who was the Ameer of Afghanistan during WWI?,A. Abdur rehman khan,B. Nasrullah Khan,C. Afzal khan,D. Habib Ullah khan,D. Habib Ullah khan
The volcano Vesuvius is located in?,A. Russia,B. United States,C. Indonesia,D. Italy,D. Italy
The name of which North African city literally means ‘white house’?,A. Rabat,B. Marrakesh,C. Casablanca,D. Cairo,C. Casablanca
Which African country was formerly called French Sudan?,A. Mali Federation,B. South Africa,C. Keyna,D. Nigeria,A. Mali Federation
The length of English channel is ________?,A. 360 Kilometres,B. 460 Kilometres,C. 560 Kilometres,D. 660 Kilometres,C. 560 Kilometres
First person to go on both the poles (North and South) was?,A. Robert Swan,B. Ronald Amundsen,C. Yuri Gagarin,D. Robert Peary,A. Robert Swan
Where is “The Great Barrier Reef”?,A. Canada,B. U.K,C. Australia,D. Germany,C. Australia
Who was “Rafic Hariri” _______ ?,A. Prime Minister of Iran,B. Prime Minister of Lebanon,C. President of Egypt,D. Turkey’s Business Tycoon,B. Prime Minister of Lebanon
“Kigali” is the capital of what country?,A. Panama,B. Romania,C. Rawanda,D. None of these,C. Rawanda
The capital of Saudi Arabia is ______________?,A. Riyadh,B. Mecca,C. Madina,D. Jeddah,A. Riyadh
Flora and Fauna means ____________ .,A. City & Town,B. Animal & Plants,C. Plants & Animals,D. None of these,C. Plants & Animals
In which country is the Doraemon Cartoon made?,A. China,B. South Korea,C. Japan,D. North Korea,C. Japan
49th and 50th state of USA are?,"A. California, Alaska","B. Newyork, Florida","C. Washington DC, Wyoming","D. Alaska, Hawaii","D. Alaska, Hawaii"
_________ is the richest country in Asia?,A. Japan,B. Pakistan,C. Singapore,D. India,C. Singapore
River Seine flows in which country?,A. Turkey,B. Italy,C. France,D. Rome,C. France
When was the Battle of Plassey fought?,A. 1723,B. 1749,C. 1757,D. 1775,C. 1757
Which is the fastest growing tree in the world?,A. Banyan Tree,B. Black Ash Tree,C. Empress Splendor,D. The Basswood Tree,C. Empress Splendor
Which of the following continents passes through the equator?,"A. North America, South America, Asia","B. Asia, Africa, Europe","C. Europe, Australia, Asia","D. Asia, Africa, South America","D. Asia, Africa, South America"
How many countries passes to equator?,A. 12,B. 10,C. 7,D. 13,D. 13
The capital of Malta is _______?,A. Valletta,B. Port Moresby,C. Vientiane,D. None of these,A. Valletta
What is slogan of ASF airport security force?,A. It’s your world,B. Faith unity & decipiline,C. Firm & courteous,D. Peace & prosperity,C. Firm & courteous
In which millennium do we live in?,A. 1st,B. 2nd,C. 3rd,D. 4th,C. 3rd
Social leaning theory is given in 1977 by?,A. Albert Bandura,B. Saul McLeod,C. Pedigo,D. Carroll,A. Albert Bandura
The cultivated land of the total area of Pakistan is about _________ million hectares:,A. 22.1,B. 32.7,C. 11,D. 87,A. 22.1
The net of tennis is 3 feet and 6 inches high at the post and _______ feet high at the centre?,A. 2,B. 3,C. 4,D. 5,B. 3
What is the length range of tennis racket in inches?,A. 27 to 29,B. 29 to 31,C. 31 to 33,D. 33 to 35,A. 27 to 29
In ______ tennis was reintroduced at the Olympics and continues to be a part of the games to this day?,A. 1984,B. 1988,C. 1992,D. 1996,B. 1988
Who built Bagram Air Base in 1980s?,A. Soviets,B. China,C. America,D. Korea,A. Soviets
Which of the following tennis tournament is the oldest contest out of famous grand slam championships?,A. U.S. Open,B. Australian Open,C. French Open,D. Wimbledon,D. Wimbledon
The first set of sisters to ever win Olympic gold medals in tennis were?,A. Venus and Serena Williams,B. Kate and Elizabeth Bell,C. Ivan and Talmika,D. None of the above,A. Venus and Serena Williams
Which of the following is a term in tennis for losing a match or “fixing” it for some benefit?,A. Tanking,B. cheating,C. Deceiving,D. All of the above,A. Tanking
"As per The International Tennis Federation, what is the weight of a tennis ball in grams?",A. 45 to 48,B. 48 to 50,C. 50 to 53,D. 56 to 59,D. 56 to 59
Which of the following bird is stationed at Wimbledon to keep its sky clear of local pigeons?,A. Hawk,B. Eagle,C. Crow,D. None of these,A. Hawk
Who was the first African American to win the US Open?,A. Andy Murray,B. Ian Golf,C. Arthur Ashe,D. All of these,C. Arthur Ashe
Which two worlds biggest social sites Companies did Fawad chaudhry invite to open their offices in Pakistan?,A. Google & WhatsApp,B. Facebook & WhatsApp,C. Google & Facebook,D. Google & Telegram,C. Google & Facebook
What is the real name of Gandhi?,A. Mochandas Gandhi,B. Mohandas Karamchand Gandhi,C. Manooshdas Karmjit Gandhi,D. None of these,B. Mohandas Karamchand Gandhi
The Kyoto Protocol was an international treaty which talks about ?,A. Employment,B. Pollution,C. Agriculture,D. None of these,B. Pollution
"Which term is used to define all four famous tennis tournaments (Australian Open, French Open, Wimbledon and U.S. Open)?",A. Grand Open,B. Grand Slam,C. Open Sky,D. Clear way,B. Grand Slam
Which Monument shows the heads of the four former presidents of the United States?,A. Mount Rushmore Monument,B. McHenry National Monument,C. Devil’s Tower National Monument,D. All of the above,A. Mount Rushmore Monument
When was Hazrat Sachal Sarmast born?,A. 1738,B. 1739,C. 1740,D. 1741,B. 1739
In what following year was ICC World Cup co-hosted by Pakistan?,A. 1996,B. 1999,C. 2003,D. 2007,A. 1996
"What is the common factor found in the four U.S. presidents: Abraham Lincoln , James A. Garfield , William McKinley , and John F. Kennedy ?",A. Reformed U.S. Army,B. Had blood relation,C. Action against slavery,D. All four were assassinated,D. All four were assassinated
Which of the following U.S. President died on 4th July 1826?,A. John Adam,B. Thomas Jefferson,C. James Medison,D. Both A & B,D. Both A & B
CCTV stands for________?,A. Care Television Unit,B. Closed Circuit Television,C. Critical Care Television,D. Both A and C,B. Closed Circuit Television
Pacific Ocean and Atlantic Ocean are link through ?,A. Suez Canal,B. English Canal,C. Panama Canal,D. All of above,C. Panama Canal
_________ is a term used to refer to a score of 111 by an individual player or a team?,A. Triplete,B. Harren,C. Nelson,D. Oder,C. Nelson
A village named “Pakistan” is located in which country?,A. Bangladesh,B. Afghanistan,C. India,D. Palestine,C. India
Psephology is the study of_________?,A. voting,B. knowledge,C. nerves,D. none,A. voting
Nature’s Valley is found in which of the following African country?,A. South Africa,B. Nigeria,C. Ethopia,D. None of these,A. South Africa
World’s highest bridge for bungee jumping named Bloukrans Bridge is found in?,A. Canada,B. America,C. South Africa,D. England,C. South Africa
Which famous Asian player has never scored a century outside of Asia?,A. MS Dhoni,B. Tamim Iqbal,C. Kumar Sangakara,D. Shahid Afridi,A. MS Dhoni
Which is the only player in the history of cricket to have captained a team for more than 100 Test matches?,A. Ricky Ponting,B. MS Dhoni,C. Saurav Ganguly,D. Graeme Smith,D. Graeme Smith
"Which player, who was born on April 8, 1963 (8-4-63), ended up scoring 8463 runs in his entire Test career?",A. Alec Stewart,B. Imran Khan,C. Mudassar Nazar,D. Bradman,A. Alec Stewart
Australia defeated England in the 1877 inaugural and the 1977 centenary Test match by?,A. 45 runs,B. 50 runs,C. 55 runs,D. 60 runs,A. 45 runs
What is the width of a cricket pitch?,A. 10 inches,B. 10 feet,C. 10 yards,D. 10 meters,B. 10 feet
"According to counting in 2021 there were 25 million resident in australia, how many kangaroos were there?",A. 50 million,B. 44million,C. 30 million,D. None of these,A. 50 million
When the great wall of china was built?,A. 1878 (221 to 206 BC),B. 1870 (246 to 210 BC),C. 1978 (300to250),D. None of these,A. 1878 (221 to 206 BC)
For what does the world owe Almon Strowger a debt of gratitude ?,A. Parking Meters,B. Vending Machines,C. Automatic Telephone Exchanges,D. None of the above,C. Automatic Telephone Exchanges
What is the length of Cricket stumps?,A. 24 inches,B. 26 inches,C. 28 inches,D. 30 inches,C. 28 inches
Which of the follwing Indian actor is known as ” Tragedy King”?,A. Salman Khan,B. Amitabh Bachan,C. Dilip Kumar,D. Sanjay Dutt,C. Dilip Kumar
What is the weight of women cricket ball?,A. 140 to 145,B. 140 to 150,C. 140 to 151,D. None of these,C. 140 to 151
What is the total length of a cricket bat?,A. 36,B. 38,C. 40,D. 42,B. 38
When did the ICC World Cup first introduced coloured kit and white ball?,A. 1983,B. 1987,C. 1992,D. 1996,C. 1992
Google launches its first All Electric street view car with which automobile company?,A. Jaguar,B. MG,C. Tesla,D. Toyota,A. Jaguar
The Pyidaungsu Hluttaw is the de jure national level bicameral legislature of?,A. Bhutan,B. Myanmar,C. Nepal,D. Zimbabwe,B. Myanmar
Great Britain was formed from a union between England and Scotland in the year?,A. May 1707,B. May 1509,C. May 1205,D. May 1013,A. May 1707
‘A Dream for Peace’ is the most surprising Ambassador’s Memoir written by?,A. Henry Kissinger,B. Hussain Haqani,C. Ghulam Berrah,D. D H Allen,C. Ghulam Berrah
"Out of Many, One: Portraits of America’s Immigrants is the famous book written by?",A. Barack Obama,B. John F. Kennedy,C. George W. Bush,D. None of these,C. George W. Bush
Which of the following is the only sitting American president being arrested?,A. Richard Nixon,B. Abraham Lincoln,C. Ulysses S. Grant,D. Donald Trump,C. Ulysses S. Grant
Ko Lipe Island is found in which of the following country?,A. Australia,B. Thailand,B. United Kingdom,D. China,B. Thailand
The London assembly comprises of how many elected members?,A. 20,B. 25,C. 30,D. 35,B. 25
Cleveland Dam is located in ________?,A. Australia,B. United States,C. Canada,D. Japan,C. Canada
Welland Canal is located in _________?,A. India,B. Canada,C. Australia,D. Italy,B. Canada
When was Panama Canal Officially Opened?,A. 1914,B. 1915,C. 1916,D. 1917,A. 1914
Bosheen Dam is located in ________?,A. Brazil,B. Peru,C. Ghana,D. Congo,B. Peru
"The Faroe Islands comprises of 18 rocky, volcanic islands is a self governing archipelago found in?",A. United Kingdom,B. United States,C. Kingdom of Denmark,D. European Union,C. Kingdom of Denmark
Karun Three Dam is located in ___________?,A. Iran,B. France,C. South Africa,D. China,A. Iran
Hudson and Delaware canals are present in the country ________?,A. Australia,B. France,C. Italy,D. USA,D. USA
"The US state, Nevada, has been nick named as__________?",A. Yellow hammer state,B. Diamond state,C. Battle born state,D. The last frontier,C. Battle born state
"The US state, Delaware, has been nick named as________?",A. Golden state,B. First state,C. Natural state,D. None of these,B. First state
The world’s largest island is Greenland located in Europe and is owned by ____________?,A. Germany,B. Italy,C. Denmark,D. None of these,C. Denmark
"Earthquake of “8 October, 2005” was the result of__________?",A. Volcanic-Activity,B. Severe-Flooding,C. Tectonic-Dislocation,D. None of these,C. Tectonic-Dislocation
The novel Aangan was written by_________?,A. Khdija mastoor,B. Perveen Shakira,C. Nazeer Ahmad,D. Ibne ansha,A. Khdija mastoor
In which province of Afghanistan Bagram Air Base is situated?,A. Kabul,B. Kandhar,C. Parwan,D. Jowzjan,C. Parwan
Which is the highest literary award of the World?,A. Nobel Prize,B. Booker Prize,C. Pulitzer Prize,D. Magsaysay Award,B. Booker Prize
"What is the approximate length of Europe’s longest river, volga river?",A. 3430,B. 3330,C. 3530,D. None of these,C. 3530
Which one is called the red planet?,A. Mercury,B. Venus,C. Earth,D. Mars,D. Mars
In which type of rocks coal and petroleum are found?,A. Granite,B. Igneous,C. Metamorphic,D. Sedimentary,D. Sedimentary
Indian Actor Dilip Kumar was born on_________?,A. 1925,B. 1922,C. 1923,D. 1924,B. 1922
Which one of the followings has been considered as the largest city in Europe in terms of area?,A. France,B. Rome,C.,D. None of these,London
The first United States president who visited Pakistan?,A. Donald Trump,B. Dwelight Eisenhower,C. Jigme Khesar,D. Franklin D. Rosevelt,B. Dwelight Eisenhower
Which of the following Valley was one of the strategic focal points of the war in Vietnam?,A. Muong Thanh Valley,B. A Sau Valley,C. Elephant Valley,D. None of the above,B. A Sau Valley
Hironomiya Naruhito is the ______________ emperor of Japan?,A. 123rd,B. 124th,C. 125th,D. 126th,D. 126th
in which year Japan changed her capital from Kyoto to Tokyo?,A. 1868,B. 1878,C. 1888,D. 1898,A. 1868
Which of the following city is the former capital of Japan?,A. Osaka,B. Hiroshima,C. Kobe,D. Kyoto,D. Kyoto
Between 1347-51 Europe faced which of the following disease?,A. Swine Flu,B. Black Death,C. Plague,D. Black Cough,B. Black Death
1337-1453 Hundred years’ war involved which two nations?,A. America and Britain,B. North Korea and South Korea,C. Britain and France,D. North Vietnam and South Vietnam,C. Britain and France
1st  July to 31st December 1958 is known world wide as__________?,A. International Geophysical Year,B. International Climate Year,C. International Education Year,D. None of these,A. International Geophysical Year
How many US Presidents have visited Pakistan?,A. three,B. four,C. two,D. five,D. five
The continent which has not desert_________?,A. Asia,B. Africa,C. Europe,D. None of these,C. Europe
The World Health Day is celebrated on ________?,A. 1st March,B. 7th April,C. 6th October,D. 10th December,B. 7th April
Mana Pools National Park is in___________?,A. South Africa,B. Kenya,C. Zimbabwe,D. Turkey,C. Zimbabwe
Hwange National Park is in_________?,A. Nepal,B. China,C. Zimbabwe,D. Bhutan,C. Zimbabwe
Phander Lake is in__________?,A. China,B. Kenya,C. Pakistan,D. Nepal,C. Pakistan
Barossa Valley is in________?,A. England,B. USA,C. Australia,D. Sri Lanka,C. Australia
Hawa Mahal (Palace of Winds) is in_________?,A. Pakistan,B. Sri Lanka,C. India,D. Bangladesh,C. India
Schonbrunn Palace and Gardens are located in:_________?,A. England,B. Greece,C. Austria,D. Netherland,C. Austria
Ancient Palace “Bam” is located in:_________?,A. Egypt,B. Pakistan,C. Iran,D. India,C. Iran
Old Town of Ghadames is located in:________?,A. Iran,B. Syria,C. Libya,D. None of these,C. Libya
Mount Etna is located in:____________?,A. Austria,B. Greece,C. Italy,D. None of these,C. Italy
The Book “21 Lessons for the 21th Century” is written by__________?,A. Francis Fukuyama,B. Yuval Noah Harari,C. Noam Chomsky,D. None,B. Yuval Noah Harari
The slogan of BMW is________?,A. Sheer Driving Pleasure,B. The best or nothing,C. Drive with greater,D. None,A. Sheer Driving Pleasure
The slogan of Mercedes-Benz is________?,A. The best or nothing,B. Sheer Driving Pleasure,C. The Power of Dreams,D. None,A. The best or nothing
Which element is called “Black Diamond”?,A. Gold,B. Silver,C. Coal,D. Iron,C. Coal
Which country’s constitution is dubbed as “the lengthiest written constitution in the world?,A. United States of America,B. India,C. China,D. United Kingdom,B. India
Lok Sabha is the legislative assembly of which country?,A. India,B. Bangladesh,C. Nepal,D. Iraq,A. India
Which one of the following is a Unicameral Parliament System?,A. United States of America,B. Iran,C. Afghanistan,D. None of these,B. Iran
When did  Chinese Communist Party (CCP) come in power?,A. 1947,B. 1948,C. 1949,D. 1950,C. 1949
"The Chinese Communist Party (CCP), was founded in___________?",A. 1911,B. 1921,C. 1931,D. 1941,B. 1921
Mojave desert is located in which country?,A. Australia,B. United States,C. South Africa,D. Angola,B. United States
What is the theme of World Environment Day 2021?,A. Ecosystem Restoration,B. Time for Nature,C. Air Pollution,D. None of these,A. Ecosystem Restoration
East Timor got independence from which country?,A. Mangolia,B. Indonesia,C. Australia,D. None of Above,B. Indonesia
What was the capital of Russia before Moscow ?,A. Volgograd,B. Kaliningrad,C. Saint Petersburg,D. None of them,C. Saint Petersburg
Rohtas Fort has ________ gates?,A. 12,B. 13,C. 14,D. 22,A. 12
World environment day is celebrated on_________ ?,A. 5th June,B. 5th May,C. 2 June,D. 2 May,A. 5th June
The largest barley (جو) producer of the world is___________ ?,A. Russia,B. Canada,C. Ukraine,D. East Timore,A. Russia
Book “The First Muslim: The Story of Muhammad” is written by:_______________?,A. Lesley Hazleton,B. Anatol Lieven,C. K.K. Aziz,D. None,A. Lesley Hazleton
How many rings are there in the Olympic Flag?,A. 3,B. 5,C. 8,D. 9,B. 5
Augusta-Raurica is located in_________?,A. Egypt,B. Portugal,C. Switzerland,D. Turkey,C. Switzerland
A Country Floating on Oil ?,A. Saudi Arabia,B. Iran,C. Kuwait,D. All of the Above,C. Kuwait
Name the country which has the largest natural gas reserves in the world ?,A. India,B. Canada,C. Italy,D. Russia,D. Russia
1921 is known for which of the following incident ?,A. Tulsa Race Massacre,B. London Race Massacre,C. Madrid Race Massacre,D. None of these,A. Tulsa Race Massacre
"During whole Palestine-Israel conflict, which European country seems to be most Pro-Palestinian?",A. Sweden,B. Norway,C. Belgium,D. Ireland,D. Ireland
Renowned painter Frida Kahlo was from__________?,A. Mexico,B. China,C. Italy,D. France,A. Mexico
"The zunzuncito, also known as fly bird or the elf of bees, is a tiny bird that can only be found in_______?",A. Cuba,B. Malaysia,C. Guinea,D. Haiti,A. Cuba
Which English city was once known as Duroliponte?,A. London,B. Liverpool,C. The Cambridge,D. None of these,C. The Cambridge
"Longi Green Energy, which is considered to be the world’s biggest solar company, belongs to which country?",A. China,B. Japa,C. Germany,D. None of these,A. China
The author of the book ‘Aab-e-Hayat’ is__________?,A. Syed Ameer Ali,B. Hafiz Shirazi,C. Sir Syed Ahmed Khan,D. Maulana Muhammad Hussain Azad,D. Maulana Muhammad Hussain Azad
Study of flags is called _________?,A. Vexillology,B. Zoosology,C. Spermology,D. None of these,A. Vexillology
__________ is called the ‘low country’ of the earth?,A. Spain,B. Holland,C. Italy,D. None of these,B. Holland
Which city is known as ‘Gold capital of the world’ ?,A. Johannesburg,B. Paris,C. Dubai,D. None of these,A. Johannesburg
Which is the largest fishing ground in the world?,A. Japan sea,B. North sea,C. North-East-Pacific,D. None of these,B. North sea
The highest average salinity amongst the following seas is reported from,A. Dead Sea,B. Red Sea,C. Black Sea,D. None of these,A. Dead Sea
Name the Continents that form a mirror image of each other?,A. North America and South America,B. Asia and Africa,C. Africa and South America,D. None of these,C. Africa and South America
The difference in the duration of day and night increases as one moves from:_________?,A. West to East,B. East and west of the prime meridian,C. Equator to poles,D. None of these,C. Equator to poles
The busiest Sea route is:__________?,A. The Mediterranean Red-Sea Route,B. The South Atlantic Route,C. The North Atlantic Route,D. None of these,C. The North Atlantic Route
Who hold the record for 125 largest number of Qawali albums?,A. Atta ullah esakhailwi,B. abida parveen,C. ustad nusrat fatheh ali khan shahab,D. gullam ali khan shahab,C. ustad nusrat fatheh ali khan shahab
How many members are considered as Non permanent members of UN General Assembly?,A. 8,B. 10,C. 12,D. None of these,B. 10
Supervene is the seaport of_________?,A. Brazil,B. Denmark,C. Russia,D. Spain,B. Denmark
Meldan is the seaport of_________?,A. Russia,B. USA,C. Spain,D. France,C. Spain
Lisbon is the seaport of____________?,A. Chile,B. Portugal,C. UK,D. Belgium,B. Portugal
Le Harve is the seaport of____________?,A. France,B. Iran,C. Portugal,D. None of these,A. France
The Third Largest Ocean in the World is __________ ?,A. Indian Ocean,B. Pacific Ocean,C. Arctic Ocean,D. Atlantic,A. Indian Ocean
Bosphorous Strait connects?,A. Black Sea & Caspian Sea,B. Aegean Sea & Sea of Marmara,C. Black sea & Mediterranean Sea,D. Black sea & Sea of Marmara,D. Black sea & Sea of Marmara
"Bosphorus, also known as___________?",A. Strait of Black Sea,B. Strait of Marmara,C. Strait of Aegean,D. Strait of Istanbul,D. Strait of Istanbul
In which of following places would one find the use of Yak for transportation?,A. Chile,B. Tibet,C. England,D. None of these,B. Tibet
Ujjain state located in__________?,A. Sindh,B. Punjab,C. India,D. Nepal,C. India
The South Pole of the Earth is located in?,A. Norway,B. Antarctica,C. Arctic Ocean,D. None of these,B. Antarctica
Pakistan Played First Twenty20 International (T20I) match against which country?,A. Australia,B. India,C. England,D. None of these,C. England
The Siwa Oasis is located in__________?,A. Iraq,B. Egypt,C. UAE,D. Iran,B. Egypt
UN Chinese Language Day is observed annually on _____________?,A. 15th April,B. 17th April,C. 20th April,D. None of these,C. 20th April
“Donbass” is a disputed region between?,A. Greece & Turkey,B. Armenia & Azerbaijan,C. Russia & Ukraine,D. None of these,C. Russia & Ukraine
HRCP stands for?,A. Human Rights Committee of Pakistan,B. Human Rights Conference of Pakistan,C. Human Rights Commission of Pakistan,D. None of these,C. Human Rights Commission of Pakistan
NCOC stands for?,A. National Coordination and Operation Centre,B. National Command and Operation Centre,C. National Control and Operation Centre,D. National Centre for Operation and Coordination,B. National Command and Operation Centre
Where is Katpana desert located ?,"A. Harbin, China","B. Skardu, Pakistan","C. Dras, India","D. Sydney, Australia","B. Skardu, Pakistan"
What is the height of Diamer Basha Dam?,A. 138m,B. 200m,C. 272m,D. 278m,C. 272m
How many Islamic Republics are there in the world?,A. 3,B. 4,C. 5,D. 2,B. 4
In which of the following year the holy month of Ramadan is expected to occur twice?,A. 2025,B. 2030,C. 2035,D. None of these,B. 2030
Leonardo da Vinci is airport of_________?,A. Japan,B. Italy,C. China,D. None of these,B. Italy
“NIKKEI” is a stock exchange index of ________?,A. Beijing,B. Wilington,C. Tokyo,D. Stockholm,C. Tokyo
Which country has maximum languages ?,A. South Africa,B. Papua New Giunea,C. United States,D. France,B. Papua New Giunea
In which country Great Buddha of Kamakura located ?,A. Russia,B. Indonesia,C. Japan,D. China,C. Japan
In which city of Russia St. Basil’s Cathedral is located ?,A. Moscow,B. Nizhny,C. St.Petersberg,D. None of these,A. Moscow
The Width of Suez Canal is_______?,A. 205 m,B. 210 m,C. 215 m,D. None of these,A. 205 m
Neom City is located on the coast of ____ Sea?,A. Persian Gulf,B. Gulf of Oman,C. Dead Sea,D. Red Sea,D. Red Sea
Meaning of Neom the name of new proposed smart city in Saudi Arabia?,A. New Era,B. New world,C. New Arabia,D. New Future,D. New Future
The Line is a proposed smart city in Saudi Arabia is located in the area of________?,A. Uhud,B. Taif,C. Badr,D. Tabuk,D. Tabuk
Kyoto City is in which Country?,A. China,B. South Korea,C. Japan,D. None of these,C. Japan
The important mountains of Europe include:,"A. Andes, Alps, Pyrenees","C. Alps, Himalayas, Rock mountains",D. None of the above,,"B Alps, Carpathians, Pyrenees, Apennines"
Florida strait is located between:___________?,A. Japan and Korea,B. Cuba and Bahamas,C. Italy and Sicily,D. None of these,B. Cuba and Bahamas
Which land of country is below the sea level?,A. Netherlands,B. Iceland,C. Belgium,D. Germany,A. Netherlands
The country also known as ” country of COPPER” is:,A. Zimbabwe,B. Zambia,C. China,D. None of these,B. Zambia
Which country has the unwritten constitution?,A. England,B. US,C. Australia,D. None of these,A. England
Who coined the name of United Nations?,A. Stalin,B. Austin Mills,C. F.D Roosevelt,D. None of these,C. F.D Roosevelt
The city which is also known as the City of Canals?,A. Paris,B. Venice,C. Florence,D. None of these,B. Venice
Afghanistan is separated from Central Asia by:_________?,A. Caspian Sea,B. Wakhan,C. Aral River,D. Oxus River,D. Oxus River
The largest populous Islamic country of the world is: __________?,A. Pakistan,B. Iran,C. Indonesia,D. Saudi Arabia,C. Indonesia
Which country contains the most volcanoes in the world?,A. Indonesia,B. South Africa,C. Mexico,D. None of these,A. Indonesia
Which country is also called “Rainbow Nation”?,A. South Africa,B. Netherlands,C. Norway,D. None of these,A. South Africa
Which country is also known as sun rise?,A. South Africa,B. Netherlands,C. Norway,D. Japan,D. Japan
The most dispersed country in the world is: __________?,A. Maldives,B. Indonesia,C. Philippines,D. None of these,A. Maldives
"Which country, on the map of world, appears as “Long Shoe”?",A. Portugal,B. Italy,C. Greece,D. Hungary,B. Italy
Egypt connects the two continents:,A. Asia and Europe,B. Asia and Africa,C. South America and North America,D. None of these,B. Asia and Africa
"Penalty cards(Yellow, Red) used in Football first introduced in which year?",A. 1970,B. 1974,C. 1996,D. None of these,A. 1970
________ is the world’s fastest-sinking city:,A. Jakarta,B. Manila,C. Shanghai,D. None of these,A. Jakarta
_______ is the tulip capital of the world?,A. USA,B. Green land,C. Netherlands,D. None of these,C. Netherlands
Turkey connects the two continents: _____________?,A. Asia and Europe,B. Asia and Africa,C. South America and North America,D. Asia and Australia,A. Asia and Europe
What is the capital of Comoros?,A. Lilongwe,B. Managua,C. Moroni,D. None of these,C. Moroni
When is the UN French Language Day is observed globally?,A. 20 March,B. 19 March,C. 18 March,D. None of these,A. 20 March
________ is the World’s Loudest Bird:,A. Macaws,B. Cockatoos,C. White Bellbird,D. None of these,C. White Bellbird
Which of the following pairs of City and River is correct?,A. Baghdad — Tigris,B. Berlin — Seine,C. Paris — Danube,D. Tuscany (Italy) — Irtysh,A. Baghdad — Tigris
Which among the following trees is considered the tallest in the world?,A. Cedar,B. Redwood,C. Date palm,D. None of these,B. Redwood
Which peninsula lies between the black sea and the sea of Azov?,A. Crimean,B. Iberian,C. Kamchatka,D. None of these,A. Crimean
Which mountain system lies between the Black sea and the Caspian sea?,A. Appalachians,B. Caucasus,C. Atlas,D. None of these,B. Caucasus
Name the country shares 16 borders with other states:__________?,A. Russia,B. India,C. China,D. None of these,C. China
CEYLON was changed to SRI LANKA in:________?,A. 1970,B. 1972,C. 1975,D. None of these,B. 1972
BURMA was changed to MYANMAR in:___________?,A. 1986,B. 1989,C. 1987,D. None of these,B. 1989
What percentage of land is cultivable in the world?,A. 12%,B. 11%,C. 10%,D. None of these,B. 11%
Only land locked country in South-East Asia ?,A. North korea,B. China,C. Vietnam,D. Loas,D. Loas
Who is writer book  ‘Cutting edge “?,A. Waqar Younus,B. Waseem Akram,C. Javed Mian Dad,D. Ahmed Ahsfaq,C. Javed Mian Dad
The first full face transplant was performed in__________?,A. 2006,B. 2008,C. 2010,D. None of these,C. 2010
Rousseau was__________?,A. Political Philosopher,B. German Revolutionary leader,C. American Explorer,D. British leader,A. Political Philosopher
Which is called flower animal in world?,A. Hydra,B. Sea anemones,C. Obella,D. None of these,B. Sea anemones
"The bridge in Istanbul, Turkey that connects Asia and Europe is called_____________?",A. Golden Gate Bridge,B. Akashi Kaikyo Bridge,C. Bosphorus Bridge,D. Royal Gorge Bridge,C. Bosphorus Bridge
"Which city is also called The City of 1,000 Minarets?",A. Istanbul,B. Cairo,C. Makkah,D. Islamabad,B. Cairo
When Bangladesh celebrates it’s Independence Day ?,A. 26 March,B. 20 April,C. 14 August,D. None of these,A. 26 March
Picture of which US President is on the 5 dollar note ?,A. George Washington,B. Thomas Jefferson,C. Abraham Lincoln,D. None of these,C. Abraham Lincoln
Name the only US president who also served as the Chief Justice of the US Supreme Court ?,A. Howard Taft,B. Lyndon Johnson,C. Abraham Lincoln,D. None of these,A. Howard Taft
The Queen who had the nick name “Bloody Mary” is ?,A. Elizabeth I,B. Victoria I,C. Mary I,D. None of these,C. Mary I
Amir Khusrow was the disciple of whom ?,A. Khuwaja Gulam Farid,B. Nizam Uddin Aulia,C. Khuwaja Moen Uddin,D. None of these,B. Nizam Uddin Aulia
Pablo Picasso the famous artist belong to which country ?,A. Brazil,B. France,C. Spain,D. None of these,C. Spain
Who is known as the father of Pentium Chip ?,A. Vinod Khanna,B. Vinod Dham,C. Sundar Pichai,D. None of these,B. Vinod Dham
Who among following is considered to be the father of “Green Revolution” ?,A. Mammohan Singh,B. Norman Borlaug,C. Abdul Salam,D. Henry Ford,B. Norman Borlaug
Who is known as the Father of video games ?,A. Karl Bens,B. Ralph H. Bear,C. Karoline Berliner,D. Andrew Smith Bernard,B. Ralph H. Bear
"All of the following are Amir Khusro,s creation except ?",A. Ahsika,B. Tutinama,C. Laila Majnu,D. Nuh Sipir,B. Tutinama
Who is called the Frontier Gandhi ?,A. Khan Abdul Ghaffar Khan,B. Zulfiqar Bhutto,C. Manmohan Singh,D. Muhammad Ali Jinnah,A. Khan Abdul Ghaffar Khan
Nepal’s first woman President was__________ ?,A. Vidya Devi Bhandari,B. Aishwarya Laxmi,C. Rita Sharma,D. Komal Bhandari,A. Vidya Devi Bhandari
Which of the following architect designed Indian Capital “New Delhi “?,A. Sir Edward Paul,B. Sir Edwin Lutyen,C. Sir Thomas Angel,D. Sir Richardson,B. Sir Edwin Lutyen
Who is credited for building the Great Wall of China ?,A. Fa Hien,B. Yubang Tou,C. Hiung Tsang,D. Qin Shi Huang,D. Qin Shi Huang
Who among the following is the author of Sri Lanka’s national anthem ?,A. Srijavo Bandarnaike,B. Matilda Pakshah,C. Ananda Samarkone,D. Gotabaya Rajapaksha,C. Ananda Samarkone
Name the first civilian president of Myanmar ?,A. Myint Sewie,B. Thein Sein,C. Huang Hye,D. Htin Kway,D. Htin Kway
Construction of the Burj Khalifa began in____________?,A. 2004,B. 2005,C. 2006,D. None of these,A. 2004
Which country is the member of NATO?,A. Austria,B. Switzerland,C. Finland,D. Hungary,D. Hungary
Which country is not the member of NATO?,A. Estonia,B. Netherlands,C. Norway,D. Finland,D. Finland
The Five Eyes (FVEY) is ______ alliance?,A. Economic,B. Political,C. Military,D. Intelligence,D. Intelligence
"Australian, UK, USA, Canada and _______ are the members of Five Eyes Group of Countries?",A. Mexico,B. Brazil,C. Japan,D. New Zealand,D. New Zealand
Which country is the member of Five Eyes group of countries?,A. Australia,B. India,C. China,D. Russia,A. Australia
The Arabian Sea is also called as__________?,A. Sindhu Sagar,B. Arab Samundra,C. Erythraean Sea,D. Akhzar Sea,E. All of them
‘Aksai Chin’ is a disputed area between _______ and _______?,A. China and India,B. China and Pakistan,C. India and Pakistan,D. India and Nepal,A. China and India
The International Narcotics Control Board (INCB) was established in which year?,A. 1950,B. 1945,C. 1968,D. 1975,C. 1968
There are __________ Sustainable development Goals of United Nations?,A. 15,B. 17,C. 12,D. 13,B. 17
Al Ghazzali was born in the year _______ ?,A. 1058,B. 1059,C. 1060,D. 1061,A. 1058
Which was the first country to legalise euthasia (physician-assisted suicide) ?,A. Netherlands,B. Germany,C. Switzerland,D. Brazil,A. Netherlands
Aegean Sea is located in between these two peninsulas?,A. Arabian Peninsula & Iberian Peninsula,B. Iberian Peninsula & Balkan Peninsula,C. Balkan Peninsula & Anatolia Peninsula,D. Anatolia Peninsula & Iberian Peninsula,C. Balkan Peninsula & Anatolia Peninsula
“shock and awe” was the name of USA’s war against _____ in 2003,A. Iraq,B. Afghanistan,C. Vietnam,D. None of these,A. Iraq
Strait connecting the Black Sea and the Sea of Azov is___________?,A. Palk Strait,B. Cook strait,C. Bosphorous strait,D. Kerch strait,D. Kerch strait
During which battle were tanks first employed?,A. Battle of Trafalgar,B. Battle of the Somme,C. Battle of Waterloo,D. None of these,B. Battle of the Somme
Which country built a stadium called ” Birds Nest Stadium ” for Olympics 2008 ?,A. China,B. UK,C. India,D. USA,A. China
"Mount Semeru, an active volcano, located in__________ ?",A. Australia,B. Indonesia,C. Philippines,D. Denmark,B. Indonesia
Which European city is called as the European Jerusalem ?,A. Madrid,B. Rome,C. Sarajevo,D. Granada,C. Sarajevo
The world heritage site Pashupatinath temple is located at__________ ?,A. Multan,B. Delhi,C. Khatmandu,D. Kabul,C. Khatmandu
What was the old name of Singapore?,A. Ceylon,B. Temasek,C. Nippon,D. Bohemia,B. Temasek
"‘QUAD’ is a group of four countries: India, United States, Japan and ?",A. Russia,B. Australia,C. China,D. New-Zealand,B. Australia
Who is the first democratically elected female President of Africa ?,A. Kristine Chapel,B. Opera Winfrey,C. Ellen Johnson Sirleaf,D. Katie Kristie Sirleaf,C. Ellen Johnson Sirleaf
The first democratically elected female President of Africa is from which country ?,A. Tanzania,B. Uganda,C. Liberia,D. Djoboty,C. Liberia
‘World Sustainable Development Summit’ is organized by which institution ?,A. Green Peace,B. World Economic Forum,C. The Energy & Resource Centre,D. United Nation Development Programme,C. The Energy & Resource Centre
Which country allowed women into three sports stadium for the first time from 2018?,A. Iran,B. Egypt,C. Bolivia,D. Saudi Arabia,D. Saudi Arabia
Where is the headquarters of Caribbean Community (CARICOM) ?,A. West-Indies,B. Guyana,C. Namibia,D. Ethopia,B. Guyana
Which country is not the member of QUAD Countries Group?,A. India,B. USA,C. JAPAN,D. UK,D. UK
Which city is believed to be the oldest inhabited city of Europe?,"A. Athens, Greece","B. Saint Petersburg, Russia","C. Plovdiv, Bulgaria","D. Sibiu, Romania","C. Plovdiv, Bulgaria"
"Vlad the Impaler popularly known as Dracula, was the ruler of which country?",A. Serbia,B. Romania,C. Argentina,D. Austria,B. Romania
Which country was the first to be declared an atheist state?,A. Greece,B. Albania,C. Croatia,D. Portugal,B. Albania
Which Country has built the world’s Longest Cantilever?,A. Singapore,B. United Kingdom,C. Dubai,D. Canada,C. Dubai
Teotihuacan Pyramids is located in which country ?,A. Egypt,B. Argentina,C. Mexico,D. Peru,C. Mexico
The State Hermitage Museum is located in which country ?,A. Spain,B. France,C. China,D. Russia,D. Russia
Borobudur Temple is located in which country ?,A. Egypt,B. Indonesia,C. Afghanistan,D. United Arab Emirate,B. Indonesia
In which country the world’s tallest sandcastle has been built  ?,A. Germany,B. Saudi Arabia,C. Afghanistan,D. United Arab Emirate,A. Germany
Who was the architect of “Taj Mahal” ?,A. Ustad Allah Baksh,B. Ustad Ahmad Lahouri,C. Norman Volvak,D. Henry Irwin,B. Ustad Ahmad Lahouri
The World’s largest and deepest rail tunnel Gotthard Base Tunnel is located in which country?,A. Denmark,B. Sweden,C. Switzerland,D. United States,C. Switzerland
Which of the following Sikh Guru laid the foundation of Amritsar ?,A. Guru Gobind Singh,B. Guru Hari Singh,C. Guru Amar Das,D. Guru Ram Das,D. Guru Ram Das
Who was the first female Prime Minister of Canada ?,A. Srimavo Bandernaike,B. Kim Campbell,C. Margaret Thatcher,D. Golda Meir,B. Kim Campbell
Who is known as ‘ Little Corporal ‘ ?,A. Mahtma Gandhi,B. Francis Moody,C. Napoleon Bonaparte,D. Adolf Hitler,C. Napoleon Bonaparte
Who among the following persons is called ‘ Desert Fox ‘ ?,A. Eisenhower,B. Walter Scott,C. Erwin Rommel,D. Price Bismark,C. Erwin Rommel
Who is the author of the book “My experiments with truth”?,A. M. K. Gandhi,B. Shakespeare,C. K. M. Munshi,D. None of these,A. M. K. Gandhi
World no Tobacco Day is observed on ________ every  year.,A. 12May,B. 22 May,C. 31 May,D. None of these,C. 31 May
Arab spring is a series of political revolutions started in________?,A. 2010,B. 2011,C. 2012,D. None of these,A. 2010
Who attacked Afghanistan in 1979?,A. US,B. Taliban,C. Iran,D. Soviet Union,D. Soviet Union
Which one is the world coldest desert ?,A. Sahara Desert,B. Gobi Desert,C. Antarctic Desert,D. Thar Desert,C. Antarctic Desert
The famous poem ‘Twinkle Twinkle Little Star’ is written by________ ?,A. William Shakespeare,B. Jane Taylor,C. Charles Dickens,D. Jane Austin,B. Jane Taylor
The first letter of the Greek alphabet is_________?,A. Alpha,B. Beta,C. Gamma,D. Delta,A. Alpha
The last letter of the Greek alphabet is_________?,A. Apha,B. Beta,C. Gamma,D. Omega,D. Omega
The biggest market of Pakistan export and import is__________?,A. UK,B. USA,C. China,D. Saudi Arabia,B. USA
Mauritius is island state in the ________ ?,A. Indian Ocean,B. Pacific Ocean,C. Atlantic Ocean,D. None of them,A. Indian Ocean
ZIANA’ is the news agency of_______ ?,A. Sri Lanka,B. West Indies,C. Zimbabwe,D. Norway,C. Zimbabwe
Mother name of Babar was__________?,A. Qutlugh Nigar Khanum,B. Ansha Nigar,C. Noor Nisa Nigar,D. None of these,A. Qutlugh Nigar Khanum
Total countries in Middle East are_________?,A. 14,B. 16,C. 17,D. None of these,C. 17
The height of Gorakh hill station is__________?,"A. 5,688 ft","B. 5,687 ft","C. 5,689 ft","D. 5,686 ft","C. 5,689 ft"
First police force was established in __________ ?,A. London,B. Paris,C. Brussels,D. None of these,B. Paris
Most widely Spreaded computer virus was ________ ?,A. I love you,B. I hate you,C. Oracle,D. None of these,A. I love you
In which country the world’s oldest Democracy is in effect.,A. United Kingdom,B. France,C. Greece,D. Spain,C. Greece
Maximum hockey world Cups won by which country?,A. India,B. Pakistan,C. United Statesd,D. Spain,B. Pakistan
__________ is the first black woman elected in the U.S Congress.,A. Kamala Harris,B. Shirley Chisholm,C. Louis Bleriot,D. None of these,B. Shirley Chisholm
Which is the capital of Peru?,A. Yerevan,B. Kingston,C. Lima,D. Tirana,C. Lima
Bridge Chenab is being constructed in ______ country?,A. China,B. Pakistan,C. India,D. None of these,C. India
The world’s highest railway bridge is being constructed on _________ river?,A. Indus,B. Jehlum,C. Ravi,D. Chenab,D. Chenab
Second Ozone hole in 2006 was discovered at___________ ?,A. Antarctica,B. Brazil,C. China,D. Tibet,D. Tibet
La Tomatina ” Tomato fight ” is a festival celebrated in which country ?,A. Spain,B. USA,C. Brazil,D. Denmark,A. Spain
Onion Eating Festival is celebrated in which country ?,A. Brazil,B. Argentina,C. Spain,D. Peru,C. Spain
Which ocean surrounds Antarctica ?,A. Pacific Ocean,B. Indian Ocean,C. Atlantic Ocean,D. All of these,D. All of these
Greece and Italy are seperated by which sea ?,A. Red Sea,B. Middeteranian Sea,C. Marmara Sea,D. None of these,B. Middeteranian Sea
“Christmas Island” is located in which ocean ?,A. Pacific Ocean,B. Arctic Ocean,C. Atlantic Ocean,D. Indian Ocean,D. Indian Ocean
The “Jigme Dorji National Park” is located in which country ?,A. Myanmar,B. Bhutan,C. China,D. Japan,B. Bhutan
UNESCO’S included which Japanese Island in World Heritage Site list in July 2017?,A. Honshu Island,B. Okinoshima Island,C. Kyushu Island,D. Kamome Island,B. Okinoshima Island
Where is the “Chain of Rocks canal” located ?,A. Virginia,B. New York,C. California,D. Illinois,D. Illinois
"Tokyo, the capital of japan is situated in the island of__________?",A. Honshu,B. Kyushu,C. Kyodo,D. Hokkaidu,A. Honshu
Famous city of Limerick is found in which country ?,A. USA,B. Italy,C. Ireland,D. England,C. Ireland
France and Spain are separated by which mountain ?,A. Andes,B. Jura,C. Pyrenees,D. Vosgos,C. Pyrenees
Where is the secretariat office of Birdlife International?,A. Afghanistan,B. Brazil,C. UK,D. Peru,C. UK
"Thailand,s capital “Bangkok” lies on which river ?",A. Spree,B. Yangtze,C. Chao Phraya,D. None of these,C. Chao Phraya
A village called ” Abu Simbel” is located in which country ?,A. Saudi Arabia,B. Turkey,C. Egypt,D. None of these,C. Egypt
"The dwarf camels, known as Alpacas , Vicunas and llamas are found in_________ ?",A. Afghanistan,B. Brazil,C. Tibet,D. Japan,C. Tibet
“Amur River” one of the tenth longest rivers in the world is in which continent ?,A. Asia,B. Africa,C. Europe,D. Arctic,A. Asia
Northern and southern US states are divided by which line ?,A. Mannerheim line,B. Radclif line,C. Mason Dixon line,D. 49th parallel line,C. Mason Dixon line
50% of global coal reserves are owned by which two countries ?,A. USA & Russia,B. Russia & China,C. UK & Russia,D. USA & China,A. USA & Russia
Book “Dear Mr. Jinnah” is authored by____________?,A. Fatima jinah,B. Liaqat Ali khan,C. Allama Iqbal,D. None of these,B. Liaqat Ali khan
"“Promise Me, Dad: A Year of Hope, Hardship, and Purpose” is book written by____________?",A. Donalid Trump,B. Imran Khan,C. Joe Biden,D. Obama,C. Joe Biden
Gland is city of __________?,A. New Zealand,B. Switzerland,C. Thailand,D. France,B. Switzerland
A ‘Guinness World record’ holder for the 7th speediest poetry writing in the world in 1997:,A. Ahmed Faraz,B. Dr. Rehan Azmi,C. Faiz Ahmed Faiz,D. None of these,B. Dr. Rehan Azmi
“Medieval India under Mohammedan Rule (712-1764)” written by____________?,A. Stanley Lane Poole,B. Stanley Lockheart,C. Stanley Wolpert,D. None of these,A. Stanley Lane Poole
Napa valley in California is famous for__________?,A. Wine,B. Leather,C. Textile,D. Mangoes,A. Wine
The Headquarters of the International Tropical Timber Organization is located at_________?,A. Yokohama,B. Delhi,C. Algeirs,D. Jakarta,A. Yokohama
Name the highest peak of Antarctica?,A. Mount Logan,B. Mount Ninja,C. Mount Vinson,D. Mount McKinly,C. Mount Vinson
Where is Hambantota Port located ?,A. India,B. Sri-Lanka,C. Bangladesh,D. None of these,B. Sri-Lanka
Mount Damavand is the highest peak of which country ?,A. Azerbaijan,B. Belarus,C. Iran,D. Iraq,C. Iran
What was the former name of Ho Chi Minh city ?,A. Senegal,B. Saigon,C. Cylon,D. Yuba,B. Saigon
On which river is Washington DC situated ?,A. Missisippi River,B. Lena River,C. Potomac River,D. Roe River,C. Potomac River
Which ocean is having the widest continental shelf ?,A. Atlantic Ocean,B. Arctic Ocean,C. Pacific Ocean,D. Indian Ocean,B. Arctic Ocean
The Westminster parliamentary system was developed by which country ?,A. USA,B. UK,C. USSR,D. None of these,B. UK
Mount ST. Helens is an ‘active stratovolcano’ located in which country ?,A. America,B. Brazil,C. Canada,D. None of these,A. America
World famous Kaieteur Falls is situated on which river ?,A. Missisippi River,B. Roe River,C. Indus River,D. Potaro River,D. Potaro River
Potaro River is located in which country ?,A. Kenya,B. Ghana,C. Guyana,D. Zambia,C. Guyana
Which of the following lake lies on Equator ?,A. Lake Erie,B. Lake Victoria,C. Lake Titica,D. Lake Manchar,B. Lake Victoria
Loess Plateau is situated in which country ?,A. Albania,B. Brazil,C. China,D. Denmark,C. China
Which of the following regions receives rainfall throughout the year ?,A. Equatorial,B. Midditeranian,C. Arctic,D. Tundra,A. Equatorial
The popular “Yankee Stadium” in USA is located in which city ?,A. Virginia,B. California,C. Washington,D. New-York,D. New-York
“Kilauea volcano” is located in which country ?,A. Japan,B. China,C. Indonesia,D. Hawaii,D. Hawaii
Nobel museum is found in which city ?,A. Oslo,B. Stockholm,C. Bern,D. Geneva,B. Stockholm
What is the longest canal in the world ?,A. Grand Canal of China,B. Gota Canal of Sweden,C. Erie Canal USA,D. Suez Canal,A. Grand Canal of China
World’s longest 3D printed concrete bridge is located in_________?,A. Russia,B. Japan,C. China,D. India,C. China
Which is the longest railway platform in the world?,"A. Hyderabad, India","B. Hill Station, USA","C. Landi Kotal,Pakistan","D. Gorakhpur, India","D. Gorakhpur, India"
The country with longest coastline in the world is____________?,A. USA,B. Canada,C. Russia,D. China,B. Canada
What is the theme of 2021 International Women’s Day?,A. Women in the Changing World of Work: Planet 50-50 by 2030,B. I am Generation Equality: Realizing Women’s Rights,C. Choose to Challenge,"D. Empowering Women, Empowering Humanity: Picture it",C. Choose to Challenge
International Women Year Observed by UNO in _________?,A. 1974,B. 1975,C. 1976,D. 1977,B. 1975
Scientific study of the Algae is known as ___________?,A. Phycology,B. Pomology,C. Oneriology,D. Trichology,A. Phycology
The Scientific Study of Caves are know as _________ ?,A. Haematology,B. Speleology,C. Oology,D. Oneriology,B. Speleology
Disappointment island is in which Ocean?,A. Pacific Ocean,B. Arctic Ocean,C. Indian Ocean,D. Atlantic Icean,A. Pacific Ocean
where is disappointment island located?,A. Switzerland,B. Indonesia,C. New Zealand,D. None of Above,C. New Zealand
The scientific study of spiders is called __________ ?,A. Arachnology,B. Osteology,C. Pomology,D. None of these,A. Arachnology
Scientific study of brain is know as ___________ ?,A. Encephalology,B. Geology,C. Philosophy,D. None of these,A. Encephalology
Scientific study of Eyes is known as ____________ ?,A. Encephology,B. Trichology,C. Opthalmology,D. None of these,C. Opthalmology
Planned Completion year of One Belt One Road ( OBOR ) is ____________?,A. 2025,B. 2030,C. 2040,D. 2049,D. 2049
which is the capital of Chechnya?,A. Yerevan,B. Kingston,C. Grozny,,C. Grozny
FATF was established by G-7 summit held in ________ on 1989?,A. London,B. Brussels,C. Paris,D. Washington,C. Paris
When is the commonwealth day observed by its member countries ?,"A. March, 24","B. April, 26","C. May, 24",D. None of these,"C. May, 24"
Which organs of the United Nations elects judges of the International court of Justice ?,A. General Assembly alone,B. Economic & Social council,C. Security Council & General Assembly,D. Trusteship Council & General Assembly,C. Security Council & General Assembly
How many member countries did the UNO had on its formation in 1945 ?,A. 45,B. 47,C. 49,D. 51,D. 51
"Bread for the poverty and hunger in the world, is based in ?",A. Geneva,B. Moscow,C. Beijing,D. Washington,D. Washington
The headquarter of World Anti-Doping Agency formed in 1999 is located at ?,A. Geneva,B. Washington,C. Montreal,D. Brussels,C. Montreal
P-5 is a group of which organization ?,A. Permanent members of WTO,B. Permanent member of UN security council,C. Pemnanent members of UNESCO,D. None of the above,B. Permanent member of UN security council
When was Bank of Central African State headquartered in Cameron was formed ?,A. 1971,B. 1972,C. 1973,D. 1974,B. 1972
Headquarters of the UN industrial Development Organization is based in__________?,A. Vienna,B. Geneva,C. Paris,D. Bern,A. Vienna
Where is the headquaters of African Development Bank located ?,"A. Addis Abada, Ethopia","B. Winhoek, Namibia","C. Abidjan, Ivory Coast","D. Nairobai, Kenya","C. Abidjan, Ivory Coast"
Charter of Economic rights was adopted by United Nations in the year ?,A. 1974,B. 1969,C. 1973,D. 1968,A. 1974
Which European Country provide its currency for Bank of Central African states ?,A. USA,B. UK,C. Germany,D. France,D. France
The International criminal Police Organisation has its headquaters at ?,A. Rome,B. Paris,C. Lyon,D. Geneva,C. Lyon
International Bureau of Education is a part of which organization ?,A. UNESCO,B. UNCTAD,C. UNDP,D. World Bank,A. UNESCO
The headquarter of World Meterological Organisation is based in which country?,"A. Washington, USA","B. Geneva, Switwerland","C. Berlin, Germany","D. Delhi, India","B. Geneva, Switwerland"
When was World Meterological Organisation estabilished?,A. 1945,B. 1918,C. 1950,D. 1991,C. 1950
Which of the following country is NOT a member of the ‘Indian Ocean Rim Association (IORA)?,A. India,B. Pakistan,C. Sri-Lanka,D. Mozambique,B. Pakistan
World Investment Report is published by which organizations?,A. UNDP,B. UNESCO,C. UNCTAD,D. WIPO,C. UNCTAD
The United Nations Green Climate Fund is Headquartered in which country?,A. USA,B. Canada,C. Republic of Korea,D. None of these,C. Republic of Korea
“Global Competitiveness Report” is released by which of the following organization?,A. World Economic Forum (WEF),B. World Trade Organization (WTO),C. SAARC,D. None of these,A. World Economic Forum (WEF)
International Organization for Migration Headquarters is located in which city?,A. Paris,B. Rome,C. Geneva,D. Jakarta,C. Geneva
Where is the headquarters of the World Customs Organization (WCO) located?,A. Paris,B. Lyon,C. Brussels,D. Geneva,C. Brussels
which bird does not make its nest?,A. Crow,B. Eagle,C. Sparrow,D. Cuckoo,D. Cuckoo
"South Pacific Nuclear Free Zone Treaty was signed by the United States of America,  United Kingdom and_________ ?",A. Soviet Union,B. China,C. France,D. Germany,C. France
"which country Set world record by planting 541,176 saplings in a single day which has been duly recorded in the Guinness Book of world record in 2009?",A. China,B. Canada,C. Pakistan,D. United States of America,C. Pakistan
Who was the first Chairman of the SAARC ?,A. Indira Gandhi,B. Zia ur Rehman,C. Hussain Muhammad Ershad,D. Zulfiqar Ali Bhutto,C. Hussain Muhammad Ershad
Which River is called ‘The Sorrow of the Bengal’ ?,A. Ratna river,B. Soan River,C. Damodar River,D. Huran River,C. Damodar River
Name the first Mughal building with complete marble facing ?,"A. Humayun,s Tomb",B. Taj Mahal,C. Moti Masjid,D. Lal Qila,"A. Humayun,s Tomb"
‘Global 500’ awards are given for the outstanding achievement in which of the following field ?,A. Population control,B. Protection of environment,C. Elimination of corruption,D. Drug free society,B. Protection of environment
Wellington Trophy is related to which game ?,A. Hockey,B. Tennis,C. Rowing,D. Swimming,C. Rowing
Which Mughal King ordered to translate famous Hindu books “Ramyana and Mahabharta” in Persian language ?,A. Jalal uddin Akbar,B. Zahiruddin Babar,C. Aurangzeb Alamgir,D. Shah-jahan,A. Jalal uddin Akbar
The bird which lays more than 100 eggs in one nest is___________ ?,A. Kiwi,B. Ostrich,C. Owl,D. Parrot,B. Ostrich
Term Chinaman is related to which sports ?,A. Football,B. Cricket,C. Hockey,D. Volleyball,B. Cricket
Duncan Strait is situated in which Ocean ?,A. Pacific Ocean,B. Indian Ocean,C. Arctic Ocean,D. Atlantic Ocean,B. Indian Ocean
Which country is closest to Andaman Islands ?,A. Pakistan,B. India,C. Myanmar,D. Sri-Lanka,C. Myanmar
Largest producer of wool in the world ?,A. India,B. Pakistan,C. Brazil,D. Australia,D. Australia
Pink dolphins are found in _______ River?,A. Nile River,B. Gengis River,C. Amazon  River,D. Indus River.,C. Amazon  River
Fredrick Sanger has received the Noble Prize twice for which subjects ?,A. Chemistry & Physics,B. Biology & Physics,C. Chemistry only,D. Physics only,C. Chemistry only
"Uzbekistan, Turkemanistan & Gergia became members of UNO in which year ?",A. 1990,B. 1991,C. 1992,D. 1993,C. 1992
Worlds fastest shorthand writer is _________?,A. Jm Tagore,B. JS Birla,C. GD Bist,D. JS Mill,C. GD Bist
Obama was awarded with Noble Prize for peace in ________ ?,A. 2009,B. 2010,C. 2011,D. 2012,A. 2009
“Plague” is a disease which spreads by ______ ?,A. Rat,B. Cat,C. Bat,D. parasitic insect,D. parasitic insect
Name the highest Battlefield in the world?,A. Jafana,B. Tibet,C. The Siachen Glacier,D. None of these,C. The Siachen Glacier
In which state of Maynmar Rohingya Muslims were killed by Buddhists ?,A. Kayin state,B. Rakhine state,C. Chin state,D. None of These,B. Rakhine state
Cyril Radcliff was a ________ by profession?,A. Doctor,B. Engineer,C. Writer,D. Lawyer,D. Lawyer
Which civilization is considered to be the oldest civilization of the world?,A. Phrygia civilization,B. Sumerian civilization,C. Elam civilization,D. Urartu civilization,B. Sumerian civilization
Largest producer of onions is _____________?,A. Russia,B. USA,C. China,D. India,C. China
Ms. Kim Campbell was the first woman prime minister of___________?,A. France,B. Germany,C. Canada,D. None of these,C. Canada
The novel ” Sowrd of Tipu Sultan ” was written by __________?,A. K.M Munshi,B. Leo Tolstoy,C. Bhagwan S. Gidwani,D. None of these,C. Bhagwan S. Gidwani
who is the author of ” Nineteen Eighty-four ” ?,A. Shakespeare,B. George Orwell,C. R.k laxman,D. None of these,B. George Orwell
First Agriculture University of Pakistan is_________?,"A. University of Agriculture, Faisalabad","B. University of Agriculture, Peshawar","C. University of Agriculture, Multan",D. None of these,"A. University of Agriculture, Faisalabad"
CIA intelligence agency of USA was established in___________?,A. 1943,B. 1944,C. 1945,D. 1947,D. 1947
The First Android Mobile Launched in Which year?,A. September 2007,B. September 2008,C. September 2009,D. September 2010,B. September 2008
The highest navigable lake in the world is:__________?,A. Lake Victoria,B. Titicaca Lake,C. Haleji Lake,D. None of these,B. Titicaca Lake
What is the Name of Google’s Parent Company?,A. Alphabet Inc,B. Amazon,C. The Priceline Group,D. None of these,A. Alphabet Inc
Where did the 1896 Olympics take place?,A. Germany,B. France,C. Athens (Greece Capital),D. None Of These,C. Athens (Greece Capital)
World biodiversity day is celebrated on:_________?,A. Mar-21,B. March-2,C. Apr-22,D. May-22,D. May-22
International day of forest is celebrated on___________?,A. Mar-3,B. Mar-15,C. March-21,D. None of the above,C. March-21
Who made Islamabad the capital of Pakistan?,A. Sikander Mirza,B. Zulfiqar Ali Bhutto,C. Ayub Khan,D. Zia-ul-Haq,C. Ayub Khan
John Logie Baird is known for his invention of_________?,A. Mobile Phone,B. Laptop,C. Television,D. Radio,C. Television
The Paris agreement of the United Nations Framework Convention on Climate Change is to limit global warming well below:,A. 1.5 °C,B. 2.0 °C,C. 2.5 °C,D. None of these,B. 2.0 °C
Which mountain is called  “Chogori” and “Savage Mountain”?,A. Mount Everest,B. Nanga Parbat,C. K2,D. Trichmir,C. K2
"In 2019, in which country there was a widespread protest against an Extradition Amendment Bill?",A. Venezuela,B. Sri Lanka,C. Hong Kong,D. Taiwan,C. Hong Kong
"The recent leap year, where February has/had 29 days, is/was:__________?",A. 2017,B. 2018,C. 2019,D. 2020,D. 2020
"Currently, about how much world’s goods trade (by volume) is carried on ships?",A. 20%,B. 60%,C. 80%,D. None of these,C. 80%
Sam Walton was the founder of_________?,A. Uber,B. WeChat,C. Walmart,D. None of these,C. Walmart
Which is the solidarity day with Palestinians?,A. 29th November,B. 27 November,C. 25 November,D. None of these,A. 29th November
___________is known as Baba-e-Ghazal of Pashto?,A. Rahman Baba,B. khushal Khan khattak,C. HAMZA Baba,D. Israr Atal,C. HAMZA Baba
Hail storm occurs in summer season due to the formation of clouds called :___________?,A. Cirrus,B. Cumulus,C. Cumulonimbus,D. Curriculum,C. Cumulonimbus
The world’s longest glacial system outside the polar regions (the Biafo Glacier) is located in__________?,A. America,B. Canada,C. Iceland,D. Pakistan,D. Pakistan
Which organ of the United Nations has ceased its operations?,A. Trusteeship Council,B. International Court of Justice,C. The Secretariat,D. Economic Council,A. Trusteeship Council
What is the Currency of North Korea?,A. Franc,B. leu,C. shilling,D. Won,D. Won
OIC changed its name from Organisation of the Islamic Conference to Organisation of Islamic Cooperation in _________.,A. 1991,B. 1999,C. 2001,D. 2011,D. 2011
Which of the the following is considered as 8th Continent?,A. New Zealand,B. West Asia,C. Zealandia,D. None of these,C. Zealandia
Which is the sixth most populated country of the world?,A. India,B. Brazil,C. Pakistan,D. None of them,B. Brazil
The first news paper in the world was started by____________?,A. China,B. Japan,C. Usa,D. Uk,A. China
Who is the author of “Raqqat-e-Alamgiri” ?,A. Ishwar Das,B. Aurangzeb,C. Dara Shikhon,D. Mulla Daud,B. Aurangzeb
Who is the author of Khulasat-ul-Tawarikh ?,A. Sujan Raj Khatri,B. Abdul Hamid Lahori,C. Inyat Khan,D. Abul Fazl,A. Sujan Raj Khatri
Who wrote biography of Humayun ?,A. Hindal,B. Kamran,C. Gulbadan Begum,D. None of theseRajia Sultana,C. Gulbadan Begum
The flag of Malaysia carries a crescent and a fourteen pointed star. What do the 14 points of the star represent:,A. Multiracial society of Malaysia,B. Multi linguistic nature of Malaysian society,C. Thirteen states and the Federal Government,D. None of these,C. Thirteen states and the Federal Government
Which city is called the City of Shaheens?,A. Lahore,B. Sargodha,C. Karachi,D. None of these,B. Sargodha
World Leprosy Day is observed internationally every year on ________ of January?,A. First Sunday,B. First Saturday,C. Last Sunday,D. Last Saturday,C. Last Sunday
The Karakoram is a mountain range present in____________?,A. India,B. Pakistan,C. China,D. all of these,D. all of these
Chile has the longest shore along____________?,A. Atlantic Sea,B. Black Sea,C. Mediterranean Sea,D. Pacific Ocean,D. Pacific Ocean
The largest section of the Kurd population is living in___________?,A. Iraq,B. Iran,C. Turkey,D. Syria,C. Turkey
Where is Louvre Art gallery located?,A. Germany,B. France,C. England,D. None of these,B. France
Who is the first person to walk in the space in 1965?,A. Yuri Gagarin,B. Neil Armstrong,C. Tereskova,D. Alexel Leonov,D. Alexel Leonov
Which among the following are known as E3?,"A. France, Spain, UK","B. Germany, Austria, UK","C. Poland, Germany, Greece","D. France, Germany, Italy","D. France, Germany, Italy"
‘Forint’ is the currency of which country?,A. Hungary,B. Haiti,C. Argentine,D. None of these,A. Hungary
“Tanjug” is the news agency of which country?,A. Ghana,B. Cyprus,C. Portugal,D. Serbia,D. Serbia
Which of the following statement is correct regarding the Korean War 1950-53 ?,A. USSR backed North Korea,B. US remained neutral,C. War was initiated by South Korea,D. All of these,A. USSR backed North Korea
Which city of Pakistan called City of Colleges?,A. Karachi,B. Lahore,C. Islamabad,D. Peshawar,B. Lahore
How many people walked on moon’s surface as of 2021?,A. 2,B. 4,C. 12,D. None of these,C. 12
Where is the International Thermonuclear Experimental Reactor (ITER) situated?,"A. Shanghai, China","B. Palo Alta, USA","C. Cadarache, France","D. Santiago, Chile","C. Cadarache, France"
Renaissance of sciences was written by __________ ?,A. Al farabi,B. Karl Marx,C. Al Ghazali,D. Thomas hobbes,C. Al Ghazali
Why are there always crushed stones near railway tracks ?,A. The stones did not allow vegetation to grow on railway tracks.,B. To keeps water from reaching the track on a regular basis & softening the ground.,"C. To hold the wooden cross ties in place, which in turn hold the rails in place.",D. All of the these,D. All of the these
When Turbat University was found?,A. 2012,B. 2013,C. 2014,D. None of these,A. 2012
The worlds longest mountain range is___________?,A. The Andes,B. The Alps,C. Karakoram,D. None of these,A. The Andes
Who is known to the father of geography?,A. Aristotle,B. Herodotus,C. Erastosthenes,D. None of these,C. Erastosthenes
What is the new height of Mount Everest?,"A. 8841.0m (29,006)","B. 8848.86m (29,032 ft)","C. 8856.74m (29,057)",D. None of these,"B. 8848.86m (29,032 ft)"
Jamal Ahmad Khashoggi was a columnist for _______?,A. The New York Times,B. The Mirror,C. World Time,D. The Washington Post,D. The Washington Post
Name of the Indian Prime Minister who won Pakistan’s highest civilian award “Nishan-e-Pakistan”,A. Atal Bihari Vajpayee,B. Manmohan Singh,C. Morarji Desai,D. None of these,C. Morarji Desai
How many Indians have got Pakistan’s Highest Civil Award known as “Nishan-e-Pakistan”,A. 1,B. 2,C. 3,D. None of these,A. 1
River Nile flows mainly through which city?,A. Tripoli,B. Damascus,C. Cairo,D. None,C. Cairo
Where is the pyramid of Giza situated?,A. Egypt,B. Sudan,C. France,D. None,A. Egypt
Which is the national tree of japan?,A. Sugi,B. Deode,C. Olive,D. None of these,A. Sugi
Astola Island is located in____________?,A. Sindh,B. Balochistan,C. Punjab,D. KPK,B. Balochistan
The millennium Development Goal (MDGs) were adopted in 2000. How many goals were identified in the MDG’s ?,A. 8,B. 9,C. 10,D. 12,A. 8
Genghis Khan founded the__________?,A. Mongol Empire,B. Lodi dynasty,C. Mughal empire,D. None of these,A. Mongol Empire
Great Dividing Range mountain is in_________?,A. Asia,B. Atlantica,C. Europe,D. Australia,D. Australia
Bonn agreement was signed in the Bonn city of Germany on__________ for the re-creation and re-establishment of Afghanistan following the US invasion?,"A. 5 Dec , 2000","B. 5 Nov, 2001","C. 5 Dec, 2001","C. 11 Sept , 2011","C. 5 Dec, 2001"
The Country through which both equator abd Tropic of Capricorn passes is?,A. New Zealand,B. Brazil,C. Norway,D. Australia,B. Brazil
Shah Burj was constructed by which Mughal Empror?,A. Aurangzeb,B. Jahangir,C. Shah Jahan,D. Babar,C. Shah Jahan
Shah Burj gate is located in____________?,A. Islamabad,B. Lahore,C. Karachi,D. Faislabad,B. Lahore
Per Capital GDP per Year in Bahrain ?,"A. 17,699","B. 23,710","C. 49,799",D. None of these,"B. 23,710"
Capital and Largest City of Bahrain is_________?,A. Sitra,B. Muharraq,C. Manama,D. None of these,C. Manama
Who became world’s richest person in 2021?,A. Jeff Bezos,B. Elon Musk,C. Bill Gates,D. Bernard Arnault,B. Elon Musk
Iranian parliament is also called___________?,A. Majlis,B. The Islamic consultative assembly,C. Majlis e Shoora,D. Both A and B,D. Both A and B
NASDAQ is the stock exchange of __________?,A. Germany,B. London,C. America,D. None of these,C. America
Which two countries are involved in the implementation of the Kohala Hydroelectric Power project?,A. India and China,B. India and Pakistan,C. Pakistan and China,D. India and Bangladesh,C. Pakistan and China
Which is smallest district of Pakistan by area?,A. Multan,B. Karachi Central,C. Rahim yar Khan,D. None of these,B. Karachi Central
Three-century-old heritage site (mosque) KHUDABAD is present in which city of Sindh?,A. Dadu,B. Karachi,C. Khairpur,D. Umarkot,A. Dadu
Turkish parliament is also called___________?,A. National Assembly,B. Türkiye Büyük Millet Meclisi,C. Grand National Assembly,D. Both B and C,D. Both B and C
When Alexander invade the India?,A. 552 BC,B. 326 BC,C. 44 BC,D. None of these,B. 326 BC
"When 7.7 Magnitude of Earthquake occurred in Awaran, district of Balochistan?",A. 2012,B. 2013,C. 2014,D. None of these2015,B. 2013
"Name the Indian Prime minister, who was awarded Nisan-e- Pakistan?",A. Lal Bahadur Shashtri,B. Sonia Gandhi,C. Morarji Ranchhodji Desai,D. Narendra Modi,C. Morarji Ranchhodji Desai
Gulf cooperation council was originally formed by____________?,"A. Bahrain, Kuwait, Oman, Qatar, Saudi Arabia and United Arab Emirates",B. Second World Nations,C. Third World Nations,D. Fourth World Nations,"A. Bahrain, Kuwait, Oman, Qatar, Saudi Arabia and United Arab Emirates"
How many Countries are members of Gulf Cooperation Council (GCC)?,A. 4,B. 6,C. 8,D. None of these,B. 6
Name The Mughal Empire Who Died in 1556 after falling from stairs?,A. Shah Jahan,B. Humayun,C. Jalal-ud-Din Akbar,D. None of these,B. Humayun
The total length of India-Pakistan border is __________ kilometres?,A. 2100,B. 2400,C. 2600,D. None of these,A. 2100
FIH (International Hockey Federation) was founded in which year ?,A. 1922,B. 1920,C. 1921,D. 1924,D. 1924
“Titan” is satellite of___________?,A. Saturn,B. Venus,C. Jupiter,D. Neptune,A. Saturn
World Braille Day celebrated on__________?,A. January 2nd,B. January 3rd,C. January 4th,D. None of these,C. January 4th
38th Parallel line is the boundary line between____________?,A. USA – Canada,B. Iraq – Iran,C. China – Japan,D. North Korea – South Korea,D. North Korea – South Korea
How many Caribbean countries are there?,A. 25,B. 26,C. 27,D. 28,B. 26
Which of the following country host most refugees?,A. Pakistan,B. Turkey,C. Jordan,D. Lebanon,B. Turkey
Which of the following is Tricontinental Country?,A. chad,B. Chile,C. Mali,D. Swaziland,B. Chile
Office of strategic service (OSS) was the old name of which Intelligence agency?,A. MI6,B. CIA,C. ISI,D. N.O.T,B. CIA
When Government College Lahore got the status of university,A. 2002,B. 2004,C. 2006,D. 2008,A. 2002
CHENNAI is the new Name of__________?,A. MADRAS,B. AGRA,C. ALA ABAD,D. MINTO PARK,A. MADRAS
How many states does Malaysia have?,A. 12,B. 13,C. 14,D. 17,B. 13
In which year Smart Card (Smart National Identity Card) Issued in Pakistan?,A. 2010,B. 2011,C. 2012,D. 2014,C. 2012
Which of following is unitary State?,A. Pakistan,B. China,C. India,D. Both B and C,B. China
Famous fast food restaurant company “Burger King” belongs to which Country?,A. America,B. England,C. Turkey,D. None of these,A. America
Palm Jumeirah break the Guinness World Record for the largest fountain located in_________?,"A. Dubai, UAE","B. Abu Dhabi, UAE","C. Barcelona, Spain",D. None of these,"A. Dubai, UAE"
Israel-UAE ties diplomatic relation according to the accord?,A. Ibraham accord,B. David camp accord,C. Peace friendship accord,D. None of these,A. Ibraham accord
"Nawaz Sharif park, which was renamed as Allama Iqbal Park is located in__________?",A. Karachi,B. Lahore,C. Rawalpindi,D. Islamabad,C. Rawalpindi
The world’s first Photograph was taken in __________ ?,A. 1826,B. 1829,C. 1835,D. 1935,A. 1826
The first person to draw the map of earth?,A. Heraclitus,B. phythagoras,C. Anaximander,D. Thales,C. Anaximander
Who laid first step on the Moon?,A. LMP Edgar,B. CMP Stuart,C. Neil Armstrong,D. None of them,C. Neil Armstrong
Bastille day is celeberated in France every year on____________?,A. 14 may,B. 14 June,C. 14 July,D. 16 July,C. 14 July
What is the name of Chinese parliament?,A. National Assembly,B. National people’s Congress,C. Fedral parliament,D. All Of Above,B. National people’s Congress
Ogaden desert is present in__________?,A. Europe,B. Asia,C. Africa,D. America,C. Africa
Wadi Rum” which resemblance to the surface of Mars is located in__________?,A. Argentina,B. Israel,C. Jordan,D. Egypt,C. Jordan
“Nagorno-Karabakh” is a disputed region between?,A. Armenia and Turkey,B. Armenia and Azerbaijan,C. Azerbaijan and Turkey,D. Azerbaijan and Kazakhstan,B. Armenia and Azerbaijan
Borneo Island is in which Ocean?,A. Indian Ocean,B. Pacific Ocean,C. Arctic Ocean,D. Atlantic,B. Pacific Ocean
Which of the following is not tribal community of Africa?,A. Zulu,B. Maasai,C. San Bushmen,D. Lepcha,D. Lepcha
Which is the highest mountain of Africa?,A. Mt. Kilimanjaro,B. Mt. Kenya,C. Rocky Mountain,D. Colorado Mountain,A. Mt. Kilimanjaro
What is kimberly in Africa famous for?,A. Monument,B. Museum,C. National Park,D. Diamond,D. Diamond
Who said “Computers are useless. They can only give you answers.”?,A. Pablo Picasso,B. Georges Braque,C. Peter Drucker,D. None of these,A. Pablo Picasso
What country is the largest producer of corn?,A. China,B. US,C. Brazil,D. Nicaragua,B. US
Which card is used in BRT Peshawar?,A. Metro Card,B. Bus Card,C. BRT Card,D. ZU Card,D. ZU Card
The United Nations established the UN conference on trade and development in________?,A. 1963.,B. 1964,C. 1971,D. 1970,B. 1964
Where is Tiananmen Square located?,A. Pakistan Islamabad,B. Turkey ankara,C. Russia mosco,D. China Beijing,D. China Beijing
Who is considered as “Father of Education”?,A. Maxwell,B. Horace Mann,C. Aristotle,D. All of these,B. Horace Mann
"The famous Ashokan inscriptions, carved on rocks were founded in____________?",A. Mansoora,B. Hangu,C. Skrdu,"D. Shahbaz Garhi, Mardan","D. Shahbaz Garhi, Mardan"
When Utility Stores Corporation of Pakistan (Pvt.) Limited established?,A. 1971,B. 1972,C. 1973,D. 1974,A. 1971
Vande Mataram  written by Bankim Chandra Chatterjee is in the_________ Novel?,A. Sitayana,B. Sama Veda,C. Anandamath,D. Ramayana,C. Anandamath
Arfa Software technology park is located in_________?,A. Lahore,B. Rawalpindi,C. Karachi,D. Multan,A. Lahore
Wars of Crusade started in___________?,A. 1090,B. 1105,C. 1195,D. 1095,D. 1095
World water day is celebrated on__________?,A. 22nd june,B. 22nd july,C. 22nd March,D. None of these,C. 22nd March
New capital of Kazakhstan is___________?,A. Baku,B. Astana,C. Nur Sultan,D. None of these,C. Nur Sultan
The oldest written plan of government in effect is in which country?,A. USA,B. UK,C. Sweden,D. None of these,A. USA
A book titled “A Promised Land” authored by__________?,A. Barack Obama,B. Donald Trump,C. Joe Biden,D. None of these,A. Barack Obama
What is the biggest concrete dam in the World ?,A. Three Gorges Dam,B. Tarbeela Dam,C. Grand Coulee Dam,D. Tehri Dam,A. Three Gorges Dam
Kidney Hill Park located in________?,A. Lahore,B. Islamabad,C. Quetta,D. Karachi,D. Karachi
First Women to win the Nobel Prize was ____________?,A. Mother Teresa,B. Mrs. Aung San Suu Kyi,C. Madam Marie Curie,D. None of the these,C. Madam Marie Curie
"What is the Old name of Astana city, which is recently renamed to Nur-Sultan is___________?",A. Noor sultan,B. Akmola,C. Patala,D. Pryana,B. Akmola
In which country is the Hillary-Tenzing airport is situated?,A. Bhutan,B. Nepal,C. India,D. China,B. Nepal
The only Muslim explorer who widely travelled the medieval world over a period of thirty years?,A. Ibn Battuta,B. Al- Masudi,C. Ibn Khaldun,D. Al Tamimi,A. Ibn Battuta
The Capital of Cyprus is_________?,A. Alexandria,B. Famagusta,C. Nicosia,D. Limassol,C. Nicosia
Which Country has the World’s Largest Constitution?,A. Russia,B. USA,C. China,D. India,D. India
The only fertile desert in the world is__________?,A. Sahara Desert,B. Dasht -e Lut Desert,C. Great Thar Desert,D. Chihuahuan Desert,C. Great Thar Desert
Basman Palace is the official residence of___________?,A. King of Nepal,B. King of Saudi Arabia,C. King of Jordan,D. King of Oman,C. King of Jordan
The World’s largest subway system is in_______________?,A. Shanghai,B. Tokyo,C. Mexico,D. New York,A. Shanghai
When Urdu Language gets official status in subcontinent?,A. 1831,B. 1837,C. 1833,D. 1834,B. 1837
Dubai is Building another world’s tallest Tower Named:____________?,A. Dubai Tower,B. Creek Tower,C. UAE Tower,D. Arab Tower,B. Creek Tower
Bilafond Glacier claimed by both india and Pakistan and controlled by_____________?,A. India,B. Pakistan,C. China,D. None of these,B. Pakistan
"The_______Space Shuttle disintegrated during its re-entry into the Earth’s atmosphere near the end of its 28th mission on February 1, 2003, resulting in the deaths of all seven crew members.?",A. Russia,B. China,C. Colombia,D. India,C. Colombia
Tugela water fall is present in___________?,A. Venezuela,B. South Africa,C. Canada,D. USA,B. South Africa
Kai valley is ancient valley of Sindh situated in:____________?,A. Dadu,B. Hyderabad,C. Thatta,D. Jamshoro,D. Jamshoro
The Sahara is a desert located on the ______________continent?,A. African,B. Asian,C. Australian,D. North American,A. African
Ramon Magsaysay Award was started in__________?,A. 1950,B. 1954,C. 1957,D. 1960,C. 1957
Each year the International Day of Peace is observed around the world on___________?,A. 15 July,B. 24 May,C. 18 October,D. 21 September,D. 21 September
What is the Capital of East Timor?,A. Dili,B. Ottawa,C. Seoul,D. Bangkok,A. Dili
Which Country has the Largest Army in the World?,A. China,B. India,C. United States,D. North Korea,A. China
The country with the highest ratio of urban population in South Asia is__________?,A. India,B. Sri Lanka,C. Bhutan,D. Pakistan,C. Bhutan
Jaffna is situated in which country?,A. Nepal,B. Sri Lanka,C. Bangladesh,D. Japan,B. Sri Lanka
Which country currency is Baht?,A. Bali,B. Bangkok,C. Thailand,D. Vietnam,C. Thailand
What is the theme of world Bamboo day 2020?,A. Bamboo Now,B. Bamboo for life,C. Bamboo & nature,D. None of these,A. Bamboo Now
When the world Bamboo Day is celebrated ?,A. 16 Sept,B. 17 Sept,C. 19 Sept,D. 18 Sept,D. 18 Sept
Hamid Karzai was chosen President of Afghanistan in____________?,A. 2000,B. 2001,C. 2002,D. 2003,C. 2002
Who Appoints the Chief Election Commissioner of Pakistan?,A. President,B. Prime Minister,C. Federal Government,D. None,A. President
The longest traffic jam in the world was recorded in which city?,A. New York,B. Beijing,C. Tokyo,D. Karachi,B. Beijing
Which type of rainfall occurs in most of the World?,A. Convectional rainfall,B. Orographic rainfall or Relief rainfall,C. Cyclonic or Frontal rainfall,D. None of these,B. Orographic rainfall or Relief rainfall
Gomal Zam Dam is located in___________?,A. Punjab,B. Sindh,C. Khyber Pakhtunkhwa,D. Balochistan,C. Khyber Pakhtunkhwa
"Currently, which country has the largest number of tigers?",A. China,B. South Africa,C. Colombia,D. India,D. India
____________ the Lingua Franca of Pakistan?,A. Punjabi,B. Sindhi,C. Urdu,D. Pashto,C. Urdu
In which country are the aptly named Snowy Mountain located?,A. Australia,B. Canada,C. Russia,D. Turkey,A. Australia
Firdausi was__________?,A. a poet,B. well known for his epic ‘Shahnama’,C. Both option A and B,D. None of these,C. Both option A and B
What is the highest peak in the 48 contiguous U.S states?,A. Mount Elbert,B. Mount Rainier,C. Mount Whitney,D. Pikes Peak,C. Mount Whitney
What device’s invention was the main reason for demise of the Pony Express?,A. Radio,B. Telegraph,C. Telephone,D. Train,B. Telegraph
What Kansas city’s name means ‘potato’ in the Kansa language?,A. Abeline,B. Topeka,C. Omaha,D. Wichita,B. Topeka
"In US politics, who carries the nickname ‘the Veep’?",A. President,B. General Secretory,C. Vice-President,D. Clerk,C. Vice-President
Who was the Greek goddess of war and wisdom?,A. Athena,B. Lakshmi,C. Ganga,D. None of these,A. Athena
ANTARA is the news agency of __________?,A. Indonesia,B. Syria,C. Yemen,D. Jordan,A. Indonesia
Bahadur Shah Zafar was imprisoned in____________?,A. Tehran,B. Kabul,C. Rangoon,D. Cairo,C. Rangoon
Princess of Hope is in____________?,A. Lasbela (Balochistan),B. Sawabi (KP),C. Qasur (Punjab),D. Jamshoro (Sindh),A. Lasbela (Balochistan)
The highest temperature has ever been recorded on planet earth in__________?,A. Death Valley (California),B. Dallol (Ethiopia),C. Wadi Halfa (Sudan),D. Kebili (Tunisia),A. Death Valley (California)
The fall of Constantinople occurred in_________?,A. 29 May 1353,B. 29 May 1453,C. 22 April 1353,D. 22 April 1453,B. 29 May 1453
Which of the following is the Parliament of japan?,A. Diet,B. Yuan,C. Folketing,D. Knesset,A. Diet
My life is the autobiography of____________?,A. Nelson Mandela,B. Bill Clinton,C. Barack Obama,D. Charles Darwin,B. Bill Clinton
"The Arvand Rud or Shatt al-Arab is the River that borders Two countries, which are__________?",A. Syria & Lebanon,B. Jordan & Kuwait,C. Iran & Iraq,D. Qatar & Yemen,C. Iran & Iraq
Gangotri glacier located in__________?,A. China,B. India,C. Nepal,D. Russia,B. India
Famous Bondi Beach is located in ____________?,A. Japan,B. China,C. Australia,D. North pole,C. Australia
The largest coal producing country in the world is___________?,A. America,B. Canada,C. Australia,D. China,D. China
National Action Plan was created in_________?,A. 2013,B. 2014,C. 2015,D. 2016,B. 2014
Which tennis tournament is played on a clay court?,A. The U.S. Open,B. The Australian Open,C. The French Open,D. Wimbledon,C. The French Open
Which tennis tournament is played on a hard court?,A. The U.S. Open,B. The Australian Open,C. The French Open,D. A & B,D. A & B
Which tennis tournament is played on a natural grass court?,A. Wimbledon,B. French Open,C. US Open,D. Australian Open,A. Wimbledon
Which animal is the most illegally traded in the whole world?,A. Turtles,B. Rhinoceros,C. Elephant,D. Pangolin,D. Pangolin
"What was the height of Quaid-e-Azam Mohammad Ali Jinnah, the founder of Pakistan?",A. 5 feet & 8 inches,B. 5 feet & 10 inches,C. 5 feet & 3 inches,D. 5 feet & 2 inches,B. 5 feet & 10 inches
Jamia Millia is located in which city?,A. Delhi,B. Aligarh,C. Bombay,D. Madras,A. Delhi
President Idi Amin was forced to go into exile. In which did he spend his exile period and eventually die?,A. Libya,B. Egypt,C. Zaire,D. Saudi Arabia,D. Saudi Arabia
"Where is the HQ of United Nations Educational, Scientific and Cultural Organisation (UNESCO) located?",A. Paris,B. New York,C. Geneva,D. None of these,A. Paris
Where is the HQ of United Nations Office on Drugs and Crime (UNODC) located?,A. Geneva,B. Vienna,C. London,D. Budapest,B. Vienna
Identify the blackest fish in the oceans?,A. Black Seafish,B. Black Dragon fish,C. Black Sea Horse,D. Black Gillfish,B. Black Dragon fish
PTV started it’s transmission on:___________?,"A. November 20, 1964","B. April 20, 1964","C. December 26, 1968","D. November 26, 1964","D. November 26, 1964"
Boxer Muhammad Ali died of which disease?,A. Parkinson,B. Diabetes,C. Cancer,D. Heart Attack,A. Parkinson
Total number of sections of ANF Force Act are___________?,A. 17,B. 16,C. 18,D. 21,A. 17
Who is the author of the book Principia Mathematica?,A. Issac Newton,B. Albert Einstein,C. Copernicus,D. Galileo,A. Issac Newton
The name of the French King who attacked Spain in 777 AD was __________ ?,A. Roderick,B. Charlemagne,C. Alfonso,D. None of the above,B. Charlemagne
The last Umayyad ruler in 750 AD was ________ ?,A. Hisham,B. Marwan II,C. Yazid III,D. None of the,B. Marwan II
The Ottoman Empire lasted for over __________ ?,A. Five Centuries,B. Six Centuries,C. Seven Centuries,D. None of these,B. Six Centuries
The Abbasid Dynasty ruled for just over __________ ?,A. Five centuries,B. Two centuries,C. Three centuries,D. None of the above,A. Five centuries
Constantinople fell into the hands of the Muslims in  __________ ?,A. 1453,B. 1543,C. 1354,D. None of the above,A. 1453
“Zulu” is the prominent tribe of____________?,A. East Malaysia,B. Zambia,C. Congo,D. South Africa,D. South Africa
Which of the following is not Olympic Sport ?,A. Swimming,B. Badminton,C. Cricket,D. Fencing,C. Cricket
Headquarter of the International Monetary Fund is in___________?,A. Cape town,B. Berlin,C. Washington,D. Geneva,C. Washington
How many points are in badminton Game ?,A. 11,B. 31,C. 41,D. 21,D. 21
Weigh of Javelin throw of female is___________?,A. 400 g,B. 800 g,C. 600 g,D. None of these,C. 600 g
In which region New Zealand is situated?,A. Eastern Europe,B. Australia,C. Oceania,D. None of these,C. Oceania
The Police Martyrs Day is observed on __________  in Pakistan?,A. August 01,B. August 02,C. August 04,D. None of these,C. August 04
International Day of Friendship is observed globally on __________?,A. 29 July,B. 30 July,C. 31 July,D. None of Above,B. 30 July
The headquarter of European Court of Justice (ECJ) are situated at__________?,A. Luxembourg,B. Paris,C. Strasbourg (France),"D. San Jose, Costa Rica",A. Luxembourg
The headquarter of ESCAP (Economic and Social Commission for Asia) are situated at ?,A. Geneva,B. Bangkok,C. Santiago,D. None of Above,B. Bangkok
"When the Turkish President and founder of the Republic of Turkey, Mustafa Kemal Atatürk, transformed the Hagia Sophia building into a Museum?",A. 1940,B. 1935,C. 1949,D. 1901,B. 1935
Who was the first president of Turkey who issued presidential decree to transform the Hagia Sophia Mosque into a Muesum?,A. Abdulhalik Renda,B. Adbullah Gul,C. Mustafa Kemal Atatürk,D. Recep Tayyip Erdogan,C. Mustafa Kemal Atatürk
Which is world’s biggest desert lake?,A. Lake Turkana,B. Lake Victoria,C. Lake Titicaca,D. Lake Baikal,A. Lake Turkana
Ballon d’Or is the annual prize awarded to person associated with which sport?,A. Cricket,B. Base ball,C. Football,D. Tennis,C. Football
The ‘Mi-8AMTSh-VN’ is the attack transport helicopter of which country?,A. Russia,B. Usa,C. Uk,D. France,A. Russia
Where is the HQ of World Gold Council (WGC) located?,A. Geneva,B. Pairs,C. London,D. Berlin,C. London
The largest famine hit Ethiopia in__________?,A. 1980,B. 1983,C. 1990,D. 1993,B. 1983
The National Program for Family Planning and Primary Healthcare was launched in__________?,A. 1979,B. 1989,C. 1994,D. 2004,C. 1994
The World Day to combat Desertification and Drought is observed each year on_________?,A. 17 June,B. 17 July,C. 17 August,D. 17 September,A. 17 June
The Second largest Gas field of Pakistan is__________?,A. Qadirpur Gas Field,B. Uch Gas Field,C. Bobi Gas Field,D. Chachar Gas Field,A. Qadirpur Gas Field
How many countries are there in Asia?,A. 48,B. 49,C. 50,D. 46,A. 48
Gawadar remained under Oman’s rule for ___________ Years?,A. 172,B. 174,C. 176,D. None of these,B. 174
In which province the Uch Gas Field is located___________?,A. Sindh,B. Punjab,C. Balochistan,D. Khyber Pakhtunkhwa,C. Balochistan
"Muhammad bin Zakaria Al-Razi was a polymath, physician, alchemist and a philosopher from________?",A. Iraq,B. Iran,C. Syria,D. Morocco,B. Iran
"Asabiyyah, a concept of social solidarity with an emphasis on unity was given by_________?",A. Al-Razi,B. Ibne-Khaldune,C. Al-Farabi,D. Jarir-Al Tabri,B. Ibne-Khaldune
World Food Program an organization of the United Nations was created at the behest of___________?,A. U Thant,B. Dwight Eisenhower,C. J.F Kennedy,D. Kissinger,B. Dwight Eisenhower
Crude Oil is heated in the furnace up to _________?,A. 300°C,B. 350°C,C. 400°C,D. 450°C,C. 400°C
What is Current Share of Pakistan in World Population?,A. 2.20%,B. 2.30%,C. 2.40%,D. 2.83%,D. 2.83%
Who gave the symbol of infinity_________?,A. Georg Cantor,B. Michal Borde,C. T.M Stross,D. Johne Walis,D. Johne Walis
When is World Hepatitis Day celebrated?,A. 27 September,B. 17 July,C. 20 July,D. 28 July,D. 28 July
When israel state was established?,A. 1945,B. 1947,C. 1948,D. None of these,C. 1948
Pakistan number in the world population-wise on _________ number?,A. 5th,B. 10th,C. 11th,D. 6th,A. 5th
The political party of Mussolini?,A. People Republic,B. National Socialist Party,C. Fascist Party,D. None of these,C. Fascist Party
What is the old name of Tokyo?,A. Surinam,B. Akihito,C. Edo,D. Rishkek,C. Edo
What is the currency of Iceland?,A. Rupiah,B. Ringgit,C. Croned,D. Krona,D. Krona
Nelson Mandela realsed from the priosn in__________?,A. 1988,B. 1989,C. 1990,D. 1991,C. 1990
Sudan has won the status of an independent state in_________?,A. 1957,B. 1958,C. 1956,D. 1960,C. 1956
‘ United Nations ‘ charter was signed in___________?,A. 1946,B. 1950,C. 1947,D. 1945,D. 1945
The shortest river (Roe River) of the world is located in______?,A. UK,B. USA,C. Congo,D. Russia,B. USA
The highest capital in the world is_______?,A. Belize (Belmopan),B. La Paz (Bolivia),C. Quito (Ecuador),D. Bern (Switzerland),B. La Paz (Bolivia)
"Headquartered of Pakistan Railways is in Lahore it was founded in May 13,_______?",A. 1861,B. 1930,C. 1947,D. 1956,A. 1861
Sydney is the most famous city of_______?,A. Austria,B. Australia,C. New Zealand,D. None of Above,B. Australia
How many currencies are in the world?,A. 90,B. 180,C. 190,D. 195,B. 180
When Pakistan won the World Hockey Cup for the 4th time ?,A. 1998,B. 1990,C. 1994,D. 2002,C. 1994
Which of the following countries has the largest area in the world ?,A. Canada,B. China,C. USA,D. Russia,D. Russia
The major source of water in Pakistan is___________?,A. Rain,B. Snow,C. Lakes,D. Rivers,D. Rivers
Wimbledon Tennis Grounds are in__________?,A. France,B. Australia,C. Germany,D. England,D. England
The headquarter of the “Asian development Bank” ?,A. Jakarta,B. Tokoyo,C. Kuala lumpor,D. Manila,D. Manila
First ambassador of Pakistan to UNO was__________?,A. Sir Zaffar Ullah Khan,B. Sardar Abdur Rab Nishtar,C. Ahmed Shah Patras Bokhari,D. None of these,C. Ahmed Shah Patras Bokhari
What is the total period of Ottoman Empire?,A. 1400-1719,B. 1200-1917,C. 1299-1922,D. 1295-1914,C. 1299-1922
Which country is famous for sprinters ?,A. England,B. Spain,C. United states,D. Jamaica,D. Jamaica
” Asia Watch ” is a____________?,A. A big time clock in japan parliament,B. News Agency of Taiwan,C. Human rights Organization,D. None of these,C. Human rights Organization
Abdul Qasim Alzahrwi was great Muslim ___________?,A. Philospher,B. Poet,C. Warrior,D. Surgon,D. Surgon
Which of the following term is used in game of Cricket?,A. Bar down,B. LBW,C. Tee,D. Scoop,B. LBW
Boundary line between Canada and United States is_________?,A. 17th Parallel Line,B. 38th Parallel Line,C. 47th Parallel Line,D. 49th Parallel Line,D. 49th Parallel Line
Nippon is the old name of_________?,A. China,B. Japan,C. Ethiopia,D. Angola,B. Japan
The 2nd summit of OIC (Organisation of Islamic Cooperation) held in Pakistan in year________?,A. 1972,B. 1973,C. 1974,D. 1975,C. 1974
What is the number of states in India?,A. 27,B. 28,C. 29,D. 30,B. 28
"The Union Flag, or Union Jack, is the national flag of____________?",A. United States,B. United Kingdom,C. United Nations,D. European Union,B. United Kingdom
SHABAK is the Intelligence agency of which country?,A. Iran,B. Afghanistan,C. Israel,D. Syria,C. Israel
NSO is the secret agency of which country?,A. Niger,B. Nigeria,C. Algeria,D. Bulgharia,B. Nigeria
SUPO is the secret agency of which country?,A. Ireland,B. Finland,C. New Zealand,D. Sawaziland,B. Finland
When Muhammad El Bradi of Egypt got Noble Peace Prize?,A. 2003,B. 2005,C. 2007,D. 2009,B. 2005
Who was the first Governor General of Bengal?,A. Warren Hastings,B. Robert Clive,C. William Bentinck,D. Lord Cornwallis,A. Warren Hastings
What is the meaning of “Capital Punishment”?,A. Punishment that is very light,B. The death sentence or penalty,C. Punishment that involves paying a fine,D. Public punishment,B. The death sentence or penalty
First Oscar Award was given in__________?,A. 1930,B. 1929,C. 1931,D. 1928,B. 1929
Lenin Prize was started in ___________?,A. 1924,B. 1930,C. 1925,D. 1926,C. 1925
Jahangir Nagar is the old name of __________?,A. Delhi,B. Dhaka,C. Kolkata,D. None of Above,B. Dhaka
The “Mount Ararat” is the highest mountain in_________?,A. China,B. Turkey,C. Japan,D. Canada,B. Turkey
When is the International Day in Support of Victims of Torture observed?,A. June 23,B. June 25,C. June 26,D. June 24,C. June 26
An ordinary mobile phone communicate by using___________?,A. Sound waves,B. Infrared waves,C. UV waves,D. Radio waves,D. Radio waves
What is the width of side Gallery of badminton court ?,A. 42 cm,B. 48 cm,C. 46 cm,D. 40 cm,C. 46 cm
What is the length of badminton court for single competition ?,A.16.2 meter,B. 13.40 meter,C. 14.63 meter,D. 13.80 meter,B. 13.40 meter
Ryder cup is the biggest tournament of which of the following sports ?,A. Polo,B. Badminton,C. Table Tennis,D. Golf,D. Golf
"The Kiss, was painted by__________?",A. Michelangelo,B. Edvard Munch,C. Gustav Klimt,D. None of Above,C. Gustav Klimt
Which country do Sinologists study?,A. Japan,B. China,C. North Korea,D. None of Above,B. China
Who is the author of “Harry Potter” series of Books for children ?,A. Enid Blyton,B. Roald Dahi,C. Denis Robins,D. J.K. Rowling,D. J.K. Rowling
how many countries have republic government in the world?,A. 80,B. 90,C. 65,D. 40,B. 90
The Headquarter of OLX Group Company located in ___________?,"A. New York, United states","B. Islamabad, Pakistan","C. Dubai, UAE","D. Hoofddorp, Netherlands","D. Hoofddorp, Netherlands"
The Parliament of the Malaysia is_______?,A. Folketing,B. Doma,C. Dewan Rakyat,D. Yuan,C. Dewan Rakyat
The real name of K.K Aziz a historian was_________?,A. Kamal Khan Aziz,B. Khursheed Kamal Aziz,C. Kareem Khaliq Aziz,D. None of Above,B. Khursheed Kamal Aziz
The United Nations observes ___________ as International Widows Day.,A. 25th June,B. 23rd June,C. 28th June,D. 21st June,B. 23rd June
The currency of Brazil is__________?,A. Euro,B. Peso,C. Real,D. Dinar,C. Real
Fathers Day 2020 Celebrated on ____________?,A. 20 June,B. 21 June,C. 22 June,D. 23 June,B. 21 June
Marathon a long distance foot rare has an official distance of ___________?,A. 22.2 miles,B. 28.3 miles,C. 30.4 miles,D. 26.2 miles,D. 26.2 miles
Qawali was introduced in the 13th century by___________ ?,A. Fateh Ali Khan,B. Qutubudain,C. Amir Khusru,D. None of these,C. Amir Khusru
In which country paper was first invented?,A.  America,B.  Russia,C.  China,D.  Bangladesh,C.  China
What is the distance of penalty stroke away from back line in hockey game ?,A. 6.52 meter,B. 6.98 meter,C. 7.25 meter,D. 6.40 meter,D. 6.40 meter
World population day is celebrated on___________?,A. 11th June,B. 11th May,C. 11th July,D. None of these,C. 11th July
Which Army Officer was the First Recipient of  “Nishan i Haider” ?,A. Major Aziz Bhatti Shaheed,B. Major Muhammad Akram Shaheed,C. Captain Sarwar Shaheed,D. Major Shabir sharif shaheed,C. Captain Sarwar Shaheed
The Wall street is in_____________?,A. New York,B. Paris,C. London,D. Rome,A. New York
Ashgabat is the capital of ___________?,A. Turkmenistan,B. Armenia,C. Azerbaijan,D. Bosinia,A. Turkmenistan
“Nairobi ” is the capital city of___________?,A. Uganda,B. Kenya,C. South Africa,D. Libya,B. Kenya
Nelson Mandela got Nishan e Pakistan in which year?,A. 1990,B. 1991,C. 1992,D. 1993,C. 1992
The capital of Georgia is _________?,A. Banjul,B. Tabilisi,C. Berlin,D. Accra,B. Tabilisi
The capital of Chad is__________?,A. Praia,B. N’ Djmena,C. Sarh,D. Mongo,B. N’ Djmena
The Capital of Cameroon is __________?,A. Canberra,B. Yaounde,C. Praia,D. Benguai,B. Yaounde
The capital of Bhutan is___________?,A. Minsk,B. Sarajevo,C. Thimphu,D. Brasillia,C. Thimphu
The Capital of Irealand is___________?,A. Asmara,B. Banjul,C. Paris,D. Dublin,D. Dublin
The capital of Argentina is____________?,A. Canberra,B. Yervan,C. Luanda,D. Bunes Aires,D. Bunes Aires
The capital of Ecuador is___________?,A. Dili,B. Quito,C. San jose,D. Cairo,B. Quito
The capital of Ethiopia is____________?,A. Libreville,B. La Paz,C. Malabo,D. Addis Ababa,D. Addis Ababa
The Capital of Colombia is__________?,A. Beijing,B. Bogota,C. Moroni,D. San jose,B. Bogota
The capital of Cambodia is___________ ?,A. Bujumbura,B. Phnom penh,C. La paz,D. Port-Novo,B. Phnom penh
The Capital of Ghana is_________?,A. Berlin,B. Accra,C. Suva,D. Malabo,B. Accra
National poet of Pakistan is__________?,A. Hafeez jalandhri,B. Allama Iqbal,C. Josh malih Abadi,D. None of these,B. Allama Iqbal
Iran lies to the _______ of Pakistan ?,A. South east,B. South West,C. South north,D. East west,B. South West
China lies to the ________ of Pakistan ?,A. East,B. West,C. North,D. South,C. North
India is located in the _______ side of the Pakistan ?,A. North,B. West,C. East,D. South,C. East
Luxor is the city of___________?,A. Luxembourg,B. Israel,C. Egypt,D. Finland,C. Egypt
King of which country abdicated in favor of his son?,A. Nepal,B. Spain,C. Japan,D. None of these,B. Spain
Windhoek is the capital of__________?,A. Namibia,B. Niger,C. Chad,D. Ghana,A. Namibia
Which of the following city served as capital of Kazakhstan till 1997?,A. Astana,B. Almaty,C. Baku,D. Tashkent,B. Almaty
Bermuda Triangle is located in__________?,A. North Atlantic Ocean,B. South Atlantic Ocean,C. Pacific Ocean,D. Arabian Sea,A. North Atlantic Ocean
Black Lives Matter (BLM) Movement  started on ___________?,A.11 July 2013,B.12 July 2013,C.13 July 2013,D.15 July 2013,C.13 July 2013
Which among the following is known as Asia a version of “Noble prize”?,A. Ramon Magsaysay Award,B. Booker Prize,C. Pulitzer Prize,D. None of them,A. Ramon Magsaysay Award
"Every year,the world Elder abuse awareness Day is celebrated on____________?",A. March 23,B. June 15,C. December 10,D. April 8,B. June 15
World day against child labour is observed on___________?,A. 11 June,B. 13 June,C. 12 June,D. 8 June,C. 12 June
The capital of the Mughal Empire was shifted from Agra to Delhi by__________?,A. Jehangir,B. Aurangzeb,C. Humayun,D. Shahjehan,D. Shahjehan
The currency of portugal is__________?,A. Zolty,B. Peso,C. Euro,D.Escudo,C. Euro
The headquarter of EFTA is in_____________?,A. London,B. Geneva,C. Rome,D. Paris,B. Geneva
The first Asian Secertary-General of united Nation was____________?,A. Trygive Lie,B. Vijy Laxmi Pandit,C. U Thant,D. Kurt Waldheim,C. U Thant
The Headquarter of UNESCO is in___________?,A. Paris,B. Rome,C. Geneva,D. New York,A. Paris
The headquarter of International Labour Orginaztion (ILO) is in__________?,A. Geneva,B. New York,C. Paris,D. The Hague,A. Geneva
The Headquarter of UNHCR is located at___________?,A. New York,B. Rome,C. Geneva,D. London,C. Geneva
Which animal picture is on World Health Organization (WHO) Logo?,A. Elephant,B. Horse,C. Snake,D. Lion,C. Snake
When was Global day of Parents celebrated annually?,A. June 3,B. June 12,C. May 29,D. June 1,D. June 1
When is the World Bicycle Day observed?,A. 1 June,B. 2 June,C. 3 June,D. 4 June,C. 3 June
When did the United Nations General Assembly (UNGA) declare 3 June as International World Bicycle Day?,A. 2018,B. 2019,C. 2020,D. None of these,A. 2018
"United Nations Command, a unified command for the multinational military forces that oversees affairs in the heavily fortified DMZ, was establised in Tokyo in__________?",A. 1949,B. 1950,C. 1951,D. 1952,B. 1950
Author of ‘With the Quaid-i-Azam During His Last Days’ is__________?,A. G. Allana,B. Sir Muhammad shafi,C. Col. Elahi Bakash,D. Hector Balitho,C. Col. Elahi Bakash
Author of ‘In the line of fire’ is____________?,A. Ayub khan,B. Yahya khan,C. Pervaiz Musharaf,D. Z.A Bhutto,C. Pervaiz Musharaf
Which port city is called the ‘Queen of the Arabian Sea’?,A. Kochi,B. Delhi,C. Karachi,D. Dhaka,A. Kochi
Treaty about the fragmentation of Ottoman Empire ?,A. Treaty of Versailles,B. Treaty of Wrassaw,C. Treaty of Traianon,D. Treaty of Sevres,D. Treaty of Sevres
Frederick Hegel was__________?,A. Historian,B. Philosopher,C. King,D. Artist,B. Philosopher
How many Countries are in there in the World having Glaciers?,A. 45,B. 51,C. 50,D. 60,C. 50
Uncle Urfi Drama aired in 1972 was scripted by_____________?,A. Noon Meem Rashid,B. Anwar Maqsood,C. Haseena Moeen,D. Kamal Ahmed Rizavi,C. Haseena Moeen
Carthage is a city of___________?,A. South Africa,B. Malta,C. Italy,D. Tunisia,D. Tunisia
Who was Cleopatra?,A. A philosopher,B. A Historian,C. Ruler of Egypt,D. Ruler of Rome,C. Ruler of Egypt
Which sea is referred to as an oceanic desert?,A. Red sea,B. Sargasso sea,C. Arabian sea,D. Sea of Japan,B. Sargasso sea
Where is the headquarters of United Nations Population Fund (UNFPA) located?,A. Geneva,B. Paris,C. New York,D. Washington D.C,C. New York
"Jeju Island, a UNESCO world heritage site located in___________?",A. Japan,B. France,C. South Korea,D. South Africa,C. South Korea
Gulf of Sidra is located in_________?,A. France,B. USA,C. Germany,D. Libya,D. Libya
Which of the following are Baltic countries or Baltic States?,"A. Estonia, Latvia and Lithuania","B. Crotia, Belarus and Mangolia","C. Algeria, Argentina and balgeria",D. None of these,"A. Estonia, Latvia and Lithuania"
“Lost Islamic History” written by_________?,A. Firas AL khateeb,B. Sir Syad Ahmad,C. Allama Iqbal,D. None of these,A. Firas AL khateeb
The International Council of Nurses established in 1899 has its headquarters in_________?,A. Berlin,B. Vienna,C. Florence,D. Geneva,D. Geneva
Vientiane is the capital and largest city of ___________?,A. Cambodia,B. Vietnam,C. Laos,D. Myanmar,C. Laos
Ground of which sport has the shape of Diamond?,A. Baseball,B. cricket,C. wrestling,D. basketball,A. Baseball
The world’s fastest manned aircraft is__________?,A. SR-71 Blackbird,B. A-12 lockheed,C. F-106 Delta Dart,D. North American X-15,D. North American X-15
Who was the father of Sultan Osman I – the founder of the Ottoman Empire?,A. Suleman Shah,B. Ertugral Ghazi,C. Guldaro Ghazi,D. None of these,B. Ertugral Ghazi
______ is a country (enclaved) within a country?,A. Palestine,B. Palau,C. Lesotho,D. Bosnia and Herzegovina,C. Lesotho
"When did Ottoman Sultan Muhammad II Fateh capture the Roman Empire Capital, Constantinople?",A. 1453,B. 1454,C. 1457,D. 1458,A. 1453
"Hajr (حجر‎) was old city which served as capital of Province “Al-Yamamah”, the modern name of this city is________?",A. Riyadh,B. Dammam,C. Abha,D. Al-Qatif,A. Riyadh
"The firts virtual summit of Non Aligned Movement (NAM) was held on May 4, 2020.It was presided by__________?",A. Tajikistan,B. Kazakhstan,C. Turkey,D. Azerbaijan,D. Azerbaijan
The book “21 Lessons of 21st Century” is written by:_________?,A. George Friedman,B. Yuval Noah Harari,C. Alan Guth,D. D. BF Skinner,B. Yuval Noah Harari
“Bekaa Valley” is located in _______?,A. Iran,B. Iraq,C. Lebanon,D. Serbia,C. Lebanon
Which was the first interstellar asteroid to be found?,A. Borisov,B. Narisor,C. Magnsor,D. Oumuamua,D. Oumuamua
Smallest State in US by population is__________?,A. Alaska,B. Wyoming,C. Rodhe Island,D. Dilaware,B. Wyoming
What is the theme of the 2020 World Press Freedom Day?,A. Media for Democracy: Journalism and Elections in Times of Disinformation,"B. Keeping Power in Check: Media, Justice",C. Access to Information and Fundamental Freedoms–This Is Your Right!,D. Journalism Without Fear or Favour,D. Journalism Without Fear or Favour
The Chernobyl Disaster was a nuclear accident that occurred on _________?,A. 26 April 1986,B. 24 April 1986,C. 20 April 1986,D. 2 July 1986,A. 26 April 1986
Which is the largest producer of Saffron?,A. Iraq,B. Iran,C. Lebanon,D. Sri-Lanka,B. Iran
“Mekong river” in China is called as_________?,A. Lancang-River,B. Camang-River,C. Yellow-River,D. Lunsung-River,A. Lancang-River
Labour Day is an annual holiday to celebrate the achievements of workers.The first Labour Day was celebrated in New York City in_________?,A. 1880,B. 1882,C. 1884,D. 1890,B. 1882
"“Empire of Lies,” a new novel that imagines a world where one man is able to go back in time to alter history and allow the Ottoman Empire to conquer Europe is authored by__________?",A. Khaled Hosseini,B. Salma Hayed,C. Raymond Khoury,D. Nadeem Aslam,C. Raymond Khoury
"SIPRI is an independent international institute dedicated to research into conflicts, armaments and arms control founded in___________?",A. 1963,B. 1964,C. 1965,D. 1966,D. 1966
Which is the currency of Haiti?,A. Dollar,B. Peso,C. Pound,D. Gourde,D. Gourde
What is the National Dish of Argentina?,A. Tacos,B. Asados,C. Burger,D. Juice,B. Asados
The flag of Austria consists of which two Coluors?,A. Red/White,B. Blue/Yellow,C. Green/Blue,D. Purple/White,A. Red/White
Nurenberger in English is known as__________Bread?,A. Brown,B. White,C. Ginger,D. Banana,C. Ginger
Name the capital city of Switzerland?,A. Denver,B. Bern,C. Oslo,D. Antwerp,B. Bern
What is the currency of Switzerland?,A. Dollars,B. Pound,C. Swiss Franc,D. Euro,C. Swiss Franc
The number of players in each side in Water Polo is_________?,A. 6,B. 7,C. 8,D. 9,B. 7
How many players can each team have on the soccer field ?,A. 5,B. 7,C. 11,D. 24,C. 11
What is soccer commonly called in countries other than the United states?,A. Football,B. Rugby,C. Balloon,D. Jai alai,A. Football
"During a hockey match, if the ball is stuck in the Goalkeeper’s pads then game is restarted BY________?",A. By Bully,B. By centre back pass,C. By hit from outside ‘D’,D. By toss,A. By Bully
The minimum number of players required in a team to start a Basketball match is_________?,A. 4,B. 5,C. 3,D. 12,B. 5
The famous player ‘Pele’ is associated with which game?,A. Cricket,B. Horse Riding,C. Swimming,D. Football,D. Football
The weight of a hockey ball approximately is__________?,A. 5.5 ounce to 5.75 ounce,B. 5 ounce to 5.5 ounce,C. 6 ounce to 6.5 ounce,D. 5.75 ounce to 6 ounce,A. 5.5 ounce to 5.75 ounce
Shuttle run ‘Test’ measures:__________?,A. Explosive strength,B. Speed endurance,C. Agility,D. Speed,C. Agility
Which of the following line is related to volleyball?,A. Bonus line,B. Baulk line,C. Attack line,D. Service line,D. Service line
Which is the international organization of table tennis?,A. International Table Tennis federation Association,B. International Table Tennis federation,C. International Table Federation,D. International Table,B. International Table Tennis federation
When did the British return  Hong kong to china?,A. 2000,B. 1997,C. 1999,D. 1980,B. 1997
“Guillver’s Travels” was written by__________?,A. H.C Armstrong,B. Pearl  S.Buck,C. James Frazer,D. Jonathan swift,D. Jonathan swift
FIFA was established on___________?,A. 22 May 1904,B. 25 May 1940,C. 21 May 1905,D. 21 May 1904,D. 21 May 1904
The length of football penalty area is__________?,A. 16.80 m,B. 10 m,C. 16.30m,D. 16.5m,D. 16.5m
Alexander the great (356-323 BC) was the king of_________?,A. Egypt,B. Portugal,C. Macedonia,D. Greece,C. Macedonia
Dome of Rock is located in?,A. Jerusalem,B. Lebanon,C. Jordan,D. Iraq,A. Jerusalem
Birth place of Sultan Salahuddin Ayubi?,A. Iran,B. Iraq,C. Turky,D. Egypt,B. Iraq
Who has won the most Formula 1 titles?,A. Sebastian Vettel,B. Michael Schumacher,C. Lewis Hamilton,D. Jim Clark,B. Michael Schumacher
Who is known as the Father of Modern Football?,A. John Cruff,B. Charles Alcock,C. E.C Morley,D. Pele,C. E.C Morley
Who is known as the father of cricket?,A. A.G WELLS,B. W.G Grace,C. Allen Pardew,D. Brandon Hills,B. W.G Grace
"The first Men’s Twenty20 International match was held on 17 Feb, 2005 at Eden Park between New zealand and___________?",A. England,B. South Africa,C. Australia,D. West Indies,C. Australia
The first Twenty20 International match was held on 5 August 2004 between England and__________?,A. Australia,B. South Africa,C. New Zealand,D. West indies,C. New Zealand
Who hit the first six in the history of cricket in 1898?,A. Allen Hill,B. Joe Darling,C. Gubby Allen,D. Edward Mathew,B. Joe Darling
"Canada, the world’s second largest country by area, has how many provinces?",A. 5 provinces and 3 territories,B. 8 provinces and 3 territories,C. 10 provinces and 3 territories,D. 12 province and 3 territories,C. 10 provinces and 3 territories
What is the theme of World Wildlife Day 2020?,A. The future of wildlife is in our hands,B. Listen to the young voices,C. Sustaining all life on Earth,D. Big Cats,C. Sustaining all life on Earth
The first muslim woman to receive Nobel Prize in 2003 is__________?,A. Malala Yousafzai,B. Shirin Ebadi,C. Dr. Habiba Sarabi,D. Ilmas Durkhain,B. Shirin Ebadi
The first black African woman to receive a Nobel Prize in 2004 is_________?,A. Ellen Johnson Sirleaf,B. Mangari Haathai,C. Wangari Maathai,D. Waanga Heath,C. Wangari Maathai
The first woman elected to head an African country in 2006?,A. Ellen Johnson,B. Graca Machel,C. Winnie Mandela,D. Helen Zille,A. Ellen Johnson
"In 2010, who became the first woman director to win an Academy Award for Directing?",A. Angelia Jolie,B. Kathryn Bigelow,C. Katherine Swift,D. Emily Watson,B. Kathryn Bigelow
"Nancy Pelosi, a Democrat from California, was elected speaker of the U.S. House of Representatives, the first woman to hold the post in________?",A. 2006,B. 2007,C. 2008,D. 2009,B. 2007
Who became the first woman to summit Mount Everest in 1975?,A. Jumko Tabei,B. Jane Anderson,C. Kane Sharpa,D. Victoria Anderson,A. Jumko Tabei
The first women to fly solo around the world?,A. Emile Brunt,B. Eva Braun,C. Jerrie Mock,D. Jennifer Ale,C. Jerrie Mock
The world’s largest apparel producing country is__________?,A. Pakistan,B. Bangladesh,C. China,D. India,C. China
When was the World Health Organisation established?,A. April 6th 1948,B. April 7th 1948,C. April 5th 1948,D. April 8th 1948,B. April 7th 1948
The longest Blue Whale had a length of how many feet?,A. 99 Feet,B. 105 Feet,C. 111 Feet,D. 115 Feet,C. 111 Feet
Amir Khosrou was disciple of__________?,A. Shah Rukan e Alam,B. khawaja Fareed,C. Nizam Uddin Auliya,D. None of these,C. Nizam Uddin Auliya
Abbasid defeated Ummayad in__________?,A. 751 AD,B. 755 AD,C. 750 AD,D. None of these,C. 750 AD
Iraq’s  Capital Baghdad was built by__________?,A. Ibn e Hashim,B. Al Mansoor,C. Uqba bin Rafay,D. None of these,B. Al Mansoor
Gobi desert is located in__________?,A. India,B. Russia,C. Syria,D. Mongolia,D. Mongolia
Who was the founder of Democratic party of USA ?,A. Franklin Roosevelt,B.  Andrew Jackson,C. Kenndy,D. George Washington,B.  Andrew Jackson
“Eagle” is the National emblem of_____________?,A. Pakistan,B. India,C. Spain,D. Germany,C. Spain
Optic fibers are mainly used for which of the following:,A. Communication,B. Weaving,C. Food indudtry,D. None of these,A. Communication
Which Turkish tribe created the “OTTOMAN” Empire?,A. Serbia,B. Asia-Minor,C. Anatolia,D. Central-Asia,C. Anatolia
Epigraphy means:____________?,A. The study of coins,B. The study of Inscriptions,C. The study of Epics,D. None of these,B. The study of Inscriptions
When is World Hemophilia Day observed?,A. April 16th,B. April 17th,C. April 18th,D. April 19th,B. April 17th
What is the real name of famous comedian and actor of Pakistan “Lehri”?,A. Irfan khoosat,B. Safirullah Saddiqui,C. Athar Shah Khan Jaidi,D. None of these,B. Safirullah Saddiqui
What was the name of the ship abroad which Charles Darwin made discoveries that led to his theory of natural selection?,A. HMS Nina,B. HMS Heagle,C. HMS Beagle,D. HMS Wreagle,C. HMS Beagle
World Tuna day is celebrated every year on_______May?,A. 1,B. 2,C. 3,D. 4,B. 2
The Second largest city of Pakistan is,A. Rawalpindi,B. Lahore,C. Multan,D. Quetta,B. Lahore
CARICOM (Caribbean Community) was established on_____________?,A. 1 July 1966,B. 1 August 1973,C. 1 September 1984,D. None of these,B. 1 August 1973
Gambit is a term associated with which of the following games?,A. Bridge,B. Carrot,C. Chess,D. Billiards,C. Chess
Dribbling is a term associated with all of the following except:,A. Basketball,B. Football,C. Hockey,D. Base Ball,D. Base Ball
Arena is the special name for playground of___________?,A. Cricket,B. Lawn Tennis,C. Wrestling,D. Skating,C. Wrestling
Who won World War 1?,"A. U.S.A, U.k and Germany","B. Australia, U.k and Germany","C. U.S.A, U.k and France","D. Hungary, U.k and Germany","C. U.S.A, U.k and France"
How many countries have walked on the moon?,A. 4,B. 5,C. 2,D. 3,D. 3
Upto now how many Muslims went to Space?,A. 11,B. 12,C. 13,D. 14,A. 11
First Chinese woman in space?,A. Major Liu Yang,B. Lt Col Yang Liwei,C. Dennis Tito,D. none of these,A. Major Liu Yang
First American woman in space?,A. Valentina Tereshkova,B. Junko Tabei,C. Sally Ride,D. Charlotte Cooper,C. Sally Ride
"According to SIPRI, the total nuclear weapons in the world in 2019 were?",A. 12885,B. 13865,C. 14855,D. 12558,B. 13865
"The UN introduced The Treaty on the Prohibition of Nuclear Weapons (TPNW), the world’s first legally binding document that seeks to completly eliminate the arsenal in?",A. 2015,B. 2016,C. 2017,D. 2018,C. 2017
The author of the book “Shehron Mein Shehr Karachi” is___________?,A. Noureen Islam,B. Nasreen Aslam,C. Taslima Nasreen,D. None of These,B. Nasreen Aslam
Who was the first Muslim Sultan or king who introduced guerrilla war in Islamic wars first time?,A. Sultan Allaudin,B. Tipu Sultan,C. Mahmud Ghaznavi,D. Sultan Salah ud din Ayoubi,D. Sultan Salah ud din Ayoubi
Who became the president of Indian National Congress in 1946?,A. Dr. Ambed Kar,B. Mr. Ghandi,C. Rajgopal Achariya,D. Jawahir Lal Nehru,D. Jawahir Lal Nehru
Trygve Lie was the First Governor General of U.N belonged to which country?,A. U.S.A,B. U.K,C. Russia,D. Norway,D. Norway
Roscosmos is space agency of a which country?,A. USA,B. Russia,C. France,D. None of these,B. Russia
How many countries are the members of OPEC currently in 2020?,A. 13,B. 14,C. 15,D. 16,A. 13
Official Currency of OPEC is__________?,A. Euro,B. Dollar,C. Dinar,D. Riyal,B. Dollar
Which day is observed as Africa day?,A. 24 Oct,B. 14 Nov,C. 25 May,D. 25 Jan,C. 25 May
Who was George Campbell?,A. Governor of India,B. PM of England,C. Governor of Bengal,D. U.P Governor,C. Governor of Bengal
What is the name of Shah Walliullah’s father?,A. Shah Abdur Rahim,B. Qutbuddin Alam,C. Syed Alam Hussain,D. None of these,A. Shah Abdur Rahim
Who was the author of ‘My Indian Years’?,A. Lord Curzon,B. Lord Harding,C. Lord Mountbatten,D. None,B. Lord Harding
Who was the first Sultan of Delhi to issue regular currency and to declare Delhi as the capital of his empire?,A. AmarShah,B. Iltutmish,C. Balban,D. None of these,B. Iltutmish
First Amendment to the Constitution of Pakistan is related to___________?,A. Demarcation of border of Pakistan,B. Islam is declared as a state religion,C. Both a and b,D. None of these,A. Demarcation of border of Pakistan
Area of Thar Desert in square miles is _________?,"A. 77,000","B. 88,000","C. 66,000","D. 55,000","A. 77,000"
Name the First Pakistani who won Pulitzer Prize?,A. Dr Abul Qadeer Khan,B. Dr Raza Bakir,C. Malala Yosuaf Zai,D. Adrees Latif,D. Adrees Latif
In which Year PULITZER PRIZE was founded?,A. 1917,B. 1920,C. 1915,D. 1913,A. 1917
“The Parliament of Pakistan: A History of Institution-Building and (Un)Democratic Practices” is authored by__________?,A. Mohsin Hamid,B. Hamid Khan,C. Mirza Waheed,D. Mahboob Hussain,D. Mahboob Hussain
Zambia is the new name of__________?,A. Congo,B. Hispania,C. Northern Rhodesia,D. Euphra,C. Northern Rhodesia
Building of the Supreme Court in Islamabad was designed by a _________ architect?,A. Turkish,B. Greek,C. Japanese,D. Pakistani,C. Japanese
Which player played cricket for both India and Pakistan?,A. Nazar Muhammad,B. Mudassar Nazar,C. Majid Khan,D. Abdul Kardar,D. Abdul Kardar
Arachnophobia is fear of __________?,A. Fear of Snakes,B. Fear of  Mosquito,C. Fear of Cat,D. Fear of Spider,D. Fear of Spider
Which Country has No Words in National Anthem?,A. Spain,B. Nigeria,C. Greenland,D. Iceland,A. Spain
Which Country has the longest national anthem of the world?,A. Egypt,B. Russia,C. Canada,D. Greece,D. Greece
Which country has the shortest national anthem in the World?,A. Brazil,B. Canada,C. Egypt,D. Japan,D. Japan
Which country has no National Anthem?,A. Peru,B. South Sudan,C. South Africa,D. Cyprus,D. Cyprus
Which Country have two National Anthem?,A. NewZeland and Denmark,B. China and Russia,C. Iraq  and Iran,D. U.K and U.S.A,A. NewZeland and Denmark
Atlas Mountain is found in__________?,A. Niger,B. Congo,C. Morocco,D. Italy,C. Morocco
When did women compete in Olympic Games in first time?,A. 1900,B. 1912,C. 1916,D. 1920,A. 1900
First commercial cellphone service started in 1984 in________?,A. Londin ( UK),B. Chicago (USA),C. paris ( France),D. Rome (italy),B. Chicago (USA)
Famous novel ” Train to Pakistan” written by___________?,A. Jaswant Singh,B. I K Adwani,C. Khushwant Singh,D. None of these,C. Khushwant Singh
North Korea first tested its nuclear weapons in___________?,A. 2004,B. 2005,C. 2006,D. 2007,C. 2006
Shahid Beheshti port lies in___________?,A. India,B. Bangladesh,C. Iran,D. Pakistan,C. Iran
OPCW deals with___________?,A. Community welfare,B. Conflict prevention,C. Chemical weapons,D. None of these,C. Chemical weapons
Ufa is city of_________?,A. American,B. Russia,C. Lithuania,D. None of these,B. Russia
Article 51 of the UN charter deals with___________?,A. Right to offense,B. Non- military intervention,C. Right to self defense,D. None of these,C. Right to self defense
Which city was named as Shah jahanabad?,A. Delhi,B. Agra,C. Rajasthan,D. None,A. Delhi
Origin of ‘Modren Globaliztion’ i.e Globalization of 20th/21st century can mainly  be credited to_________?,A. Industrial Revolution,B. Bretton Woods Conferences,C. Word Trade Organization,D. None of the above.,B. Bretton Woods Conferences
Isthmus is___________?,A. A lagoon,B. An inland Sea,C. An island in a river,D. Narrow piece of land  connecting larger land areas,D. Narrow piece of land  connecting larger land areas
Duckworth Lewis method in cricket was introduced after 1992 Cricket World Cup by___________?,A. Frank Duckworth,B. Tony Lewis,C. Jhon Lewis & Allen Duckworth,D. Both A & B,D. Both A & B
Keeping of Birds Called___________?,A. Apiculture,B. Aviculture,C. Viniculture,D. Viticulture,B. Aviculture
The first cloned animal was____________?,A. Goat,B. Cow,C. Rat,D. Sheep,D. Sheep
‘Quwwat ul-Islam’ Mosque is in_______________?,A. Kabul,B. Agra,C. Lahore,D. Delhi,D. Delhi
Which of the following is world’s 5th largest country (by area)?,A. Argentina,B. United States of America,C. Brazil,D. Kazakhstan,C. Brazil
Who was called “The Desert Fox”?,A. Adolf Hitler,B. Gen. Erwin Rommel,C. Williams Roger’s,D. Sir. Robert Rogers,B. Gen. Erwin Rommel
Bo-Kaap is Historic character and Heritage located in__________?,A. Zimbabwe,B. South Africa,C. Zambia,D. Nepal,B. South Africa
Vincent Van Gogh was a__________?,A. Actor,B. Painter,C. Sportsmen,,B. Painter
Chop Shot is a ________ shot in Table Tennis?,A. Backhand,B. Left Hand,C. Forehand,,A. Backhand
The stick which is used to hit the ball in Golf is called__________?,A. Club,B. Golf stick,C. Golf Hockey,D. None of these,A. Club
Where is Bathsheba Beach situated?,A. Chile,B. Brazil,C. Barbados,D. Mexico,C. Barbados
Which continent is known as Dark Continent?,A. Africa,B. Europe,C. Asia,D. America,A. Africa
Who was the first Secretary General of Pakistan?,A. Ch Muhammad  Ali,B. Ch Shokat Ali,C. Ch Liqat Ali,D. Ch Muhammad Ali Johar,A. Ch Muhammad  Ali
Father of Slave dynasty?,A. Quṭb al-Dīn Aibak,B. Khizer khan,C. Behlol Lodhi,D. None of these,A. Quṭb al-Dīn Aibak
‘Spartly Island’ in the South china sea are disputed between China and__________?,A. Vietnam,B. Malaysia,C. Philippines,D. All of these,D. All of these
“Folketing” is the parliament of_________?,A. France,B. Italy,C. China,D. Denmark,D. Denmark
Canton is a city in___________?,A. Thailand,B. South Korea,C. North Korea,D. China,D. China
Benghazi is a city of__________?,A. Morocco,B. Libya,C. Iraq,D. Syria,B. Libya
The Book ” A farewell to Arms ” was written by_________?,A. Ernest Hemingway,B. Chaerls Dickens,C. Huxley,D. Thomas Hardy,A. Ernest Hemingway
KGB was the national security agency of___________?,A. Yugoslaivia,B. UK,C. syira,D. Soviet Union,D. Soviet Union
A chronometer meter measures__________?,A. Sound waves,B. Time,C. Color contrast,D. Water waves,B. Time
Who discovered the Solar system ?,A. Copernicus,B. Newton,C. Galileo,D. Kepler,A. Copernicus
The capital of Tajikistan is_________?,A. Dodoma,B. Dushenbe,C. Astana,D. Tashkent,B. Dushenbe
Old Name of Squash is___________?,A. Rackets,B. Binfel,C. Steel hit,D. Green Ball,A. Rackets
How is the hantavirus transmitted?,A. When a mouse or rat bites you,B. When you inhale airborne particles that contain the hantavirus,C. When you eat food contaminated with the hantavirus,D. All of the above,D. All of the above
Hantaviruses are spread to humans through contact with certain animals. Which animals?,A. Deer mice,B. New World rats,C. White-footed mice,D. All of the above,D. All of the above
What group(s) of people has/have a higher risk of developing severe disease and death due to Coronavirus (Covid-19)?I. Women and ChildrenII. 60 years old or aboveIII. people already underlying medical conditions ;,A. I only,B. II only,C. I and II,D. II and III,D. II and III
Name the Europian who first landed on Indian Subcontinent?,A. Lord Caning,B. Vasco da gama,C. David Johnson,D. James Nesham,B. Vasco da gama
Nicosia is the capital of which country __________ ?,A. Denmark,B. Dominica,C. Cyprus,D. None of these,C. Cyprus
Moroni is the capital of which country __________ ?,A. Cyprus,B. Czechia,C. Comoros,D. None of these,C. Comoros
Bogotá is the capital of which country __________ ?,A. Comoros,B. Cuba,C. Colombia,D. None of these,C. Colombia
Who was the first PM of England?,A. Clement Atlee,B. Robert walpolee,C. Adams Smith,D. George Washinton,B. Robert walpolee
“Dasht-e-Lut” desert is located in____________?,A. China,B. Libya,C. Iraq,D. Iran,D. Iran
Which of the following diseases are related to Coronavirus?,A. SARS,B. MERS,C. Both A and B,D. None of above,C. Both A and B
How many muslim country are there in ASEAN ?,A. 3,B. 5,C. 4,D. 2,A. 3
Paradise Lost was written by__________?,A. William Shakespear,B. Samuel Johnsan,C. John Milton,D. Charles Dickens,C. John Milton
When Air Commodore Muhammad Mahmood Alam Was Died?,A. 13 March 2013,B. 15 March 2013,C. 17 March 2013,D. 18 March 2013,D. 18 March 2013
When Was Air Commodore Muhammad Mahmood Alam Born?,A. 6th July 1935,B. 6th June 1936,C. 6th May 1936,D. 6th March 1936,A. 6th July 1935
How many prisons are in Punjab?,A. 31,B. 32,C. 40,D. None of these,C. 40
In which state of USA is the Harvard University?,A. California,B. Massachusetts,C. New York,D. Florida,B. Massachusetts
What is the national animal of the Democratic Republic of the Congo?,A. Okapi,B. Mute Swan,C. Springbok,D. None of these,A. Okapi
National animal of Austria is__________?,A. Okapi,B. Oryx,C. Eagle,D. None of these,C. Eagle
The young Blue Hole (YBH) which was discovered in South China Sea has the depth of ______m?,A. 300m,B. 200m,C. 202m,D. 304m,A. 300m
What is the capital of Tonga?,A. Funafuti,B. Nuku’alofa,C. Port Vila,D. None of these,B. Nuku’alofa
Tarawa is the capital of_________?,A. Nauru,B. Tuvalu,C. Kiribati,D. None of these,C. Kiribati
” Buka ” is the capital of_________?,A. Micronesia,B. Bougainville,C. Vanuatu,D. None of these,B. Bougainville
Papua New Guinea got independence in 1975 from which country?,A. Philippine,B. Australia,C. Serbia,D. Indonesia,B. Australia
National animal of Mongolia is__________?,A. Przewalski Horse,B. The Golden Eagle,C. Fennec Fox,D. None of these,A. Przewalski Horse
“Kouprey” is the national animal of__________?,A. Nigeria,B. Cambodia,C. Mongolia,D. None of these,B. Cambodia
The International Committee for the Red Cross was founded by__________?,A. Henry Dunant,B. Baden Powell,C. Donald Ross,D. None of these,A. Henry Dunant
“Chennai” is the new name of which Indian city?,A. Patna,B. Madras,C. Agra,D. Lucknow,B. Madras
Albert Einstein was born in__________?,A. Omen,B. USA,C. Germany,D. Israel,C. Germany
What is the width of badminton court for a single player?,A. 5.18 meter,B. 6.10 meter,C. 0.40 meters,D. 5.20 meter,A. 5.18 meter
Who constructed Suez Canal ?,A. Fyodor Litke,B. Pyotr Semyonov-Tyan-Shansky,C. Voin Rimsky-Korsakov,D.,Ferdinand de Lesseps
An asteroid orbiting between Mars and Jupiter has been named after which famous Pakistani personality?,A. Dr. Abdus Salam,B. Dr. Abdul Qadir Khan,C. Pervez Hoodbhoy,D. Malala Yousafzai,D. Malala Yousafzai
The Old name of korea is___________?,A. Choson,B. Magyar,C. Helvetia,D. None,A. Choson
How many Landlocked Countries are in South America?,A. 2,B. 11,C. 15,D. 16,A. 2
Which Country has three Capitals?,A. South Africa,B. Sri Lanka,C. Yemen,D. None of these,A. South Africa
Younas Khan Sports Complex is situated in which city?,A. Waziristan,B. Afghanistan,C. Bannu,D. Balochistan,A. Waziristan
Who is Considered as the Master of Greek comedy?,A. Aeschylus,B. Sophocles,C. Aristophanes,D. Philip,C. Aristophanes
How many British members of European Parliament are there?,A. 71,B. 73,C. 77,D. None of these,B. 73
Who was the ruler on District Dir at the time of Independence?,A. Shah jehan,B. Wali Khan,C. Nawab Shah Jehan Khan,D. Akbar,C. Nawab Shah Jehan Khan
When was District Dir of KPK merged in Pakistan?,A. 1949,B. 1956,C. 1969,D. 1973,C. 1969
The capital of Malawi is_________?,A. Abuja,B. Lilongwe,C. lusaka,D. None,B. Lilongwe
Pristine is Capital Of__________?,A. Thumpo,B. Davo City,C. Kosovo,D. Melbourne,C. Kosovo
Largest City Of South Africa is__________?,A. Pritoria,B. Kingston,C. Capetown,D. Zambia,C. Capetown
Which Continents have no landlocked countries?,A. North America,B. Oceania,C. Antarcatica,D. All,D. All
The old name of Jordan is__________?,A. Transjordan,B. French sudan,C. Magyar,D. None,A. Transjordan
The Old name of Algeria is__________?,A. Numidia,B. Nyasaland,C. Ceylon,D. None,A. Numidia
National Animal of China is___________?,A. Bear,B. Kangaroo,C. Gray wolf,D. Giant Panda,D. Giant Panda
Which country is called “land of palms”?,A. Brazil,B. USA,C. Italy,D. None,A. Brazil
What is the Capital city of Bangladesh?,A. New Delhi,B. Dhaka,C. Male,D. Neypidya,B. Dhaka
A Quadrillion has _________ zeros?,A. 15 zeros,B. 18 zeros,C. 21 zeros,D. None of these,A. 15 zeros
Which country has won the ICC Women’s T20 World Cup Maximum times?,A. West Indies,B. England,C. Australia,D. None of the following,C. Australia
How many times Australian women’s cricket team won the T20 World Cup title out of 7 tournaments held from 2009 to 2020?,A. 1,B. 3,C. 5,D. 7,C. 5
Women’s T20 World Cup 2020 is the _______ World Cup held by ICC ?,A. 5th,B. 6th,C. 7th,D. 8th,C. 7th
The poetry first written by Allama iqbal in Persian and than Translated in Urdu by Popular Demand was__________?,A. Bang e Dara,B. Zarb-e-Kaleem,C. Bal-e-Jibraeel,D. Armaghan-e-Hijaz,A. Bang e Dara
In which year the Taliban Office opened in Qatar?,A. 2003,B. 2010,C. 2013,D. 2020,C. 2013
"The recent leap year, where February had 29 days, was_________?",A. 2016,B. 2018,C. 2019,D. 2020,D. 2020
National Flower OF USA is_________?,A. Rose,B. Jasmine,C. Tulips,D. None,A. Rose
Which country is called the tear drop of India?,A. Maldives,B. Bangladesh,C. Sri Lanka,D. Myanmar,C. Sri Lanka
Muhammad bin Qasim was born in__________?,A. 693 AD,B. 694 AD,C. 695 AD,D. 696 AD,C. 695 AD
In which year Imran Khan married to Jemima Goldsmith ?,A. 1993,B. 1994,C. 1995,D. 1996,C. 1995
Who is known as the Father of Geometry?,A. kepler,B. Euclid,C. Pythagoras,D. Newton,B. Euclid
In which year Muhammad Bin Qaseem died?,A. 18 July 715 AD,B. 18 July 716 AD,C. 18 July 717 AD,D. 18 July 718 AD,A. 18 July 715 AD
___________becomes the first country with free public transport?,A. America,B. Japan,C. Pakistan,D. Luxembourg,D. Luxembourg
The Second Largest Cricket Ground In The World?,A. Melbourne Cricket Ground,B. Eden Gardens,C. Shaheed Vir Narayan Singh International Cricket Stadium,D. Jawaharlal Nehru International Stadium,A. Melbourne Cricket Ground
Who Has Taken The Most Wickets In World Cup Cricket?,A. Andy Roberts From West Indies,B. Glenn McGrath From Australia,C. Malinga From Sri Lanka,D. Shaun Tait From Australia,B. Glenn McGrath From Australia
Tafseer al Quran al Azeem was written by _____________?,A. Ismail bin Kathir (Ibn Al Athir),B. Imam Abu HAneefa,C. Imam Ghazali,D. Imam Razi,A. Ismail bin Kathir (Ibn Al Athir)
The Biography Of Holy Prophet (SAW) entitled “Sirat Rasul Ullah” was written by __________?,A. Ibn Ishaq,B. Ibn Hukul,C. Al Beruni,D. Ferdosi,A. Ibn Ishaq
Ibn sina a great muslim scientist of the golden age was born in Afsana near Bukhara Uzbekistan and he was died at ________?,"A. Tus, Iran","B. Hamadan, Iran","C. Bukhara, Uzbekistan",D. Kabul,"B. Hamadan, Iran"
Abul Qasim Ferdowsi was a persian by ____________profession?,A. Poet,B. Chemist,C. Astronomer,D. Mathematics,A. Poet
Which city of India is called Pink City?,A. Dehli,B. Jaipur,C. Gurdaspur,D. Patna,B. Jaipur
Headquarter of International Civil Aviation Organization (ICAO) is located in___________?,A. Brussels (Belgium),B. Chicago (U.S),C. Montreal (Canada),D. Oslo (Norway),C. Montreal (Canada)
Which famous personality was offered to be the first President of Israel?,A. Barack Obama,B. Albert Einstein,C. Fernandus adwerd,D. None of these,B. Albert Einstein
Which country is called the land of a thousand elephants?,A. Netherlands,B. England,C. Laos,D. South Africa,C. Laos
What is the Currency of Magnolia?,A. Togrog,B. Euro,C. Piso,,A. Togrog
The book Firdus-ul-Hikmat was written on ___________?,A. Astronomy,B. Physics,C. Medicine,D. Mathematics,C. Medicine
Granada fall in the year of _________?,,,,,1492 A.D
What generation Salah ud Din Ayubi from?,A. Arbi,B. Kurd,C. Sodani,D. truky,B. Kurd
Which country is called land of poets?,A. Brazil,B. Chile,C. south Africa,D. None,B. Chile
Name the World’s Biggest Cricket Stadium?,"A. Melbourne cricket Ground, Australia","B. National stadium Karachi, Pakistan","C. Motera stadium Ahmedabad, India",D. None of these,"C. Motera stadium Ahmedabad, India"
Petra an archeaological site is among the new seven Wonder of the world located in_________?,A. Mexico,B. Italy,C. Spain,D. Jordan,D. Jordan
In which year European rulers captured palestine from the Muslims in Cursades War ?,A. 1095,B. 1099,C. 1115,D. 1199,B. 1099
What is “Ikebana”?,A. Japanese Art of flower arrangement,B. Greek Art of fighting,C. Art of dancing and music,D. None of these,A. Japanese Art of flower arrangement
Which country is called land of hope and Glory?,A. England,B. USA,C. Thailand,D. None,A. England
"Hazrat Umar R.A embraced Islam, influenced by which Surah Of Holy Quran?",A. Surah Taha,B. Surah Yaseen,C. Surah Fateh,D. Surah Almaedah,A. Surah Taha
The old name of Hungary is________?,A. Nyasaland,B. Magyar,C. Congo,D. None,B. Magyar
Which Country is called land of Opportunities?,A. USA,B. Italy,C. Germany,D. None,A. USA
The International Cricket Council (ICC) was founded in___________?,A. 1909,B. 1907,C. 1911,D. 1920,A. 1909
The old name of Libya was_________?,A. Tripoli,B. Helvetia,C. Zaire,D. None,A. Tripoli
“Tanger Med” is the seaport of ________ ?,A. U.S.A,B. U.K,C. Canada,D. Morocco,D. Morocco
Algeciras is the seaport of ________ ?,A. Spain,B. Japan,C. Italy,D. Egypt,A. Spain
Port of Kobe is the seaport of __________ ?,A. India,B. Indonesia,C. Nepal,D. Japan,D. Japan
Darren Sammy a famous cricket player was born in_________________?,A. Saint Lucia,B. Jamaica,C. South Africa,D. none,A. Saint Lucia
World’s oldest living man belongs to Japan whose name is__________?,A. Antonio Todde,B. Masazo Nonaka,C. Chitetsu Watanabe,D. None of these,C. Chitetsu Watanabe
What is the name of the storm which hit the United Kingdom in February 2020?,A. Storm Habin,B. Storm Kyar,C. Storm Cirar,D. Storm Dennis,D. Storm Dennis
VRT is news Channel of ___________?,A. PAKISTAN,B. BELGIUM,C. USA,D. RUSSAIA,B. BELGIUM
The Quranic surah Al-Ikhlas means __________?,A. The politeness,B. The Purity,C. The Straight path,D. The character,B. The Purity
Fatimid Caliphate came to end in_________AD.,A. 1179 A.D,B. 1189 A.D,C. 1171 A.D,D. 1258 A.D,C. 1171 A.D
who was the Last Fatimid Caliph?,A. Al-Adid,B. Ubaidallah Mahdi,C. Al_Mustansir,D. Badar Jamali,A. Al-Adid
Ḥamid Muḥammad ibn Muḥammad aṭ-Ṭusiy al-Ġazaliy (Imam Ghazali) was a _________origin.,A. Turk,B. Kurd,C. Arab,D. Persian,D. Persian
National day of the Islamic country Sudan is observed on ______________?,,,,,1 January
The Heisman Trophy Presented in which Sport?,A. Hockey,B. Football,C. Table Teniss,D. Baseball,B. Football
How many diffrent flavor of jelly bean exist?,A. 50,B. 42,C. 51,D. 60,A. 50
What golfer first name means” victory ” in hindi?,A. Vijay sing,B. Vaman kumar,C. Virat Malhotara,D. Sunil kumar,A. Vijay sing
How many teams participated in Kabaddi 2020 World Cup?,A. 8,B. 9,C. 10,D. 11,C. 10
In which of the following countries Red Lake is situated?,A. France,B. Canada,C. Australia,D. USA,D. USA
The old name of Switzerland is________?,A. Farmosa,B. Helvetia,C. Ceylon,D. Malaya,B. Helvetia
Algeria became independent in ______________?,A. 1964,B. 1961,C. 1962,D. None of these,C. 1962
Iraq granted independence by the __________in 1932?,A. league of nation,B. France,C. Britain,D. UN,A. league of nation
Which is the national song of india?,A. Jana Gana Mana,B. Vande Mataram,C. Jay Baharat,D. None,B. Vande Mataram
Which country won the very first FiFa world cup in 1930?,A. Uruguay,B. Brazil,C. Germany,D. Spain,A. Uruguay
Elephants are the only animals that can’t _________.,A. Jump,B. Walk,C. Run,D. Drink,A. Jump
A shuttlecock is used in what sport?,A. Hockey,B. Badminton,C. Table Tennis,D. Football,B. Badminton
In what US state is Area 51 located?,A. Ohio,B. Georgia,C. Oregon,D. Nevada,D. Nevada
In what state Brake Obama born in_________?,A. Florida,B. Arizona,C. Hawaii,D. Alaska,C. Hawaii
What is the french name for Santa Claus?,A. Pare Neol,B. Abbe Neol,C. Corentin Neol,D. Adan Neol,A. Pare Neol
Which of the following island is the disputed Island between India and Bangladesh?,A. New Moor,B. Majuli,C. Umananda,D. Dibru-Saikhuwa,A. New Moor
How many minutes was the longest recorded point in the history of Tennis?,A. 29 min,B. 50 min,C. 80 min,D. 1 hour,A. 29 min
What was the first country from Africa to qualify for a soccer world cup?,A. Sudan,B. Egypt,C. Somalia,D. Jordan,B. Egypt
Muhammad Ali had his first ever loss in the realm of professional boxing in what year?,A. 1971,B. 1983,C. 1990,D. 1975,A. 1971
A touchdown is worth  how many points in football?,A. Five,B. Six,C. Seven,D. Eight,B. Six
The old name of Egypt was_________?,A. South-west africa,B. french sudan,C. United Arab Republic,D. None,C. United Arab Republic
Whats name does camel meat go by?,A. Pork,B. Beef,C. Camel,D. Australus,C. Camel
Which country is called land of Blue sky?,A. Mongolia,B. Bhutan,C. Macedonia,D. None,A. Mongolia
The first season of PSL took place on___________?,A. 4th Jan 2016,B. 4th Mar 2016,C. 4th Feb 2016,D. 4th May 2017,C. 4th Feb 2016
Who won the Kabaddi World Cup 2020 ?,A. Azerbaijan,B. Pakistan,C. India,D. Germany,B. Pakistan
The old name of zambia is,A. Northern Rhodesia,B. southern Rhodesia,C. Ceylon,D. Siam,A. Northern Rhodesia
The capital of Serbia is __________ ?,A. Ljubljana,B. Madrid,C. Burn,D. Belgrade,D. Belgrade
The capital of Scotland is ___________?,A. San Marino,B. Edinburgh,C. Belgrade,D. Bratislava,B. Edinburgh
The cores of the earth are called nife because these consist of__________?,A. Nickel and ferrous,B. Nickel and Magnesuim,C. Nickle and Silicon,D. None of them,A. Nickel and ferrous
Crimean wars were faught between ?,A. Russia and Ottomans,B. England and Egypt,C. Crimea and Armenia,D. Russia and japan,A. Russia and Ottomans
"When was the fast food chain, McDonald’s founded?",A. 1940,B. 1979,C. 1995,D. 2005,A. 1940
Which city is called the hub of fashion?,A. Tokyo,B. Milan,C. New York,D. Paris,B. Milan
Name the tallest building in karachi?,A. HBL,B. MCB Tower,C. Bahria Icon Tower,D. Bakt Tower,C. Bahria Icon Tower
The world’s first drainage system was build by the people of__________?,A. Egyptian civilization,B. Indus Valley civilization,C. Chinese civilization,D. Mesopotamian civilization,B. Indus Valley civilization
TCS stands for_________?,A. Transport Courier Service,B. Tranzum Courier Service,C. Time Courier service,D. None of these,B. Tranzum Courier Service
Name the first Muslim who traveled in space?,A. Sheikh khalid waleed,B. Sheikh Bokhatar,C. Prince karim sulman,D. Prince salman Al masud,D. Prince salman Al masud
Which country is called Buffer state of Asia?,A. Pakistan,B. Afghanistan,C. Bhutan,D. Mayanmar,B. Afghanistan
Archery is national game of which country?,A. Nepal,B. Bhutan,C. Mayanmar,D. Veitnam,B. Bhutan
Where Port Palermo is located?,A. Tyrrhenian Sea,B. Red Sea,C. Adriatic Sea,D. Mediterranean Sea,A. Tyrrhenian Sea
Which Muslim Country has Hindu God on its Currency?,A. Indonesia,B. Morocco,C. Turkey,D. Brunei,A. Indonesia
In which year Queen Elizabeth II of the United Kingdom was born?,A. 1920,B. 1922,C. 1925,D. 1926,D. 1926
Churna island is best known for which activity?,A. Surfing,B. Fly Boarding,C. Snorkeling,D. Wake Boarding,C. Snorkeling
The Capital of Zambia is __________ ?,A. Harare,B. Apia,C. Lusaka,D. Hanoi,C. Lusaka
The Capital of Samoa is __________ ?,A. Mayotte,B. Caracas,C. Montevideo,D. Apia,D. Apia
The Capital of Kosovo is __________ ?,A. Port Vila,B. Sana’a,C. Apia,D. Pristina,D. Pristina
The Capital of Zimbabwe is __________ ?,A. Lusaka,B. Pretoria,C. Sanna,D. Harare,D. Harare
Which is the national flower of Turkey ?,A. Sunflower,B. Tulip,C. Tudor Rose,D. Lily,B. Tulip
Who has won the most Academy awards?,A. James cameron,B. Katherine Hapburn,C. Walt Disney,D. None of these,B. Katherine Hapburn
Taj Mahal features a perfect blend of Islamic indian & _________architecture style?,A. Persian,B. Italian,C. French,D. British,A. Persian
Paris is known as the city of__________?,A. Light,B. Love,C. Bridges,D. Fragrance,B. Love
What is the shape of the shangrila lake in pakistan?,A. Circle,B. Heart,C. Triangle,D. Tear drop,B. Heart
Which is the national flower of Tunisia ?,A. Jasmine,B. Tulip,C. Sunflower,D. Red Rose,A. Jasmine
Port of Rashid is the seaport of ___________ ?,A. Iraq,B. Iran,C. UAE,D. Indonesia,C. UAE
Port of Khalid  is the Seaport of ___________ ?,A. Turkey,B. Iran,C. Indonesia,D. UAE,D. UAE
Which is the national flower of Thailand ?,A. Rose,B. Lily,C. Yellow Elder,D. Ratchaphruek,D. Ratchaphruek
Which is the largest Exporter of Rice?,A. Pakistan,B. China,C. India,D. Bangladesh,C. India
"A 112-year-old Japanese living man has been crowned the world’s oldest male, whose name is__________?",A. Masazo Nonaka,B. Chitetsu Watanabe,C. Kane Tanaka,D. None of these,B. Chitetsu Watanabe
How many type of italian pasta are there?,A. 200,B. 350,C. 400,D. 550,B. 350
The first cooking school was founded in which country?,A. Canada,B. America,C. England,D. Germany,B. America
Which of the following Leonardo famous work?,A. Olympia,B. Guernica,C. Mona Lisa,D. The scream,C. Mona Lisa
Richard Branson is the founder of the__________group?,A. Motorolla,B. Nokia,C. Samsung,D. Virgin,D. Virgin
Porsche AG is a____________automobile manufacturer?,A. German,B. Chinese,C. Italian,D. French,A. German
Who is The First You Tuber?,A. Jawed Karim,B. John adris,C. Liaqat Ali,D. None Of These,A. Jawed Karim
The capital of Maldives is_________?,A. Male,B. Abuja,C. Thimphu,D. None of these,A. Male
Tashkent is the capital of_________?,A. Turkmenistan,B. Kazakhstan,C. Uzbekistan,D. None of these,C. Uzbekistan
Lawrence garden Lahore was a gift from__________?,A. K. Lawrence,B. Engineer Lawrence,C. Governor Lawrence,D. None of these,D. None of these
‘Latakia’ is the seaport of_________?,A. Syria,B. jorden,C. Libya,D. Egypt,A. Syria
"When is the World Pulses Day observed,across the World?",A. Feb 8,B. Feb 9,C. Feb 10,D. Feb 11,C. Feb 10
Leonardo Da Vinci was an________Polymath of the Renaissance?,A. English,B. Chinese,C. Italian,D. French,C. Italian
Who made the first animated film?,A. Stane Lee,B. Walt,C. Disney,D. J.Stuart Blackton,D. J.Stuart Blackton
Which was first Country to grow Cocoa?,A. Brazil,B. Finland,C. Japan,D. Mexico,D. Mexico
The Capital of the Lebanon is___________?,A. Jorden,B. Beirut,C. Tyre,D. Sidon,B. Beirut
Hoover Dam is located in which country ?,A. UK,B. UA,C. USA,D. Sweden,C. USA
What is length of the albert canal ?,A. 80.5 mile,B. 84 mile,C. 86 mile,D. None,A. 80.5 mile
When did Albert canal opened for shipping ?,A. 1935,B. 1939,C. 1941,D. 1940,B. 1939
The capital of the Panama is _______?,A. Oslo,B. Abuja,C. Panama city,D. Muscat,C. Panama city
What is the Capital of Jordan?,A. Rome,B. Paris,C. Amman,D. Asmara,C. Amman
"According Researchers from South China Agricultural University, Which animal has been identified as potential link for novel Coronavirus spread?",A. Pangolins,B. civets,C. bat,D. None of these,A. Pangolins
Which country fought on both sides during World War II?,A. Japan,B. Italy,C. Poland,D. Austria,B. Italy
Stephen Hawking graduated from university of_________?,A. Oxford,B. Cambridge,C. Columbia,D. Technology,B. Cambridge
” Port of Fujairah” is the seaport of _____________ ?,A. Iraq,B. Iran,C. Syria,D. UAE,D. UAE
“Port Zayed ” is the  seaport of __________ ?,A. Indonesia,B. Yamen,C. Jordan,D. UAE,D. UAE
” Barrow Haven” is the seaport of ___________ ?,A. UK,B. Turkey,C. Italy,D. USA,A. UK
“Port of Barrow” is the seaport of ___________ ?,A. USA,B. Australia,C. UK,D. Canada,C. UK
Which is the international country code of USA ?,A. +1,B. +2,C. +31,D. +41,A. +1
Which is the national flower of Sweden ?,A. Linnaea Borealis,B. Edelweiss,C. Jasmine,D. Plum Blossom,A. Linnaea Borealis
The Russian Revolution Took Place In The Year________?,A. 1917,B. 1914,C. 1912,D. 1910,A. 1917
Which country in the world has large population of Vegetarians?,A. Bangladesh,B. India,C. Sri Lanka,D. Indonesia,B. India
Where is is headquarter of American intelligence agency CIA?,A. California,B. Washington DC,C. Virginia,D. Chicago,C. Virginia
How many bones are in human Eyes?,A. Three,B. Four,C. Five,D. Seven,D. Seven
Highest National Award of bravery in the Police Service of Pakistan is__________?,A. Allama Iqbal Police Medal,B. Imtyaz Police  Medal,C. Haider  Police Medal,D. Quaid-i-Azam Police Medal,D. Quaid-i-Azam Police Medal
Which country is third largest contributor to UN after USA and China?,A. China,B. Japan,C. Russia,D. Germany,B. Japan
Zakat system was introduced in Pakistan in________?,A. 1990,B. 1967,C. 1980,D. 1998,C. 1980
What was the old name of Quetta ?,A. Karatshi,B. Shalamar,C. Shalkot,D. Quetta,C. Shalkot
Capital of Belgium is_________?,A. Brussels,B. La pez,C. Paris,D. Ottawa,A. Brussels
Capital of Bulgaria is__________?,A. Sofia,B. Norway,C. Ottawa,D. Yaonde,A. Sofia
Capital of Bangladesh is_________?,A. Minsk,B. Manama,C. Dhaka,D. Karachi,C. Dhaka
Capital of Pakistan is_________?,A. Lahore,B. Islamabad,C. Kabul,D. Karachi,B. Islamabad
Capital of Algeria is__________?,A. Vienna,B. Algiers,C. Annaba,D. Oran,B. Algiers
The Capital of Albania is__________?,A. Luanda,B. Tirana,C. Vienna,D. Baku,B. Tirana
Som is the currency of what country ?,A. Indonesia,B. Malaysia,C. Uzbekistan,D. Azerbaijan,C. Uzbekistan
Bakhtar is the news agency of what country ?,A. Iran,B. Iraq,C. Uzbekistan,D. Afghanistan,D. Afghanistan
Atom was a name given by ____________ ?,A. Democritus,B. Bohr,C. Rutherford,D. Archimedes,A. Democritus
About how many taste buds does the average human tongue have?,A. 5000,B. 10000,C. 12000,D. 3000,B. 10000
The first mobile phone was created In___________?,A. 1970,B. 1973,C. 1980,D. 1983,B. 1973
Google is an_________multinational technology company?,A. American,B. Indian,C. Italian,D. German,A. American
Google was founded by how many people?,A. One,B. Two,C. Three,D. Four,B. Two
Electric motor was invented by __________ ?,A. Michael Faraday,B. Oliver Evans,C. Thomas Edison,D. Horace Day,A. Michael Faraday
Who was ‘Father Of Chemical Warfare’ _________?,A. Fritz Haber,C. William Ramsay,D. Louis Pasteur,,A. Fritz Haber
Shakespeare is known mostly for his _________ ?,A. Poetry,B. An autobiography,C. A diary,D. Plays,D. Plays
Which is the national flower of Sri Lanka ?,A. Edelweiss,B. Water Lily,C. Rose,D. Golden Rose,B. Water Lily
Which kind of alcohol is russia notoriously known for?,A. Brandi,B. Whisky,C. Vodka,D. Rum,C. Vodka
What is the national dish of France?,A. Pot au feu,B. Pad Thai,C. Pelmeni,D. French cuisine,A. Pot au feu
The first English Dictionary was compiled by _________ ?,A. Isaac Walton,B. Samuel Johnson,C. Samuel Butler,D. Sir Thomas Browne,B. Samuel Johnson
Which is the world’s largest solar telescope that recently captures its first image of the Sun in January 2020?,A. Gran Telescopio Canarias,B. Hobby-Eberly Telescope,"C. GREGOR, Teide Observatory",D. Daniel K Inouye Solar Telescope,D. Daniel K Inouye Solar Telescope
What is the Theme of “World Cancer Day 2020”?,A. “I Can We Can”,B. “Myths The Debunk”,C. “No Ahead Of Us”,D. “I am and I will”,D. “I am and I will”
Who was Pakistan’s first female commercial pilot?,A. Aysha Farooq,B. Shukriya Khanum,C. Maryam Mukhtar,D. Sana Aziz,B. Shukriya Khanum
Microsoft was founded in________?,A. 1970,B. 1972,C. 1975,D. 1981,C. 1975
How many white stars have on European Union flag?,A. 11 Stars,B. 12 Stars,C. 14 Stars,D. 15 Stars,B. 12 Stars
How many white stars have on Singapore flag?,A. Three,B. Four,C. Five,D. Six,C. Five
Which is the national flower of South Africa?,A. King Protea,B. Rose Of Sharon,C. Water Lily,D. Carnation,A. King Protea
Which is the national flower of Slovakia?,A. King Protea,B. Golden Lily,C. Golden Trumpet,D. Rose,D. Rose
Which is the national flower of Singapore ?,A. Comet Orchid,B. King Protea,C. Rose,D. Vanda Miss Joaquim,D. Vanda Miss Joaquim
“Port of Felixstowe ” is the seaport of __________ ?,A. U.S.A,B. U.K,C. Turkey,D. Israel,B. U.K
“Port of Mobile” is the seaport of _______ ?,A. U.S.A,B. Indonesia,C. China,D. Canada,A. U.S.A
“Port of Long Beach” is the seaport of __________ ?,A. U.K,B. Russia,C. Australia,D. U.S.A,D. U.S.A
Which Country is second largest Contributor to UN after USA?,A. Russia,B. Saudi Arabia,C. China,D. France,C. China
The national tree of which country is the Banyan tree?,A. Germany,B. Italy,C. India,D. Canada,C. India
Which one is the capital of Malta?,A. Vatican City,B. Sydney,C. Bern,D. Valletta,D. Valletta
How many time has Queen Elizabeth visited Pakistan?,A. One time,B. Two time,C. Three time,D. Four time,B. Two time
Britain remained member of EU for how many years?,A. 54 Years,C. 35 Years,D. 60 Years,,b. 47 Years
Heeresnachrichtenamt (HNA) is the army intelligence agency of ___________ ?,A. Poland,B. Azerbaijan,C. Afghanistan,D. Austria,D. Austria
Which of the following is the intelligence agency of Australia ?,A. Australian Security Intelligence Organisation (ASIO),B. Australian Secret Intelligence Service  (ASIS),C. Defence Intelligence Organisation (DIO),D. Office of National Assessments (ONA),E. All of the above
State Intelligence Service (SHISH) is the intelligence agency of which country ?,A. Algeria,B. Albania,C. Argentina,D. Afghanistan,B. Albania
” Port of Montevideo” is the seaport of _________ ?,A. Vietnam,B. Portugal,C. Uruguay,D. UK,C. Uruguay
How many countries are members of European Union?,A. 30,B. 27,C. 29,C. 28,B. 27
“Hai Phong port” is the seaport of _________ ?,A. China,B. Japan,C. South Korea,D. Vietnam,D. Vietnam
“Port of Hodeidah” is the seaport of _______ ?,A. Iraq,B. Qatar,C. Yemen,D. Turkey,C. Yemen
Which Country has been Ranked as the World’s Second Largest Weapons Manufacturer?,A. USA,B. Russia,C. China,D. Pakistan,C. China
“Islam at the Crossroads” was originally written in__________?,A. 1934,B. 1944,C. 1954,D. 1964,A. 1934
Which is the national flower of Serbia?,A. Plum Blossom,B. Comet Orchid,C. Rose,D. Lily of the valley,D. Lily of the valley
Which is the national flower of Scotland ?,A. Teuila,B. Cyclamen,C. Thistle,D. Plum Blossom,C. Thistle
Which is the national flower of San Marino ?,A. Teuila,B. Cyclamen,C. Thistle,D. Plum Blossom,B. Cyclamen
Which is the national flower of Samoa ?,A. Teuila,B. Cyclamen,C. Thistle,D. Plum Blossom,A. Teuila
What is “Shinkansen” in Japan?,A. Shopping Mall,B. Bullet Train,C. Temple,D. A mountain,B. Bullet Train
What is “Sorbonne” in Paris?,A. Presidential Palace,B. University,C. Art Gallery,D. Drama Theater,B. University
Mostly bank notes in the world are made of what?,A. Cotton,B. Paper,C. Cellulose,D. Wood,A. Cotton
Which gulf is NOT located at the Northern end of the Red Sea?,A. Suez,B. Gulf of Alaska,C. Aden,D. Aqaba,C. Aden
Which of these terms means “Common People”?,A. Bok Choy,B. Hoi Polloi,C. Convoy,D. Perth Amboy,B. Hoi Polloi
What is the official language of the tiny nation between France and Spain?,A. French,B. Spanish,C. Portuguese,D. Catalan,D. Catalan
"Which country officially left the European Union on 31st January, 2020 ?",A. Ireland,B. Scotland,C. Germany,D. UK,D. UK
“Maritime” is a security agency of which country?,A. China,B. France,C. Germany,D. Pakistan,D. Pakistan
Which country is called the “Land of Rabbits”?,A. China,B. Spain,C. Philippines,D. Australia,B. Spain
Which of them is the most common Human Phobia?,A. Fear of spiders,B. Fear of getting old,C. Fear of death,D. Fear of ghosts,A. Fear of spiders
"According to ICC rules, In 4-day test matches how many overs are there in a single day?",A. 90,B. 98,C. 108,D. 114,B. 98
Which country has NO capital in the world?,A. Papua New Guinea,B. Nauru,C. Vatican City,D. None of them,B. Nauru
The Pyramids of Sun and Moon are in which country?,A. Japan,B. Egypt,C. Mexico,D. Brazil,C. Mexico
Which Indian Leader was shot by Nathuram Vinayak Godse on 30 January 1948 ?,A. Mahatma Gandhi,B. Jawharlal Nehru,C. Indira Gandi,D. Rahul Gandhi,A. Mahatma Gandhi
Russo-Japanese war was fought during _________ ?,A. 1903-1905,B. 1902-1903,C. 1901-1902,D. 1904-1905,D. 1904-1905
In which year Bolshevik Revolution came ____________ ?,A. 1911,B. 1912,C. 1913,D. 1917,D. 1917
Ottoman Caliphate was abolished in ___________ ?,A. 1924,B. 1923,C. 1921,D. 1920,A. 1924
League of Nations was founded in which year ____________ ?,A. 1920,B. 1921,C. 1933,D. 1939,A. 1920
Battle of Gallipoli resulted in the victory of __________ ?,A. Turkey,B. Allied Powers,C. Ottomans,D. England,A. Turkey
Who was the emperor of Japan during second World War __________?,A. Chiang Kai Shek,B. Taisho,C. Sin Ke Qiang,D. Hirohito,D. Hirohito
England fought second world war under the leadership of _________?,A. Winston Churchill,B. Roosevelt,C. Mountbatten,D. Clement Attlee,A. Winston Churchill
"From which country Indonesia got independence in August 17, 1945?",A. Purtugal,B. Spain,C. Holland,D. Britain,C. Holland
Who laid the foundation of British Colonialism in India ____________ ?,A. Warren Hastings,B. Robert Clive,C. George Barlow,D. Lord Dufferin,B. Robert Clive
Napoleon invaded Egypt in _________ ?,A. 1798,B. 1800,C. 1805,D. 1810,A. 1798
What does PUBG stands for _____?,A. Player Unknown Battle Grand,B. PlayerUnknown’s Battlegrounds,C. Player Unknown Battle Global,D. None of these,B. PlayerUnknown’s Battlegrounds
Council of Westphalia was by nature a _________ ?,A. Strategic alliance,B. International treaty,C. Peace treaty,D. Defence treaty,C. Peace treaty
Peace treaty of Council of Westphalia was signed in _________  ?,A. 1647,B. 1648,C. 1650,D. None of these,B. 1648
Good Friday agreement which is related to Northern Ireland was signed in________?,A. 1998,B. 1973,C. 1992,D. none,A. 1998
Name of World’s Largest Twin Engine Jet?,A. Boeing 777X,B. Boeing 737 max,C. Boeing 999X,D. None of these,A. Boeing 777X
The Arctic Council is a high-level intergovernmental forum that addresses issues faced by the Arctic governments consists of_______ members?,A. 6,B. 7,C. 8,D. none,C. 8
“Tadawal” is the stock Exchange Market of which country?,A. Jordan,B. Qatar,C. Saudi Arabia,D. Bahrain,C. Saudi Arabia
The headquarter of World Economic forum is situated in which city?,A. Davos,B. Zurich,C. Cologny,D. None of these,C. Cologny
World Economic Forum was founded in which year?,A. January 1971,B. December 1981,C. February 1991,D. None of these,A. January 1971
Transparency International was founded in which year?,A. 1987,B. 1990,C. 1993,D. None of these,C. 1993
A kind of war such is “Guerrilla” a word of Spanish its meaning is__________?,A. Little war,B. Hidden war,C. Regular war,D. none,A. Little war
Alma Atta was  the Capital of __________upto 1997?,A. Tajikistan,B. Turkmenistan,C. Kazakhstan,D. None of these,C. Kazakhstan
During colonial era British policies towards colonies were mostly___________?,A. Harsh,B. Flexible,C. soft,D. moderate,B. Flexible
Amazon rain-forest spans over how many countries?,A. 5,B. 7,C. 9,D. none,C. 9
_______  has won the 2020 Tyler Prize for Environmental Achievement ?,A. Pavan Sukhdev,B. Sunil Arora,C. Anil Khanna,D. Sanjana Kapoor,A. Pavan Sukhdev
CNBC is a_________?,A. UAE Channel,B. British Channel,C. Russian Channel,D.  American Channel,D.  American Channel
The Second longest river in Africa is___________?,A. The Nile,B. The Congo,C. The Zambezi,D. The Yukon,B. The Congo
Battle of Actium was a decisive war fought between __________ ?,A. Roman Republic and Octavian,B. Mark Antony and Octavian,C. Caesar and Pompey,D. Saprtacus and Pompey,A. Roman Republic and Octavian
The Third Battle of Panipat was fought between ?,A. Ahmad Shah Abdali and Marathas,B. Babur and Ibrahim Lodi,C. Akbar and Lal Singh,D. Ahmed Shah and Balaji Baji Rao,A. Ahmad Shah Abdali and Marathas
The Second battle of Panipat was fought between ?,A. Hem Chandra Vikramaditya and Akbar,B. Akbar and Lal Singh,C. Ahmed Shah and Balaji Baji Rao,D. Tamerlane and Behlol Lodi,A. Hem Chandra Vikramaditya and Akbar
The First battle of panipat was fought between __________ ?,A. Babur and Ibrahim Lodi,B. Akbar and Lal Singh,C. Ahmed Shah and Balaji Baji Rao,D. Tamerlane and Behlol Lodi,A. Babur and Ibrahim Lodi
Sultan Suleiman the Magnificent ruled from ___________ ?,A. 1520 to 1566,B. 1525 to 1570,C. 1630 to 1665,D. 1640 to 1680,A. 1520 to 1566
“Port of Khor Al Zubair ” is the seaport of which country?,A. Iraq,B. Iran,C. Oman,D. Qatar,A. Iraq
Which one of the following seaport is the largest seaport of Iran ?,A. Port of Bandar Abbas,B. Port of Amirabad,C. Port of Bushehr,D. Port of Khorramshahr,A. Port of Bandar Abbas
” Port of Bushehr ” is the seaport of ________ ?,A. Iran,B. Iraq,C. Italy,D. Ireland,A. Iran
Which is the national flower of Romania ?,A. Dog Rose,B. Lavender,C. Poinciana,D. Marguerite,A. Dog Rose
"Leonardo Da Vinci was an inventor, scientist and engineer of ________ ?",A. Florence,B. Geneva,C. Genoa,D. Turin,A. Florence
Council of Trent was held from _________ ?,A. 1545 to 1563,B. 1550 to 1556,C. 1560 to 1563,D. 1540 to 1545,A. 1545 to 1563
Reformation started in which country _________ ?,A. France,B. England,C. Germany,D. Spain,C. Germany
Who first discovered Machu Picchu?,A. Hiram Bingham,B. Joseph lister,C. John marshal,D. John Walker,A. Hiram Bingham
Gatun Lake is located in________?,A. Azerbijan,B. USA,C. Panama,D. Chili,C. Panama
SNAS Aviation is a air line of which country?,A. Saudi Arabia,B. Slovenia,C. Swedon,D. South Africa,A. Saudi Arabia
Which country is the third biggest producer of uranium?,A. Kazakhstan,B. Canada,C. Pakistan,D. Australia,D. Australia
The first European to reach India by sea was__________?,A. John Cabot,B. Marco Polo,C. Christopher Columbus,D. Vasco da Gama,D. Vasco da Gama
What is the name of Capital of Nigeria?,A. Helsinki,B. Niamey,C. Abuja,D. ulaanbator,C. Abuja
Which country has their currency in rupee?,A. Croatia,B. Iran,C. Seychelles,D. None,C. Seychelles
What do you mean by Syntax?,A. Study of speech sounds,B. Study of meaning of words,C. Study of constructing sentence,D. Constructing passage,C. Study of constructing sentence
What do you mean by Phonetics?,A. Study of speech sounds,B. Study of language and rules,C. Study of insects,D. Study of meaning and syntax,A. Study of speech sounds
which is the national flower of Portugal?,A. Rose,B. Flor De Maga,C. Corn Poppy,D. Lavender,D. Lavender
The Battle of Hattin was fight in _________ ?,A. 1178,B. 1187,D. 1200,,B. 1187
Saladin took back Jerusalem after the Battle of________ ?,A. Ajnadin,B. Zama,C. Ain u Jalloot,D. Hittin,D. Hittin
Which of the following Country has not been recognized by Pakistan?,A. Georgia,B. Kiribati,C. Armenia,D. Albania,C. Armenia
Who was the First Norman king of England?,A. William,B. Bjorn,C. Harold Godwin son,D. Henry,A. William
Which is the national flower of Poland?,A. Lily,B. Corn Poppy,C. Lavender,D. Flor De Maga.,B. Corn Poppy
Which is the national flower of Philippines?,A. Cantata,B. Rose,C. Sampaguita,D. Corn Poppy,C. Sampaguita
Which is the national flower of Peru?,A. Lily,B. Red Rose,C. Sampaguita,D. Cantuta,D. Cantuta
Vientiane is capital and largest city of_________?,A. Laos,B. Cambodia,C. Vietnam,D. Myanmar,A. Laos
India’s financial capital Mumbai is located in it’s which state ?,A. Bihar,B. Gujrat,C. Indhra Pardesh,D. Maharashtra,D. Maharashtra
“Jiji Press” is the news agency of which country?,A. Japan,B. Jamaica,C. Jordan,D. Nepal,A. Japan
“RIA Novosti ” was the news agency of which country?,A. Romania,B. Russia,C. Iran,D. Iraq,B. Russia
First Pakistani who has conquered Mount Aconcagua in Argentina?,A. Samina Baig,B. Mirza Ali,C. Saleem Baig,D. Mirza Baig,A. Samina Baig
Battle of Hastings was fought in __________ ?,A. 1065,B. 1066,C. 1067,D. 1068,B. 1066
Arabs divested the provinces of _______ & _______ from Roman Empire ?,A. Lebanon & Jordan,B. Algeria & Libya,C. Syria & Egypt,D. Iraq & Iran,C. Syria & Egypt
Who were the people known as Saracens?,A. Muslims,B. Christians,C. Nestorians,D. Canaanites,A. Muslims
The world’s first nuclear power plant was built by__________?,A. United States,B. Russia,C. France,D. Germany,B. Russia
Which of the following UN agencies has received Noble Peace Prize ?,A. UNICEF,B. ILO,C. UN High commission for Refugees,D. All of above,D. All of above
United Nations Conference on Trade & Development is based in__________?,A. Bonn,B. Paris,C. Stockholm,D. Geneva,D. Geneva
Headquarter of Asian Infrastructure Investment Bank is located in____________?,A. Shanghai,B. Doha,C. Manila,D. Beijing,D. Beijing
In the marathon race athletes have to cover a distance of how many miles ?,A. 15,B. 19,C. 26,D. 28,C. 26
The code name for Abbottabad Operation (2011) was___________?,A. Operation Anaconda,B. Operation Neptune Spear,C. Operation Desert Storm,D. Operation Entebbe,B. Operation Neptune Spear
Which is the national flower of Myanmar (Burma)?,A. Pink Rose,B. Lily,C. Dahlia,D. Padauk,D. Padauk
Which is the national flower Nepal?,A. Padauk,B. Lily,C. Red Rhododendron,D. Kowhai,C. Red Rhododendron
Which is the national flower of New Zealand?,A. Padauk,B. Lily,C. Red Rhododendron,D. Kowhai,D. Kowhai
First Digital Camera Invented By__________?,A. Steve Jobs,B. Aristotle,C. Bill Gates,D. Steven Sasson,D. Steven Sasson
Which Company introduced first handheld Digital Camera?,A. Nikon,B. Fuji,C. Kodak,D. Canon,C. Kodak
When First Photograph was Taken?,A. 1816,B. 1826,C. 1836,D. 1846,B. 1826
Which is the national flower of Mexico ?,A. Pink Rose,B. Opium Poppy,C. Maltese Centaury,D. Dahlia,D. Dahlia
Pir Ilahi Bux Tower (Literacy tower) is located in which city of Sindh?,A. Hyderabad,B. Sukkur,C. Karachi,D. Shikarpur,B. Sukkur
Separation of United Kingdoms from European union is called________?,A. Bexit,B. Brexit,C. Withdrawal,D. Separation,B. Brexit
When Cambodia got its independence from France?,A. 1951,B. 1953,C. 1952,D. 1955,B. 1953
Cambodia was a former ________ Colony just before its independence?,A. Japanese,B. Britain,C. French,D. USA,C. French
Which Country occupied Cambodia  during World War II?,A. France,B. Japan,C. Italy,D. USA,B. Japan
Who was the only Laureate to refuse the Nobel Prize?,A. Leo Tolstoy,B. Jea- Paul Sartre,C. Aldous Huxley,D. Boris Pasternauk,B. Jea- Paul Sartre
Which is the National Flower of Maldives?,A. Bunga Raya,B. Red Rose,C. Maltese Centaury,D. Pink Rose,D. Pink Rose
Napoleon Bonaparte was a __________ military and political leader.,A. Austrian,B. German,C. French,D. American,C. French
Which of the following is considered the first great work in world literature ___________?,A. Divine Comedy,B. Epic of Gilgamesh,C. Brother Karamazov,D. Anna Karenina,B. Epic of Gilgamesh
Belligerents of Battle of Salamis were____________  ?,A. Romans and Mithradates,B. Phoenicians and Romans,C. Greeks and Persians,D. Spartans and Macedonians,C. Greeks and Persians
Who abolished slavery in America?,A. George Washington,B. Abraham Lincoln,C. John Tyler,D. None of these,B. Abraham Lincoln
Indus valley civilization was destroyed by_________?,A. Mongols,B. Aryans,C. Mamluks,D. None of these,B. Aryans
A.S Hornsby is famous for ________ ?,A. Writing poems,B. Writing songs,C. Writing text books,D. Writing dictionaries,D. Writing dictionaries
Of the following who is the most translated author of the World?,A. Leo Tolstoy,B. Agatha Cristie,C. V.I. Lenin,D. Mao Tse Tung,B. Agatha Cristie
Who is called the Master Builder?,A. Akbar,B. Shah Jehan,C. Aurangzeb,D. None,B. Shah Jehan
Which is the national flower of Malaysia ?,A. Poinciana Delonix,B. Bunga Raya(Hibiscus rosa-sinensis),C. Pink Rose,D. Opium Poppy,B. Bunga Raya(Hibiscus rosa-sinensis)
Which is the national flower of Macedonia ?,A. Poinciana Delonix,B. Bunga Raya,C. Pink Rose,D. Opium Poppy,D. Opium Poppy
Juba is the capital of ___________ ?,A. Spain,B. Suriname,C. South Sudan,D. Somalia,C. South Sudan
All powers to the Soviets” is the slogan given by ___________?,A. Vladimir Putin,B. Adolf Hitler,C. Vladimir Lenin,D. None of these,C. Vladimir Lenin
Valentia Island is off the coast of which country?,A. Ireland,B. Finland,C. New zealand,D. Poland,A. Ireland
"What do you call the offspring of an elephant, walrus and a whale?",A. Cub,B. Calf,C. Pup,D. Fawn,B. Calf
Russia observed its independence day every year on__________?,A. June 5,B. June 12,C. June 20,D. June 25,B. June 12
Archery is a national game of__________?,A. Bhutan,B. Pakistan,C. India,D. Nepal,A. Bhutan
Where is headquarter of European Union?,A. Vienna,B. Brussels,C. Tirana,D. Yerevan,B. Brussels
Which is the national Flower of Liberia ________ ?,A. Pomegranate Blossom,B. Oxeye Daisy,C. Yellow Lily,D. Pepper,D. Pepper
Who is the author of ‘The Old Man and the Sea’?,A. Ernest Hemingway,B. Churchill,C. Wilson,D. Hardy,A. Ernest Hemingway
Who is the writer of ‘The End of History and The Last Man’?,A. Samuel Huntington,B. Francis Fukuyama,C. Robert Frost,D. David Lynn,B. Francis Fukuyama
Who punished Musa bin Nusayr for invading Spain __________?,A. Hajj Bin Yousuf,B. Walid Bin Abdul-Malik,C. Umar bin Abdul Aziz,D. Sulaiman,D. Sulaiman
Jamrud is called the Gateway to__________?,A. Bolan Pass,B. Khyber Pass,C. Malakand Pass,D. Lowari Pass,B. Khyber Pass
world’s oldest human rights organisation is_____________?,A. Imnesty International,B. Transperency International,C. OHCHR,D. Anti-Slavery International,D. Anti-Slavery International
Which is the national flower of Syria ?,A. Linnaea Borealis,B. Edelweiss,C. Jasmine,D. Plum Blossom,C. Jasmine
Which is the national flower of Switzerland ?,A. Linnaea Borealis,B. Edelweiss,C. Jasmine,D. Plum Blossom,B. Edelweiss
Which is india’s first artificial settalitte?,A. Aryabhata,B. INSAT,C. Bashkara,D. Rohini,A. Aryabhata
World Braille day celebrated every year on_____________?,A. January 2,B. January 3,C. January 4,D. January 5,C. January 4
Study of “Aging” is called __________?,A. Gerontology,B. Hstologyh,C. Pysiology,D. Anthropology,A. Gerontology
“Maghreb Arab Presse” is the news agency of  _________ ?,A. Saudi Arabia,B. Qatar,C. Iraq,D. Moroccan,D. Moroccan
“TASS” is the largest Russian news agency. it was founded in ________ ?,A. 1904,B. 1905,C. 1906,D. 1907,A. 1904
The period from 1649-1660 is known as _________ ?,A. Commonwealth period,B. Jacobean period,C. Caroline period,D. Restoration period,A. Commonwealth period
The Road not Taken’ is a famous poem of _________ ?,A. Robert Frost,B. Walt Whitman,C. Emily Dickinson,D. None of these,A. Robert Frost
“Colorado river” is located in ________ ?,A. Canada,B. U.K,C. Australia,D. US,D. US
“Port of Bima” is the seaport of __________ ?,A. Malaysia,B. Indonesia,C. Greece,D. Portugal,B. Indonesia
Chemical formula for Water is _______ ?,A. NaAlO2,B. H2O,C. Al2O3,D. CaSiO3,B. H2O
In which year Japan attacked Manchuria _________ ?,A. 1930,B. 1931,C. 1936,D. 1937,B. 1931
"From which city, the Russian revolution of 1917 begin?",A. Warsaw,B. Moscow,C. Petrograd,D. Ukraine,C. Petrograd
Who become the Chancellor of Germany for One Day after the death of Hitler during Second World War?,A. Hermann Goering,B. Heinrich Himmler,C.  Rudolf Hess,D. Joseph Goebbels,D. Joseph Goebbels
Which civilization is known as the birthplace of democracy?,A. China,B. Indian,C. Persian,D. Greeks,D. Greeks
The Bloodless Revolution of 1688 was started in which country __________ ?,A. England,B. Italy,C. Portugal,D. France,A. England
Which of the following is name of the Mongol dynasty that ruled China ?,A. Yuan,B. Ming,C. Qin,D. Shun,A. Yuan
Rome’s first code of laws; _____________ adopted in 450 B.C.,A. Twelve Tables,B. Ten Table,C. Eleven Table,D. None of these,A. Twelve Tables
Which country is the largest producer of fruits in the world?,A. Japan,B. China,C. India,D. Bangladesh,B. China
Temporary Capital of Pakistan was__________?,A. Rawalpindi,B. Multan,C. Peshawar,D. Lahore,A. Rawalpindi
1 nibble equals to___________?,A. 12 bits,B. 16 bits,C. 4 bits,D. 2 bits,C. 4 bits
“Mediafax” is the news agency of _____________ ?,A. U.K,B. Australia,C. South Africa,D. Romania,D. Romania
Which is the national flower of Kuwait?,A. Lily,B. Lignum Vitae,C. Tulip,D. Arfaj,D. Arfaj
Which is the national flower of Kazakhstan?,A. Lily,B. Lignum Vitae,C. Tulip,D. Arfaj,A. Lily
Burkina Faso is to ivory coast as _________?,A. Bahrain is to Manama,B. Cameroon is to Yaounde,C. Iceland is to Reykjavik,D. Kiribati is to Tokelau,D. Kiribati is to Tokelau
Google was founded on_________?,"A. Sept 4, 1998","B. Mar 6, 1998","C. Jan 14, 1998","D. Aug 20, 1998","A. Sept 4, 1998"
“Ratoons” is associated with__________?,A. Sugarcane,B. Wheat,C. Rice,D. Desert,A. Sugarcane
“The War Cross with Sword” is the highest military award of __________?,A. Poland,B. Spain,C. Israel,D. Norway,D. Norway
“Public Security Intelligence Agency (PSIA)” is the intelligence agency of __________ ?,A. Nepal,B. Japan,C. South Korea,D. Hong Kong,B. Japan
"Constantinople, the capital of Roman Empire was captured by Turks in ___________ ?",A. 29th May 1453,B. 28th April 1453,C. 27th March 1453,D. 26th January 1453,A. 29th May 1453
Treaty of Versailles was signed on ________ ?,A. 27 may 1919,B. 28 June 1919,C. 29 July 1919,D. 30 August 1919,B. 28 June 1919
The last country of Axis power to surrender during the end of the World War II was ________ ?,A. Germany,B. England,C. France,D. Japan,D. Japan
Benito Mussolini was a leader of _________ ?,A. Portugal,B. Germany,C. Indonesia,D. Italy,D. Italy
In which country the revolution of 1848 first begins that lead to a series of revolutions?,A. Italy,B. Germany,C. French,D. Austria,A. Italy
Who started the construction of Colosseum in Rome?,A. Nero,B. Vespasian,C. Titus,D. Domitian,B. Vespasian
” Gila river ” is located in ___________?,A. Canada,B. South Africa,C. Iraq,D. US,D. US
When did the New York Stock Exchange opens its first permanent headquarters near Wall Street in New York City.,A. 3 January 1865,B. 4 January 1865,C. 5 January 1877,D. 6 January 1879,B. 4 January 1865
When did Great Britain enters the Seven Years War against Spain and Naples?,A. 3 January 1761,B. 4 January 1762,C. 7 April 1763,D. None of these,B. 4 January 1762
‘Leaves of Grass’ was written by ___________ ?,A. Shelley,B. Long Lellow,C. Frost,D. Walt Whitman,D. Walt Whitman
Which one of the following is the intelligence agency of Canada ________ ?,A. Security Intelligence Review Committee,B. Royal Canadian Mounted Police (RCMP),C. Criminal Intelligence Service Canada (CSIC),D. Canadian Security Intelligence Service (CSIS),E. All of these
” Center for Research on National Security (CISEN) ” is intelligence agency of ________ ?,A. Argentina,B. Brazil,C. Peru,D. Mexico,D. Mexico
Which is the national flower of Germany?,A. Bougainvillea,B. Cornflower,C. Candytuft,D. Victoria Regia Lily,B. Cornflower
“Port of Tanjung Priok” is the famous seaport of ________ ?,A. Bangladesh,B. Myanmar,C. Indonesia,D. Turkey,C. Indonesia
Martinique is a island of which country?,A. Germany,B. UK,C. France,D. USA,C. France
Kirana mountains are present in________?,A. India,B. Pakistan,C. Nepal,D. China,B. Pakistan
Which is the highest military award of france?,A. Legion of Honor,B. Medal of Honor,C. Rising of Valour,D. Cross of Sowrd,A. Legion of Honor
A group of mostly female lions is called__________?,A. Envy,B. Avarice,C. Pride,D. Sloth,C. Pride
Slavery was abolished in America in_________?,A. 1851,B. 1865,C. 1871,D. 1883,B. 1865
Which is the currency of Martinique?,A. Euro,B. Peso,C. Dollar,D. Krona,A. Euro
How old was Malala when she was shot?,A. 10 Years,B. 12 Years,C. 15 Years,D. None of these,C. 15 Years
When was Malala Yousafzai born?,"A. June 24, 1995","B. January 11, 1996","C. July 12, 1997",D. None of these,"C. July 12, 1997"
When United Kingdom joind EU which previously called EEC?,A. 1967,B. 1973,C. 1981,D. 1993,B. 1973
“Keemya-e-Saadat” is authored by __________?,A. Imam Ghazali,B. Imam Muslim,C. Sir Syeed Ahmad khan,D. None Of These,A. Imam Ghazali
Port of Reykjavik  is the famous seaport of _______ ?,A. England,B. Indonesia,C. Iceland,D. Ireland,C. Iceland
Ghautam Buddha was born in Kapila Vastu in __________?,A. 523 BC,B. 553 BC,C. 563 BC,D. 593 BC,C. 563 BC
"__________  Bank has been awarded the license to become the first Pakistani bank to offer financial services to clients in Beijing, China?",A. Habib Bank Limited (HBL),B. Meezan Bank Limited (MBL),C. Askari Bank Limited (ABL),D. United Bank Limited (UBL),A. Habib Bank Limited (HBL)
The most Rainiest place in the world is ___________?,A. Mawsynram India,B. Cherrapunji India,"C. Tutendo, Colombia, South America","D. Emei Shan, Sichuan Province, China",A. Mawsynram India
“CSIS” is the intelligence agency of _________ ?,A. U.S A,B. U.K,C. Australia,D. Canada,D. Canada
“Military Intelligence and Security Service (MUST)” is the intelligence agency of _______ ?,A. Spain,B. Austria,C. Swedish,D. Switzerland,C. Swedish
Which city was recaptured at the end of the first war of Crusade?,A. Rome,B. Venice,C. Jerusalem,D. Vienna,C. Jerusalem
Which king of England was forced to signed the ‘Magna Carta’?,A. King Richard I,B. King Louis,C. Henry III,D. King John,D. King John
Queen Elizabeth I of England belongs to _________ dynasty?,A. Stuart,B. York,C. Tudor,D. Normandy,C. Tudor
The Battle of Waterloo was fought in  ______ ?,A. 1815,B. 1817,C. 1821,D. 1818,A. 1815
The “Kitab-fi-Tahqiq” was written by ________ ?,A. Firoz Shah,B. Al-beruni,C. Firozbadi,D. Isami,B. Al-beruni
How many white stars have on Flag of Tennessee the state of US?,B. Two Stars,C. Three Stars,D. Four Stars,,C. Three Stars
How many white stars have on Flag of Mississippi the state of US?,A. 12 Stars,B. 13 Stars,C. 15 Stars,D. 17 Stars,B. 13 Stars
Which is the national flower of South Korea?,A. King Protea,B. Rose Of Sharon,C. Water Lily,D. Carnation,B. Rose Of Sharon
Which is the national flower of Slovenia?,A. Rose,B. Lily,C. Carnation,D. Golden Rose,C. Carnation
” DIA ” is the intelligence agency of ________ ?,A. U.K,B. Turkey,C. U.S,D. Australia,C. U.S
The Novel ” Great Expectations ” was written by ________ ?,A. Charles Dickens,B. Thomas Hardy,C. Jane Austen,D. Henry Fielding,A. Charles Dickens
The Novel ” Madame Bovary ” was written by ________ ?,A. Leo Tolstoy,B. James Joyce,C. E.M. Forster,D. Gustave Flaubert,D. Gustave Flaubert
” Bir Shrestho ” is the highest military award of ________ ?,A. South Africa,B. South Korea,C. Sri Lanka,D. Bangladesh,D. Bangladesh
” Rafina” is one of the famous seaport of ________ ?,A. Italy,B. Turkey,C. Argentina,D. Greece,D. Greece
” Alexandroupolis ” is the seaport of _________ ?,A. Egypt,B. U.K,C. Greece,D. Denmark,C. Greece
Adolf Hitler committed suicide by gunshot on _______ ?,A. 27 April 1945,B. 28 April 1945,C. 29 April 1945,D. 30 April 1945,D. 30 April 1945
Suva is the capital of_________?,A. Peru,B. Italy,C. Fiji,D. Palau,C. Fiji
” Great Salt ” lake is located in _______ ?,A. Australia,B. U.S.A,C. U.K,D. Canada,B. U.S.A
” Great Slave ” lake is located in _______ ?,A. Finland,B. Malaysia,C. Indonesia,D. Canada,D. Canada
Which is the Largest seaport of Guinea?,A. Port Kamsar,B. Port Conakry,C. Port-au-Prince,D. Port Jacmel,B. Port Conakry
” Port Kamsar ” is the seaport of ________ ?,A. Canada,B. Belgium,C. Greece,D. Guinea,D. Guinea
” Cross to the Heroic Valour in Combat ” is the highest military award of _______ ?,A. Argentina,B. Russia,C. Brazil,D. Denmark,A. Argentina
Which of the following river crosses the equator twice?,A. Congo river,B. Nile river,C. Amazon river,D. Mississippi river,A. Congo river
The Araguaia River is one of the major rivers of Brazil. It has a total length of approximately ________ ?,"A. 2,627 km","B. 3,500 km","C. 4,400 km","D. 5,310 km","A. 2,627 km"
"The medical branch of science that deals with the study of skin, its functions, diseases, & treatment is ________ ?",A. Dermatology,B. Dormatology,C. Deontology,D. Dermatoglyphics,A. Dermatology
The scientific study of fingerprints is called _________ ?,A. Dactylography,B. Dactylology,C. Dactyliology,D. Dialectology,A. Dactylography
” Military Merit Decoration ” is the highest military award of ________ ?,A. Australia,B. Austria,C. Germany,D. Greece,B. Austria
Which is the national flower of Japan _______ ?,A. Red Rose,B. Chrysanthemum,C. Black Iris,D. Lily,B. Chrysanthemum
"The philosophical study of the nature, origin, and limits of human knowledge is called ________ ?",A. Epistemology,B. Grammatology,C. Hamartiology,D. Emmenology,A. Epistemology
Which is the national flower of Iran  ________ ?,A. Red Rose,B. Lily,C. Mountain Avens,D. Jasmine,A. Red Rose
Which is the national flower of Iraq ________ ?,A. Red Rose,B. Lily,C. Mountain Avens,D. Jasmine,A. Red Rose
“Itaipu Dam ” is the second largest Hydro-electric dam in the world after the Three Gorges Dam. It is located in _________ ?,A. China,B. Canada,C. USA,D. Brazil,D. Brazil
The ” Xiluodu Dam ” is located in _______ ?,A. Hong Kong,B. South Korea,C. Russia,D. China,D. China
The term Back4good (B4G) is used for____________?,A. visa processing,B. International trade permit,C. Amnesty Scheme to facilitate voluntary repatriation to countries of origin,D. Term used in metrogical process,C. Amnesty Scheme to facilitate voluntary repatriation to countries of origin
The “Mount Olympus” is located in ________ ?,A. Nepal,B. Egypt,C. Greece,D. Germany,C. Greece
“Vancouver” is the largest seaport of _________ ?,A. U.K,B. Italy,C. Japan,D. Canada,D. Canada
” The World Until Yesterday” book is written by _______ ?,A. Susan Wise Bauer,B. James McPherson,C. Barbara Tuchman.,D. Jared Mason Diamond,D. Jared Mason Diamond
"“Guns, Germs, and Steel book” is written by ________ ?",A. William Manchester,B. James McPherson,C. Barbara Tuchman.,D. Jared Mason Diamond,D. Jared Mason Diamond
The scientific study of dogs is called _______ ?,A. Cynology,B. Cytology,C. Ctetology,D. Dendrology,A. Cynology
Which is the national flower of Indonesia?,A. Melati Putih,B. Shamrock,C. Rose,D. Lotus,A. Melati Putih
The Greek War of Independence against the Ottoman Empire started in the year _________ ?,A. 1820,B. 1821,C. 1832,D. 1833,B. 1821
Which Roman Emperor is also known as ‘little boot’ _________ ?,A. Caligula,B. Nero,C. Julius Caesar,D. Augustus,A. Caligula
The historical monument Al Khazneh or The Treasury is located in the city of _______ ?,A. Baghdad,B. Tehran,C. Giza,D. Petra,D. Petra
What is the capital of Latvia?,A. Minsk,B. Riga,C. Lithonia,D. Estonia,B. Riga
What was the real name of Tipu Sultan or Tiger of Mysore ?,A. Fateh Ali,B. Nisar Ali,C. Farid Khn,D. Nadir Ali,A. Fateh Ali
The study of “Coin” and “Medals” is called?,A. Toxicology,B. Numismatics,C. Nephology,D. Limnology,B. Numismatics
The book “Shanama-e-Islam” is written by_________?,A. Z.A Bhutto,B. Abdul Sattar,C. Sharif-Ud-Din Pirzada,D. Hafeez Jallundri,D. Hafeez Jallundri
Sir William Wallace is known as the independence fighter of _________ ?,A. Somalia,B. Sweden,C. Switzerland,D. Scotland,D. Scotland
“Csepel ” is the seaport of _______ ?,A. Honduras,B. Hong Kong,C. Hungary,D. Haiti,C. Hungary
How many years did Elizabeth I reign England _________ ?,A. 44 Years,B. 45 Years,C. 48 Years,D. 41 Years,A. 44 Years
Chapel Bridge is located in __________ ?,A. Sweden,B. Switzerland,C. Syria,D. Spain,B. Switzerland
Chengyang Bridge (also known as Wind and Rain Bridge) is located in _______ ?,A. Chili,B. Canada,C. China,D. Colombia,C. China
In which year Vatican City was established as an independent state ________ ?,A. 1929,B. 1930,C. 1931,D. 1932,A. 1929
Which is the national flower of Hungary?,A. Melati Putih,B. Lily,C. Shamrock,D. Tulip,D. Tulip
Charles Bridge is located in _________ ?,A. Cyprus,B. Croatia,C. Canada,D. Czech Republic,D. Czech Republic
Chhogori and Savage mountain are other names of__________?,A. Nanga parbat,B. Kangchenjunga.,C. K-2,D. Mount Everest,C. K-2
“Baku ” is the seaport of ________ ?,A. Azerbaijan,B. Kazakhstan,C. Uzbekistan,D. Afghanistan,A. Azerbaijan
“Zeebrugge ” is the seaport of ________ ?,A. Bahrain,B. Bangladesh,C. Belgium,D. Belgium,D. Belgium
The study of X-rays and their medical applications is called _________ ?,A. Radiology,B. Raciology,C. Rheumatology,D. Rheology,A. Radiology
Pompeii is the town of_________?,A. Italy,B. Pakistan,C. Brazil,D. Greece,A. Italy
Soviet Union tested its first nuclear bomb on_________?,A. 22 August 1949,B. 29 August 1949,C. 25 August 1950,D. 16 August 1944,B. 29 August 1949
What is Ivy Mike ?,A. First test of hydrogen bomb of United States,B. First test of hydrogen bomb of United Kingdom,C. First test of hydrogen bomb of Soviet Union,D. First test of hydrogen bomb of France,A. First test of hydrogen bomb of United States
Muhammad Bin Qasim Al-Thaqafi was born in_________?,A. Iraq,B. Afghanistan,C. Taif,D. Palestine,C. Taif
“Beni Saf ” is the seaport of _______ ?,A. Albania,B. Algeria,C. Argentina,D. Aruba,B. Algeria
The Vanern lake is located in _______ ?,A. Sudan,B. Suriname,C. Sweden,D. Syria,C. Sweden
Which is the national flower of Dominica?,A. Izote,B. Mahogany,C. Marguerite Daisy,D. Carib wood,D. Carib wood
” ANSA ” is the news agency of _________ ?,A. Algeria,B. Afghanistan,C. Italy,D. Russia,C. Italy
BERNAMA is the news agency of __________ ?,A. Indonesia,B. South Africa,C. Malaysia,D. USA,C. Malaysia
During rainy season Wooden doors are difficult to open or closure because of ________ ?,A. Plasmolysis,B. Imbibition,C. Osmosis,D. Diffusion,B. Imbibition
When did Bahadur Shah Zafar die ________ ?,A. 5 October 1860,B. 6 September 1861,C. 7 November 1862,D. 8 December 1863,C. 7 November 1862
"On 13 February 1739, Nadir Shah crushed the Mughal army in less than three hours at the huge ______ ?",A. Battle of Karnal,B. Battle of Chausa,C. Battle of Tarain,D. Battle of Plassey,A. Battle of Karnal
Maharaja Ranjit Singh was the founder of the Sikh Empire. He was born in _______ ?,A. 1780,B. 1875,C. 1880,D. 1885,A. 1780
Which is the national flower of Egypt?,A. Egyptian Lotus,B. Calla Lily,C. Marsh Marigold,D. Egyptian Lily of the valley,A. Egyptian Lotus
Which is the national flower of Ethiopia?,A. Calla Lily,B. Cornflower,C. Marsh Marigold,D. Tudor Rose,A. Calla Lily
The Great Bear Lake is located in _______ ?,A. South Africa,B. USA,C. Canada,D. Russia,C. Canada
“PTI”is the news agency of________?,A. China,B. Russia,C. India,D. Syria,C. India
The ” Al-Aqaba ” is the seaport of _______ ?,A. Thailand,B. Jordan,C. Egypt,D. UAE,B. Jordan
“JANA” is the news agency of_________?,A. Japan,B. Russia,C. China,D. Libya,D. Libya
What type of creature is a Fulmar?,A. A Reptile,B. A Bird,C. A Cat,D. A Dog,B. A Bird
The painted Desert lies in which US state?,A. Florida,B. Hawaii,C. Arizona,D. New York,C. Arizona
Who was the second wife of king Henry VIII of England?,A. Queen Elizabeth,B. Anne Boleyn,C. Lady Diana,D. None of these,B. Anne Boleyn
In which year did the Titanic sank on its maiden voyage?,A. 1911,B. 1912,C. 1913,D. 1914,B. 1912
Who was founder of Bahmani dynasty _______?,A. Aladdin Hassan Bahman Shah,B. Aladdin Mujahid Shah,C. Da’ud Shah,D. Muhammed Shah I,A. Aladdin Hassan Bahman Shah
Aladdin Hassan Bahman Shah became the king of Bahman (City of Iran) in _______?,A. 1347,B. 1348,C. 1357,D. 1366,A. 1347
Empire state building is in__________?,A. San Fransico,B. New York,C. Callifornia,D. Rome,B. New York
The currency of Croatia is_________?,A. Dollar,B. Kuna,C. Peso,D. Rial,B. Kuna
Interfax is the news agency of________?,A. Russia,B. Pakistan,C. Australia,D. None of these,A. Russia
What was the first country to leave the United Nations?,A. Iran,B. Iraq,C. Indonesia,D. Greece,C. Indonesia
Name of the Iceland parliament is__________?,A. Alpingi (Assembley of all),B. Congress,C. Shora,D. Folketing,A. Alpingi (Assembley of all)
Name of the Germany parliament is__________?,A. Diet,B. Bundestag,C. Congress,D. None of these,B. Bundestag
The Sepahsalar Mosque is located in_________?,"A. Dhaka, Bangladesh","B. Istanbul, Turkey","C. Toronto, Canada","D. Tehran, Iran","D. Tehran, Iran"
Who established the Mughal Dynasty?,A. King Akbar,B. King Humayun,C. Bābur,D. Qutub uddin Aibek,C. Bābur
The Russian Revolution took place in__________?,A. 1917,B. 1918,C. 1919,D. 1922,A. 1917
Who is called the father of Astronomy?,A. Rudolf diesel,B. Galileo Galilee,C. James Cook,D. Edward Jenner,B. Galileo Galilee
Which President of the United States was assassinated?,A. Jimmy Carter,B. Richard Nixon,C. Abraham Lincoln,D. Senior Bush,C. Abraham Lincoln
"The Mongols defeat the Khwarezmid Empire and take over Persia (Iran, Afghanistan) in ________ ?",A. 1220,B. 1221,C. 1225,D. None of these,B. 1221
Which is the national flower of China ________ ?,A. Wild Banana Orchid,B. Plum Blossom,C. Tahitian Gardenia,D. White Mariposa,B. Plum Blossom
Agrology is the study of _________?,A. Study of agricultural soils,B. Study of productivity of land,C. Science of pleasure and pain,D. Study of anaesthetics,A. Study of agricultural soils
Alethiology is the study of ________ ?,A. Science of pleasure and pain,B. Study of algae,C. Study of truth,D. Study of angels,C. Study of truth
The study of the structure of the body is called _______ ?,A. Anthropobiology,B. Anatomy,C. Aphnology,D. Apiology,B. Anatomy
The study of angels is called _______ ?,A. Angelology,B. Angiology,C. Angalology,D. Engelology,A. Angelology
Who among the following is called the Darvesh king?,A. Ghias-ud-din Balban,B. Qutub-ud-din Aibak,C. Nasir-ud-din Mahmud,D. Shams-ud-din Altamash,C. Nasir-ud-din Mahmud
When did Nasir-ud-din Mahmud die ?,A. 1266,B. 1286,C. 1290,D. 1296,A. 1266
When did Ghias-ud-din Balban die?,A. 1266,B. 1287,C. 1290,D. 1296,B. 1287
Who became the king of Delhi in 1414 AD?,A. Bahlul Khan Lodi,B. Khizar Khan,C. Sikandar Lodhi,D. Ibrahim Lodhi,B. Khizar Khan
What was the Old Name of Saudi Arabia?,A. Jabal-e-Tariq,B. Burundi Majd And Hejaz,C. Najd And Hejaz,D. None Of These,C. Najd And Hejaz
Who is the Author Of the Book “The Frontier Tragedy”?,A. Shakesspeare,B. Karl Marx,C. Allah Bux Yousufi,D. M.A.H Isphani,C. Allah Bux Yousufi
Which of the following Countries are members of CACM (Central American Common Market)?,"A. Costa rica , Bahrain","B. Washington , Bogota , El Salvador","C. Costa Rica, El Salvador, Guatemala, Honduras, Nicaragua",D. All of the above,"C. Costa Rica, El Salvador, Guatemala, Honduras, Nicaragua"
Who wrote the book ” A Nation is Born”?,A. Isphahani,B. Syed Mahmud Hassan,C. Abdul Waheed,D. Ayub Khan,B. Syed Mahmud Hassan
Zawar (Rajhastan) is famous for_________?,A. Ship manufacturing,B. Zinc mines,C. Salt,D. Major port,B. Zinc mines
Agra city was founded by _______ ?,A. Bahlul Khan Lodhi,B. Ibrahim Lodhi,C. Malik Sultan Shah Lodi,D. Sikandar Lodhi,D. Sikandar Lodhi
Bahlul Khan Lodi ascended the chair of the Delhi sultanate on _________ ?,A. 19th April 1451,B. 20th May 1451,C. 21st July 1453,D. 22nd October 1455,A. 19th April 1451
Who was the ruler of the kingdom between the rivers Jhelum and Chenab?,A. King Porus,B. Darius III,C. Darius ll,D. Alexander the Great,A. King Porus
What was Alexander the Great most known for________?,A. Being a great poet and playwright,B. Being a military genius and commander,C. Being a mathematician and scientist,D. Being an excellent musician and singer,B. Being a military genius and commander
How old was Alexander the Great when he died in Babylon ?,A. 32,B. 37,C. 42,D. 45,A. 32
What famous philosopher was Alexander`s teacher as a child?,A. Plato,B. Socrates,C. Aristotle,D. Zeno,C. Aristotle
When did Genghis Khan captures the capital of the Jin Dynasty (China) ?,A. 1214,B. 1215,C. 1216,D. None of these,B. 1215
"When did Mongolian leader Temujin defeats his rivals and receives the title Genghis Khan, Universal Ruler of the Mongols (Mongolia) ?",A. 1205,B. 1206,C. 1207,D. None of these,B. 1206
Dow Jones is stock exchange market of__________?,A. Tokyo,B. London,C. New York,D. None of these,C. New York
Which is the national game of United States of America ?,A. Volleyball,B. Football,C. Baseball,D. Rugby Union,C. Baseball
In Which year America joined the Second World War ?,A. 1939,B. 1940,C. 1941,D. 1942,C. 1941
Ibn Battuta Visited India in the reign of:_________?,A. Allaudin Khilji,B. Sultan Muhammad Tughlaq,C. Ghiasuddin Balban,D. None Of These,B. Sultan Muhammad Tughlaq
Dal Lake is located in area of__________?,A. Sri Nagar,B. Gilgit Baltistan,C. AJK,D. FATA,A. Sri Nagar
Which is the national game of Russia?,A. Volleyball,B. Baseball,C. Golf,D. Bandy,D. Bandy
Which is the national game of Japan?,A. Sumo wrestling,B. Sepak Takraw,C. Field Hockey,D. Golf,A. Sumo wrestling
Which is the national game of Nepal?,A. Baseball,B. Volleyball,C. Wrestling,D. Handball,B. Volleyball
Which is the national game of France?,A. Volleyball,B. Football,C. Basketball,C. Cricket,B. Football
Which is the national flower of Australia ?,A. Tulips,B. Shapla (Water Lily),C. Golden Wattle,D. Golden Trumpet,C. Golden Wattle
Which of the following Country has Tulips its National Flower ?,A. Holland,B. Hungary,C. Turkey,D. Afghanistan,E. All of the above
Which country is known as “Horn of Africa” ?,A. Sudan,B. Zambia,C. Mali,D. Somalia,D. Somalia
Which is the largest country in Africa by land area?,A. Sudan,B. Nigeria,C. Algeria,D. S.africa,C. Algeria
Which is the national bird of Italy ?,A. Chukar Partridge,B. Hoopoe,C. Sparrow,D. Northern lapwing,C. Sparrow
” Chukar Partridge ” is a national bird of which country ?,A. Iran,B. Iraq,C. USA,D. China,B. Iraq
The “Zambezi river ” is located in _______ ?,A. Asia,B. Africa,C. North America,D. South America,B. Africa
The “Saint Lawrence river” is a lager river in the middle latitudes of ________ ?,A. South Africa,B. South America,C. North America,D. South Asia,C. North America
“Common Nightingale” is a National Bird of which country ?,A. Iran,B. Iraq,C. Turkey,D. None of these,A. Iran
First Woman University of Pakistan is located in_____________?,A. Rawalpindi,B. Karachi,C. Quetta,D. Sindh,A. Rawalpindi
Who is the Author of the Book “As u Like it”?,A. Coleridge,B. Karl Marx,C. Thomas Hardy,D. William Shakespear,D. William Shakespear
What was the old name of “Ghana”?,A. Gold Coast,B. Siam,C. Belize,D. Belarus,A. Gold Coast
Where is Lena River located?,A. Russia,B. Turkey,C. Afghanistan,D. Italy,A. Russia
The major crops found in Sudan are________?,"A. maize, cotton, bananas, groundnut","B. wine, cocoa","C. oats, tobacco","D. wool, wine","A. maize, cotton, bananas, groundnut"
Which among the following animal don’t have vocal cords?,A. Dog,B. Horse,C. Giraffe,D. Donkey,C. Giraffe
How long can a “beaver” hold its breath?,A. 15 min,B. 25 min,C. 35 min,D. 55 min,A. 15 min
Asian Development bank  (ADB) was founded in _________?,A. 1964,B. 1966,C. 1968,D. 1970,B. 1966
Headquarter of Amnesty International is in London. it is founded by __________ ?,A. Peter Benson,B. Peter Edbon,C. Peter Jhonas,D. Peter Parkar,A. Peter Benson
Who is Emmanuel Macron?,A. German chancellor,B. Canadian President,C. French President,D. President of Iran,C. French President
What animal has longest gestation period of about 640 to 660 days or 95 weeks of any land animal ?,A. Blue Whale,B. Elephant,C. Opossum,D. None of these,B. Elephant
What animal has the shortest gestation period known is 12 to 13 days?,A. Opossum,B. Cat,C. Elephant,D. Mouse,A. Opossum
East London is a city of_________?,A. England,B. Australia,C. South Africa,D. Asia,C. South Africa
Sui Northern Gas Pipelines Limited (SNGPL) was incorporated as a private limited Company was converted into a public limited company in January ______?,A. 1964,B. 1965,C. 1967,D. 1999,A. 1964
Sui Northern Gas Pipelines Limited (SNGPL) was incorporated as a Private limited Company in_______?,A. 1963,B. 1965,C. 1967,D. 1969,A. 1963
“New Orleans” is the seaport of _________ ?,A. USA,B. Nepal,C. Iran,D. Libya,A. USA
Which among the following have a ‘mixed heart’ __________ ?,A. Birds,B. Fishs,C. Reptiles,D. None of these,C. Reptiles
Which animal has the highest blood pressure?,A. Giraffe,B. Camel,C. Lion,D. None of these,A. Giraffe
The continent of __________ is called dark Continent.,A. Asia,B. Australia,C. Africa,D. Europe,C. Africa
What is the maximum running land speed of Crocodile ?,A. 17 KMPL,C. 20 LMPL,C. 25 LMPL,D. None of these,A. 17 KMPL
How much water can be used by a camel in drinking in a single time ?,A. Up to 70 ltr.,B. Up to 80 ltr.,C. Up to 100 ltr.,D. Up to 150 ltr.,C. Up to 100 ltr.
Name the bird that migrates from the North Pole to the South Pole and back?,A. Sparrow,B. Pigeon,C. Crow,D. Arctic tern,D. Arctic tern
Pashmina shawl is made from the hair of ________ ?,A. Cow,B. Camel,C. Goat,D. Sheep,C. Goat
“Oxford” is also called _______ ?,A. City of Palaces,B. City of Empires,C. City of Dreaming Spire,D. City of Gardens,C. City of Dreaming Spire
Christopher Columbus who discovered America was__________?,A. Spanish,B. Dutch,C. Italian,D. French,C. Italian
Boshphours strait connects the Black Sea with ?,A. Aegean Sea,B. Red Sea,C. Rose Sea,D. Marmara Sea,D. Marmara Sea
Napoleon was died at_______?,A. WaterLoo,B. St. Helena,C. Paris,D. Cologne,B. St. Helena
Which of the following is the world’s loudest bird ?,A. White bellbird,B. Peacock,C. Piha,D. None of the above,A. White bellbird
Kagali is capital of_________?,A. Chad,B. Guyana,C. Rwanda,D. Spain,C. Rwanda
The World’s oldest space station is_________?,A. Kennedy,B. Baikonur,C. Moscow,D. NASA,C. Moscow
The river “The Yangtze King ” in China is known as _______ ?,A. Blue River,B. Red River,C. Yellow River,D. Black River,A. Blue River
Myanmar city also called _______ ?,A. Land of Milk and Honey,B. Land of Thunderbolt,C. Land of Pagoda,D. None of these,C. Land of Pagoda
Which city is known as “Quaker City” ?,A. Manila,B. Dublin,C. Philadelphia,D. New York,C. Philadelphia
Which part of the World is known as ” White  Man’s Grave” ?,A. Thailand,B. Guinea Coast,C. Italy,D. Cuba,B. Guinea Coast
Angkor Wat is an ancient city of which Country?,A. Cambodia,B. Congo,C. Zimbabwe,D. Zambia,A. Cambodia
A pipeline project between Russia and Turkey is known as__________?,A. North-South,B. Black Sea Pipeline,C. Turkstream,D. Turko-Russia,C. Turkstream
The term “Agricultural shot” is known to be used in which Sport?,A. Cricket,B. Hockey,C. Golf,D. Football,A. Cricket
Volga is the main river of_________?,A. Russia,B. Brazil,C. Spain,D. None of the these,A. Russia
The Trucial coast is a former name of what political entity?,A. Papua New Guinea,B. United Arab Emirates,C. United Kingdom,D. Belize,B. United Arab Emirates
The Cartoon characters “Heckle and Jeckle ” were what type of birds?,A. Crows,B. Ducks,C. Eagles,D. Magpies,D. Magpies
‘Charles De Gaulle’ airport is in__________?,A. London,B. Paris,C. Madrid,D. New York,B. Paris
Louvre museum is located in_________?,A. Paris,B. USA,C. UK,D. UAE,A. Paris
Mannerheim line separates Russia From___________?,A. China,B. Pakistan,C. Iran,D. Finland,D. Finland
Bamako is the capital city of_________?,A. Nigeria,B. West indies,C. Mali,D. Sri Lanka,C. Mali
Manama is the capital of___________?,A. Bahrain,B. Palestine,C. Cuba,D. Iran,A. Bahrain
Time Magazine started in which year?,A. 1923,B. 1934,C. 1945,D. 1918,A. 1923
Lake Ladoga is the largest lake by area in Europe which is ________ ?,"A. 17,700 km²","B. 16,510 km²","C. 11,750 km²",D. None of these,"A. 17,700 km²"
Lake Urmia is located in ________ ?,A. Iran,B. Iraq,C. Qatar,D. Azerbaijan,A. Iran
Havana is the capital of_________?,A. Austria,B. Brazil,C. Cuba,D. Finland,C. Cuba
"in US Senate, each state is represented by__________?",A. 2 Senators,B. 3 Senators,C. 4 Senators,D. 1 Senator,A. 2 Senators
What is the old name of Japanese city “Kyoto”?,A. Abuja,B. Nara,C. Lamy,D. Heiankyo,D. Heiankyo
When was the First International Human Solidarity Day observed by United Nations?,A. December 2004,B. December 2005,C. December 2006,D. None of these,B. December 2005
The Yangtze River is the longest river in Asia. It is approximately length _________ ?,"A. 7,109 km, (4417.32780 miles)","B. 6,300 km, (3915 miles)","C. 5,400 km, (3355 miles)","D. 5,100 km, (3168 miles)","B. 6,300 km, (3915 miles)"
Kan Mehtarzai is the highest railway station of Asia is in________?,A. China,B. Afghanistan,C. Japan,D. Pakistan,D. Pakistan
Which river is considered as the longest European River?,A. Volga River,B. Danube River,C. Ural River,D. Don River,A. Volga River
What is Agrostology?,A. Study of grasses,B. Study of plants,C. Study of forests,D. Study of agricultural,A. Study of grasses
The Danube river is second longest river in ________ after the Russia’s Volga. It is located in _______ ?,A. Africa,B. Asia,C. Europe,D. North America,C. Europe
"Fall of Bastille Fort, was the fall of monarchy in___________?",A. Japan,B. China,C. Britain,D. France,D. France
Kangaroo is the national animal of___________?,A. China,B. India,C. Pakistan,D. Australia,D. Australia
The highest Cold Desert in the World is Katpana Desert. It is located in which Country of the World?,A. India,B. Chine,C. South Africa,D. Pakistan,D. Pakistan
Japan is situated in__________?,A. Middle East,B. Central Asia,C. East Asia,D. South Asia,C. East Asia
Which American State is called “The Mother of Presidents”?,A. Ohio,B. New York,C. Florida,D. Virginia,D. Virginia
"The city of Salvador, the first capital of Brazil, was founded on _________ ?",A. 29 March 1548,B. 29 March 1549,C. 29 March 1551,D. None of the above,B. 29 March 1549
The International Migrants Day is observed every year on __________?,A. Dec 15,B. Dec 16,C. Dec 18,D. D. Dec 20,C. Dec 18
The Eiffel Tower was officially opened on _________?,A. 30 March 1888,B. 31 March 1889,C. 29 April 1890,D. 2 April 1891,B. 31 March 1889
"The Treaty of Paris was signed, ending the Crimean War on _________?",A. 29 February 1855,B. 30 March 1856,C. April 1956,D. None of the above,B. 30 March 1856
Which of the following is a cartel ?,A. OPEC,B. ASEAN,C. NAFTA,D. European Union,A. OPEC
St. Petersburg is the famous city of which country ?,A. Finland,B. Russia,C. Sweden,D. Latvia,B. Russia
Ireland joined the United Kingdom on January 1_________?,A. 1800,B. 1801,C. 1802,D. 1803,B. 1801
Total number of playing members in Handball team?,A. 9,B. 11,C. 13,D. 7,D. 7
Spin Boldak is in__________?,A. Iran,B. Afghanistan,C. Russia,D. Pakistan,B. Afghanistan
Lake Tana is located in__________?,A. Ethiopia,B. Ghana,C. USA,D. Kenya,A. Ethiopia
________ is the Longest Strait in the World?,A. Strait of Malacca,B. Berring strait,C. Strait of Hormuz,D. Davis Strait,A. Strait of Malacca
Highest Civilian Award of Bahrain is___________?,A. ‘The King Hamad Order of the Renaissance’,B. ‘Order of Abdulaziz al Saud‎’,C. ‘The Order of Zayed’,D. None of these,A. ‘The King Hamad Order of the Renaissance’
________ river act as a boundary between USA and mexico?,A. Colombia river,B. Colarado river,C. Rio Grande river,D. Thames river,C. Rio Grande river
_________ is a highest lake in the world?,A. Michigean,B. Titicaca,C. Lake ladoga,D. Erie,B. Titicaca
Qutub Minar was built by___________?,A. Iltumish,B. Qutubuddin Aibak,C. Razia Sultana,D. Shah Jehan,B. Qutubuddin Aibak
Who is the youngest climate activist in Pakistan ?,A. Eman danish,B. Geta,C. Sana akhtar,D. None,A. Eman danish
Kazakhstan declares independence from the Soviet Union in___________?,A. 1990,B. 1991,C. 1995,D. None of these,B. 1991
The Islamic Development Bank is founded in ________ ?,A. 1970,B. 1971,C. 1973,D. 1981,C. 1973
United Arab Emirates holds its first ever elections in _______ ?,A. 2004,B. 2005,C. 2006,D. 2009,C. 2006
"The Former Iraqi President Saddam Hussein was captured near his home town of Tikrit, during Operation Red Dawn by US forces on ________ ?",A. 13 December 2003,B. 14 December 2004,C. 15 November 2005,D. None of these,A. 13 December 2003
Pakistan Standard time is _______ hours ahead of Greenwich Mean Time?,A. 3 hours,B. 5 hours,C. 7 hours,D. 2 hours,B. 5 hours
The last town on the Karakorum Highway in Pakistan before the Chinese border is:_________?,A. Sost,B. Astore,C. Bunji,D. None of these,A. Sost
“Divine Comedy” was written by:__________?,A. Gibbon,B. Milton,C. Dante Alighieri,D. Geothe,C. Dante Alighieri
The collective name for the group of owls is_________?,A. Brush,B. A watch,C. Cockerel,D. Parliament,D. Parliament
Indian National Anthem is written in which language___________?,A. Persian,B. Hindi,C. Bengali,D. Urdu,C. Bengali
Who is the head of the state of Pakistan ?,A. Prime Minister,B. President,C. Attorney General,D. Both A & B,B. President
Burj Khalifa is located in __________?,A. Abu Dhabi,B. Sharjah,C. Aman,D. Dubai,D. Dubai
Who is the founder of UAE ?,A. Sheikh Maktoum bin Rashid,B. Abdulla Al Ghurair,C. Zayed bin Sultan Al Nahyan,D. None of these,C. Zayed bin Sultan Al Nahyan
What is Mesopotamia known as today?,A. Saudi Arabia,B. Iraq,C. Indonesia,D. Malaysia,B. Iraq
Taklamakan Desert is located in_________?,A. Mongolia,B. Chilli,C. Kazakhstan,D. China,D. China
India Wins Freedom book is written by__________?,A. Moulana Abul Kalam Azad,B. Sir Syed Ahmed Khan,C. Moulana Muhammad Ali johar,D. Syed Ameer Ali,A. Moulana Abul Kalam Azad
Harry Potter is the famous character of__________?,A. J.K Rolling,B. J.F Marshal,C. R.V Menin,D. None of above,A. J.K Rolling
The first Mughul emperor Babar’s tomb is situated in_________?,A. Agra,B. Delhi,C. Lahore,D. Kabul,D. Kabul
What is Holocaust ?,A. Killing of Jews during World War I,B. Killing of Jews during World War II,C. Killing of Germans during World War II,D. Killing of Japanese during World War II in Atom bomb's,B. Killing of Jews during World War II
Which of the following invention is oldest ?,A. Clock,B. Microscope,C. Barometer,D. Cycle,A. Clock
Digital Device term is related with_________?,A. Economics,B. Sports,C. Journalism,D. Socio economic difference technology era,D. Socio economic difference technology era
Haifa is the Seaport of_________?,A. Israel,B. Lebanon,C. Egypt,D. Canada,A. Israel
How many Urdu Words are used in the National Anthem of Pakistan?,A. 5,B. 3,C. 1,D. 2,C. 1
Which among the following islands has become the world’s newest nation ?,A. Aitutaki,B. Bougainville,C. Raiatea,D. Vanua Levu,B. Bougainville
Parcel Islands in the South China Sea are disputed b/w China & _________ ?,A. Philippines,B. Japan,C. Vietnam,D. South Korea,C. Vietnam
Marco Polo was a famous:__________?,A. Writer,B. Scientist,C. Traveller,D. Sportsman,C. Traveller
The book Gabriel’s wing is written by__________?,A. Sir Syed Ahmad Khan,B. William Shakespeare,C. Keats,D. Allama Iqbal,D. Allama Iqbal
Where is the Flattest Place on Earth ?,A. Zimbabwe,B. South-Africa,C. Nigeria,D. Bolivia,D. Bolivia
How many Countries are called Scandinavian Countries?,A. 3,B. 6,C. 7,D. 8,A. 3
New york city is located at the bank of the river____?,A. Seine,B. Thomas,C. Hudson,D. Potomac,C. Hudson
Which is the world’s oldest operating oil refinery?,A. Bahamas,B. Digboi,C. Texas,D. Basra,B. Digboi
Who is the author of ” Business Speed of Thought”?,A. John Grey,B. Bill Gates,C. Dick Francis,D. Barak Obama,B. Bill Gates
Which of the following cows yield maximum milk?,A. Sahiwal,B. Red Sindhi,C. Holstein,D. Jersey,C. Holstein
Whose autobiography is “My Life”?,A. Barak Obama,B. Bill Gates,C. Bill Clinton,D. Veladimir Putin,C. Bill Clinton
The main function of the judiciary is___________?,A. Law formulation,B. Law adjudication,C. Law execution,D. Law application,B. Law adjudication
The term “Chukker” is associated with which of the following game?,A. Marathon,B. Polo,C. Swimming,D. Kabbadi,B. Polo
International Day of Neutrality is observed on__________?,A. 2 December,B. 6 December,C. 9 December,D. 12 December,D. 12 December
What is the name of boundry line between Germany and Poland?,A. Maginot Line,B. Order Neisse Line,C. 24th Parallel Line,D. Mannerheim Line,B. Order Neisse Line
Which state of USA has the largest population 2018?,A. California,B. Texas,C. Florida,D. New York,A. California
What is the name of the War fought between England and Argentina ?,A. Falkland War,B. Malvinas War,C. Battle of Karánsebes,D. Both A & B,A. Falkland War
Khojak Tunnel Located in__________ ?,A. KPK,B. FATA,C. Balochistan,D. Sindh,C. Balochistan
1997 Ottawa Convention is related to__________?,A. Worldwide ban on anti-personnel mines,B. Both A & C,C. Production and Transfer of Anti-Personnel Mines,D. None of these,C. Production and Transfer of Anti-Personnel Mines
Who abolished Khilafat in Turkey?,A. Alliance,B. British Army,C. Mustafa Kemal Atatürk,D. None of These,C. Mustafa Kemal Atatürk
How many seats in British house of commons?,A. 550 seats,B. 600 seats,C. 650 seats,D. 700 seats,C. 650 seats
International Mountain Day is observed every year on__________?,A. 8 December,B. 9 December,C. 10 December,D. 11 December,D. 11 December
Where is the death valley located ?,A. Texas,B. California,C. Florida,D. None of these,B. California
What is motto of ICC?,A. Enjoy with Cricket,B. Its your cricket,C. Cricket for good,D. None of these,C. Cricket for good
Who was the biggest lord in the history of drug mafia?,A. Amado Carrillo,B. Imam Bheel,C. Dawood Ibrahim,D. Pablo Escobar,D. Pablo Escobar
The term “time trial” is associated with which of the following sports?,A. Hockey,B. Cycling,C. Wrestling,D. Gulf,B. Cycling
A crescograph is a device for measuring the growth in __________?,A. Micro Organism,B. Plants,C. Human,D. Pollution,B. Plants
"“One People, One State, One leader” was the policy of__________?",A. Stalin,B. Hitler,C. Mussolin,D. Lenin,B. Hitler
"Fedaration cup,World cup, Allwyn international trophy and challenge cup are awarded to winners of__________?",A. Basketball,B. Volleyball,C. Table Tennis,D. Badminton,B. Volleyball
International Kabaddi Federation founded in which year?,A. 2000,B. 2001,C. 2003,D. 2004,D. 2004
Which of the following UN agencies have received Noble Peace Prize ?,A. UNICEF,B. ILO,C. UN High commission for Refugees,D. All of above,D. All of above
Oldest bank in the world is located in__________?,A. UK,B. Spain,C. Italy,D. China,C. Italy
Which of the following countries hosted the first South Asian Games in 1983?,A. Pakistan,B. Nepal,C. Bangladesh,D. Srilanka,B. Nepal
Who wrote the book “An inquiry into the Nature”?,A. Charles Darwin,B. Adam Smith,C. Alexander Fleming,D. Albert Einstein,B. Adam Smith
Where is the Headquarter of International Tennis Federation?,A. Madrid,B. London,C. Paris,D. New York,B. London
The basic number of alphabets in Urdu Language are:,A. 36,B. 37,C. 38,D. 39,D. 39
Which American Ambassador died along with President Zia-ul-Haq in plane crash 1988 ?,A. Tom Simon,B. Robert Milam,C. Arnold Palmer,D. Arnold Raphael,D. Arnold Raphael
The largest river of Balochistan ?,A. Porali river,B. Dasht river,C. Hungol river,D. Hub river,C. Hungol river
The Study of human beauty is called____________?,A. Oncology,B. Agrostology,C. Kalology,D. Argology,C. Kalology
Which plant is important in sericulture?,A. Pea,B. Cassia,C. Mulberry,D. Legumes,C. Mulberry
Yemen shares border with Saudi Arabia and_______?,A. Oman,B. Iran,C. Iraq,D. None of these,A. Oman
First Tuesday of May is observed as___________?,A. World Asthma Day,B. Global Family Day,C. World Kidney Day,D. World Immunization Day,A. World Asthma Day
The Mansabdari system introduced by Akbar was borrowed from the system followed in________?,A. Persia,B. Mongolia,C. Turkey,D. Afghanistan,B. Mongolia
13 – Chambered heart occurs in________?,A. Leech,B. Earthworm,C. Snail,D. Cockroach,D. Cockroach
Name the continent where ‘Tundra’ type of climate is not found?,A. Europe,B. Asia,C. Africa,D. North America,C. Africa
What is the name of the tropical cyclones in the China Sea?,A. Hurricanes,B. Tornado,C. Typhoon,D. Twister,C. Typhoon
‘The Economy of Modern Sindh’ book is written by___________?,A. Dr Hamida Khuhro,B. Ayaz Latif Palejo,C. Dr Ishrat Hussain,D. None of above,C. Dr Ishrat Hussain
‘The Heros of Sindh’ & ‘Struggle for New Sindh’ are written by_________?,A. Dr Hamida Khuhro,B. GM Syed,C. Rasool Bux Paleejo,D. None of above,B. GM Syed
‘A Nation in chains’ book is written by___________?,A. Ayaz Latif Palejo,B. Hameeda Khuhro,C. Shaikh Ayaz,D. GM Syed,D. GM Syed
The term “Maoris” is used for aboriginal people of_________?,A. New Zealand,B. Tasmania,C. Honduras,D. Indian,A. New Zealand
Which are called the Bretton Woods sisters?,A. FAO & IMF,B. IMF & IBRD,C. WB & IMF,D. ILO & FAO,C. WB & IMF
NATO also known as_________?,A. Defense Treaty,B. Washington Treaty,C. Geneva Treaty,D. Warsaw Traety,B. Washington Treaty
Basmati is a type of _________?,A. Wheat,B. Rice,C. Barley,D. None of the Above,B. Rice
In which year was the football World Cup held for the first time?,A. 1928,B. 1930,C. 1924,D. 1932,B. 1930
Which country won the first football World Cup?,A. Brazil,B. Germany,C. Uruguay,D. Argentina,C. Uruguay
Which one of the following types of glass can cut ultraviolet?,A. Jena glass,B. Soda glass,C. Pyrex glass,D. Crookes glass,D. Crookes glass
GRU military intelligence agency belong to which country?,A. Germany,B. Brazil,C. Russia,D. Mongolia,C. Russia
Federal Security Service is a secret agency of which country?,A. Russia,B. Australia,C. New Zealand,D. South Africa,A. Russia
The Umbrella Street movement is related to_________?,A. Iraq,B. Hong Kong,C. France,D. Iran,B. Hong Kong
Which of the following is the narrowest strait of the world?,A. Malacca Strait,B. Palk Strait,C. Strait of Tartar,D. Strait Yucatan,C. Strait of Tartar
Hippocratic Oath is related with_________?,A. Arts,B. Engineering,C. Medicine,D. Business,C. Medicine
Who created the first Map of the World?,A. Anaximander,B. Holfamn,C. Nicholas,D. Mike Donald,A. Anaximander
Indus valley people worshiped?,A. Sun,B. Fire,C. Mother goddess,D. water,C. Mother goddess
On 18th May 1974 India exploded first nuclear devise under the code name of___________?,A. Operation Blue Star Rakshak,B. Operation Gibraltar,C. Operation Smiling Buddha,D. Operation India Big,C. Operation Smiling Buddha
IMF & World Bank are created through ?,A. Yalta Conference,B. New Deal,C. Treaty of Versailles,D. Bretton Woods Agreement,D. Bretton Woods Agreement
What is total membership of US Senate?,A. 100,B. 102,C. 104,D. 109,A. 100
Which organisation publishes ” Global Risk Report”?,A. World Bank,B. IMF,C. UNDP,D. World Economic Forum,D. World Economic Forum
Which Organisation Publishes “World Economic Outlook”?,A. World Bank,B. IMF,C. UNDP,D. World Economic Forum,B. IMF
Which organisation publishes “World Development Report”?,A. IMF,B. WEF,C. World Bank,D. UNDP,C. World Bank
International Civil Aviation Day is observed on ____________?,,,,,7 December
Which UN Organization has won twice nobel prize for peace?,A. IFAD,B. ILO,C. UNHCR,D. All of above,C. UNHCR
When Iran Iraq war was ended?,"A. August 20, 1986","B. August 20, 1987","C. August 20, 1988","D. August 20, 1989","C. August 20, 1988"
"Which country is the world’s largest producer of cobalt, a chemical element?",A. Nigeria,B. South Africa,C. Botswana,D. Congo,D. Congo
The World Soil Day is celebrated on_________?,A. 4th December,B. 5th December,C. 6th December,D. 7th December,B. 5th December
Which city is known as the ‘City of ghosts and temples’?,A. Lahore,B. Paris,C. Banaras,D. Delhi,C. Banaras
Which country is the most emitter of carbon dioxide from 2018?,A. India,B. USA,C. China,D. Brazil,C. China
Which country has the most World Heritage sites With 55 sites?,A. Egypt,B. Italy,C. Syria,D. India,B. Italy
The World AIDS Day is observed ?,A. 1 December,B. 2 December,C. 3 December,D. None of these,A. 1 December
The International Day for the Abolition of Slavery observed?,A. 1st December,B. 2nd December,C. 3rd December,D. None of these,B. 2nd December
How many white stars have on Flag of Kosovo __________ ?,A. Five Stars,B. Six Stars,C. Seven Stars,D. Eight Stars,B. Six Stars
The World Disability Day observed every year on____________?,A. 1st December,B. 2nd December,C. 3rd December,D. 4th December,C. 3rd December
“Shewala Teja singh temple” reopened after 72 years. it is located in _______ city of Pakistan.,A. Multan,B. Sialkot,C. Faislabad,D. Sheikhupura,B. Sialkot
Which is the biggest Library of the World?,A. Library of Congress,B. British Museum Library,C. National Library of Pakistan,D. Alexandra Library,A. Library of Congress
South Yemen becomes independent from the United Kingdom in _________ ?,A. October 1966,B. November 1967,C. December 1969,D. None of these,B. November 1967
ASIS is a secret agency of which country?,A. Australia,B. China,C. Pakistan,D. Canada,A. Australia
Who was known as “Citizen King” of France?,A. Napoleon,B. Henry VI,C. Louis Phillipe,D. None of the above,C. Louis Phillipe
Which Regiment of Pakistan Army has awarded maximum number of Nishan-e-Haider?,A. Balochistan Regiment,B. Punjab Regiment,C. Sindh Regiment,D. Pakhtunkhuwah Regiment,B. Punjab Regiment
Who credited the invention of AK-47 assault rifle ?,A. Samuel Colt,B. Afred Nobel,C. Mikhail Kalashnikov,D. Henry Akinson,C. Mikhail Kalashnikov
The Third Battle of Panipat was fought bewteen Ahmad Shah Abdali & Marathas on_________?,A. 4 January 1761,B. 14 January 1761,C. 24 February 1526,D. 4 March 1556,B. 14 January 1761
City of Hot Weather is known as____________?,A. Thar,B. Larkana,C. Jacobabad,D. Dadu,C. Jacobabad
Which city is called the Gateway of Pakistan?,A. Gawadar,B. Keti Bander,C. Kashmor,D. Karachi,D. Karachi
When did Tipu Sultan died?,"A. May 4, 1799","B. May4, 1899","C. May4, 1699",D. None of these,"A. May 4, 1799"
Last Guru in Sikhism was__________?,A. Guru Amar Das,B. GuruRam Das,C. Guru Gobind,D. Guru Arjan,C. Guru Gobind
Famous city ‘Aberdeen’ is city of which country?,A. America,B. Japan,C. Scotland,D. Australia,C. Scotland
International Men’s day is Celebrated Every Year on ______________?,A. 19 September,B. 19 October,C. 19 November,D. 19 December,C. 19 November
The apex Elected body in Israel is called__________?,A. Parliament,B. Congress,C. Knesset,D. Batheling,C. Knesset
Which European country is not member of European Union ?,A. Switzerland,B. France,C. Netherlands,D. Belgium,A. Switzerland
Which is the national game of Tajikistan?,A. Hockey,B. Football,C. Gushtigiri,D. Buzkashi,C. Gushtigiri
Sultan Ahmed Mosque in Istanbul is popularly known as the____________?,A. Green Mosque,B. Blue Mosque,C. Red Mosque,D. Yellow Mosque,B. Blue Mosque
Which of the following countries becomes first in Africa to launch high speed train 320Km/h?,A. South Africa,B. Egypt,C. Morocco,D. Tunesia,C. Morocco
AGI is a news agency of which country?,A. Poland,B. Italy,C. Georgea,D. Greece,B. Italy
Baifra is a news agency of which country?,A. Nigeria,B. Chad,C. Ghana,D. Egypt,A. Nigeria
Which of the following country has world’s largest Banknote?,A. Philippines,B. Russia,C. France,D. Argentina,A. Philippines
GPEI is abbreviation for ____________?,A. Global Positional Environmental Initiative,B. Global Program for Environmental Initiative,C. Global Program for Environmental Index,D. Global Polio Eradication Initiative,D. Global Polio Eradication Initiative
The first Blackberry smartphone was released in year ____________?,A. 1998,B. 1999,C. 2000,D. 2002,B. 1999
BEAR is the symbol of _________?,A. Italy,B. RUSSIA,C. INDIA,D. FRANCE,B. RUSSIA
“Rood e Kausar” is written by ___________?,A. Shaikh Mohammad Ali,B. Shaikh Mohammad Ghani,C. Shaikh Mohammad Abdullah,D. Shaikh Mohammad Ikram,D. Shaikh Mohammad Ikram
Statue of liberty was gifted to America by _________ on __________?,A. Russia – 1 January 1886,B. Egypt – 21 June 1886,C. Japan – 11 September 1886,D. France – 28 October 1886,D. France – 28 October 1886
Manghopir named after ____________.?,A. Sufi Pir Haji Syed Mohammad Sultan,B. Sufi Pir Haji Syed Ahmed Sultan,C. Sufi Pir Haji Syed Qutub Sultan,D. Sufi Pir Haji Syed Sakhi Sultan,D. Sufi Pir Haji Syed Sakhi Sultan
Which English ambassador came to India during the time of Jahangir?,A. Sir Thomas White,B. Sir Thomas Lu,C. Sir Thomas Jefferson,D. Sir Thomas Roe,D. Sir Thomas Roe
The Sakhalin Island is disputed between ___________.?,A. China & Japan,B. China & Taiwan,C. Japan & Korea,D. Japan & Russia,D. Japan & Russia
Which country in South Asia has the highest literacy rate?,A. Pakistan,B. India,C. Maldives,D. Nepal,C. Maldives
First Blind Cricket World Cup won by__________?,A. India,B. Pakistan,C. Sri Lanka,D. England,A. India
In which city of India Nuclear Accident was Happened?,A. Tamil Nadu,B. Tarapur,C. Delhi,D. Mumbai,B. Tarapur
Adidas Abiba is a city of___________?,A. Sudan,B. Ethiopia,C. Morocco,D. Nigeria,B. Ethiopia
The tenure of Judge of International Court of Justice is:,A. 5 Years,B. 6 Years,C. 9 Years,D. 10 Years,C. 9 Years
Falklands War was fought between UK and____________?,A. USA,B. Argentina,C. Russia,D. France,B. Argentina
Who is the National Artist of Pakistan?,A. Sadequain Naqqash,B. Abdul Rehman Chughtai,C. Abdul Rahim Nagori,D. Lubna Agha,B. Abdul Rehman Chughtai
World Toilet Day is celebrated on_________?,A. 10 November,B. 14 November,C. 19 November,D. 23 November,C. 19 November
Babri Masjid incident was occurred on __________?,A. 6 December 1987,B. 6 December 1990,C. 6 December 1992,D. None of these,C. 6 December 1992
The first conqueror of the world’s second highest mountain K2 was____________?,A. French,B. Pakistani,C. American,D. Italian,D. Italian
China-Pakistan Economic Corridor (CPEC) starts at__________?,A. Beijing,B. Shanghai,C. Kashgar,D. Xinjiang,C. Kashgar
"Jare Ijalana, a girl from _________ is dubbed as the “Most beautiful girl in the world”?",A. Kenya,B. Nigeria,C. Ethiopia,D. None of these,B. Nigeria
The Kurdistan region spans over _____ countries?,A. 2,B. 3,C. 4,D. 5,C. 4
The two official languages of NATO are_______________?,A. English and French,B. English and German,C. English and Spanish,"D. English, French and German",A. English and French
The headquarter of Human Rights Watch (HRW) is located in_____________?,A. Washington,B. New York,C. Berlin,D. Brussels,B. New York
Which among the following country first reached the ‘Dark Side’ of the Moon?,A. Russia,B. USA,C. Germany,D. China,D. China
The World’s first underground railway system was built in___________?,A. New York,B. Berlin,C. Moscow,D. London,D. London
Grand Old Party is also known as _________?,A. The Republican Party,B. Liberal Part,C. Labour Party,D. Democratic Party,A. The Republican Party
What country did Benito Mussolini rule?,A. Germany,B. Russia,C. Italy,D. America,C. Italy
When UN day is Celebrated every Year?,A. 21 October,B. 22 October,C. 23 October,D. 24 October,D. 24 October
How many Judges are in the International Court of Justice (ICJ)?,A. 5,B. 10,C. 15,D. 20,C. 15
Which Country in the World has most Neighbors ?,A. Russia,B. USA,C. China,D. India,C. China
Fan was invented by___________?,A. Arthur Schimit,B. Alfered Nobel,C. Skaats Wheeler,D. None of these,C. Skaats Wheeler
Who is considered the first poet of Pashto Language?,A. Khushal Khan Khatak,B. Ameer Kror,C. Rahman Baba,D. None of these,B. Ameer Kror
The book ” Pakistan: the Formative Phase” was written by__________?,A. K. K. Aziz,B. Khalid Bin Saeed,C. Aitzaz Ahsan,D. Syed Ameer Ali,B. Khalid Bin Saeed
G.T Road was constructed by __________?,A. Altimush,B. Muhammad Taghluq,C. Feroz Taghluq,D. Sher Shah Suri,D. Sher Shah Suri
Which city of Sindh is famous for ‘Pallo’ (Fish)?,A. Dadu,B. Jamshoro,C. Hala,D. Sukkur,B. Jamshoro
The book ” The Sole Spokesman: Jinnah the Muslim and Demand for Pakistan” was written by___________?,A. Umera Ahmed,B. Ayesha Jalal,C. Liaquat Ali Khan,D. Aitzaz Ahsan,B. Ayesha Jalal
The book ” Friends not Masters” was written by____________?,A. Sir Syed Ahmed Khan,B. Liaquat Ali Khan,C. Zulfiqar Ali Bhutto,D. General Ayoub Khan,D. General Ayoub Khan
Shakespeare beach is located in which country?,A. France,B. USA,C. England,D. Canada,C. England
Which of the following was invented by Torricelli?,A. Clock,B. Airship,C. Barometer,D. Cotton gin,C. Barometer
Albert Einstein was a____________?,A. Physicist,B. Physician,C. Chemist,D. Biologist,A. Physicist
Bubo bubo is the scientific name of which of the following species?,A. Hen,B. Peacock,C. Eagle,D. Owl,D. Owl
Which day is celebrated on 4th February?,A. World Day of the Sick,B. World Alzheimer’s Day,C. World Day of Social Justice,D. World Cancer Day,D. World Cancer Day
Karakoram highway is also known as___________?,A. N-655,B. N-35,C. N-25,D. N-135,B. N-35
Who was Afghan ruler at the time of USSR invasion?,A. Hamid Karzai,B. Barbark Kermal,C. Hafizullah Amin,D. Haji Mohd Chamkani,C. Hafizullah Amin
Who is considered as the Leader of Modern Chinese Economy?,A. Deng Xiaoping,B. Li Kuwan Yu,C. Wang Yi,D. Xi Jing Ping,A. Deng Xiaoping
Kurd are large ethnic group Where they live?,A. Turkey and Iraq,B. Iran and Armenia,C. Syria,D. All of these,D. All of these
When was the Historic Quaid-i-Azam Ziarat Residency was set alight in an arson attack by militants?,"A. June 15, 2013","B. June 15, 2014","C. June 15, 2015","D. June 15, 2016","A. June 15, 2013"
World’s largest Copper producer is__________?,A. China,B. India,C. Chile,D. Russia,C. Chile
Which of the following flower is called Queen of Water?,A. Rose,B. Lilly,C. Rafflesia,D. Tulip,B. Lilly
What is the largest flower in the world?,A. Conifer,B. Fern,C. Rafflesia,D. Horsetail,C. Rafflesia
Who is the known as the father of taxonomy?,A. Aristotle,B. Fransco Redi,C. Carolus Linnaeus,D. Rachel Carson,C. Carolus Linnaeus
"The books “The Murder of History”, “The Pakistani Historian” and “Britain and Muslim India were written by________?",A. Khalid Bin Sayeed,B. Chudary Muhammad Ali,C. I.I Qureshi,D. K.K Aziz,D. K.K Aziz
Number of members required in Knesset (Israel’s assembly) to form government?,A. 60,B. 55,C. 63,D. 59,A. 60
What is the name of Israel’s Parliament?,A. National Assembly,B. General Council,C. KNESSET,D. Federal Parliament,C. KNESSET
When did the Soviet Union official break up ?,A. 26 September 1991,B. 26 December 1991,C. 26 September 1992,D. 26 December 1992,B. 26 December 1991
The World Mental Day is observed every years on_________?,A. 10 October,B. 11 October,C. 13 October,D. 14 October,A. 10 October
Which is the national game of Romania?,A. Bandy,B. Football,C. Oina,D. Destrezas Criollas,C. Oina
The world’s largest bird is_________?,A. Kori Bustard,B. Common Ostrich,C. King Penguin,D. Southern Cassowary,B. Common Ostrich
Which is the oldest search engine of the internet?,A. WebCrawler,B. Ask,C. Yahoo,D. Google,A. WebCrawler
Which country has the largest number of UNESCO World Heritage Sites?,A. China,B. France,C. Italy,D. Spain,C. Italy
"Which City name of Pakistan means,”The Forest in the Sky”??",A. Hunza,B. Chilas,C. Shugran,D. Gilgit,C. Shugran
What do the Initials IFAD stand?,A. International Fund for Airplane Development.,B. Indian Food Approval Department,C. International Food Approval Department,D. International Fund for Agricultural Development,D. International Fund for Agricultural Development
"We live on the planet Earth. According to the scientists, the Earth was formed about _____ years ago.",A. 4.6 million,B. 5.6 million,C. 4.5 billion,D. 5.6 billion,C. 4.5 billion
Name the author of ‘Kapas ka Phool’?,A. Mulavi Abdul Haq,B. Ahmed Nadeem Qasmi,C. Abdullah Hussain,D. Hosh Maleeh Abadi,B. Ahmed Nadeem Qasmi
"The deepest hole in the Earth, ‘Kola Superdeep Borehole’ on Russia’s Kola Peninsula, is about _____ feet deep.","A. 10,000","B. 20,000","C. 30,000","D. 40,000","D. 40,000"
Guarani is the currency of which country?,A. Berma,B. Peru,C. Paraguay,D. Belgium,C. Paraguay
"Yom Kippur, also known as the Day of Atonement, is the holiest day of the year in which religion?",A. Buddhism,B. Judaism,C. Christianity,D. Zoroastrianism,B. Judaism
Halle city located in which country?,A. France,B. Poland,C. Italy,D. Germany,D. Germany
Who wrote “The History of the Decline and fall of the Roman Empire?,A. Leo Tolstoy,B. Jorge Hudson,C. William Engels,D. Edward Gibbon,D. Edward Gibbon
The Largest Tree in the World is in___________?,A. Brazil,B. California,C. Africa,D. Pakistan,B. California
WTO hosts the first-ever World Cotton Day (WCD) on 07 October 2019 in ___________?,A. Islamabad,B. Cairo,C. Geneva,D. Vienna,C. Geneva
Nobel prize 2019 in physics has been awarded in which field?,A. laser,B. Cosmology,C. Neutrino Oscilliations,D. None of These,B. Cosmology
What is the theme of the 2019 edition of the World Tourism Day ( WTD)?,A. “Tourism and the Digital Transformation”,B. “Tourism and Jobs — A Better Future For All”,C. “sustainable tourism”,D. All of these,B. “Tourism and Jobs — A Better Future For All”
Who was the winner of Iran-Iraq war (1980-1988)?,A. Iran,B. Iraq,C. Libya,D. None of these,A. Iran
Political Philosopher Edmund Burke belonged to___________?,A. Usa,B. Russia,C. Britain,D. France,C. Britain
Edward Genner discovered ‘vaccine’ in___________?,A. 1796,B. 1978,C. 1686,D. 1933,A. 1796
The Nobel Prize in Chemistry 2019 was awarded for the development of ____________ batteries?,A. Nickel Cadmium batteries,B. Lead-Acid batteries,C. lithium-ion batteries,D. None of these,C. lithium-ion batteries
Who got Nobel Prize in Chemistry 2019?,A. John B. Goodenough,B. M. Stanley Wittingham,C. Akiroa yoshino,D. All of them,D. All of them
Which language is spoken by most people in the world as their primary language?,A. English,B. French,C. Arabic,D. Mandarin,D. Mandarin
Sher Shah Suri was a ___________?,A. Pashtun,B. Tajik,C. Turk,D. Uzbik,A. Pashtun
Rome was founded in which Year?,A. 463 BC,B. 892 BC,C. 753 BC,D. 303 BC,C. 753 BC
The study of Religions is called:___________?,A. Seismology,B. Theology,C. Gerontology,D. Etymology,B. Theology
How many countries have French as their official language?,A. 28 Countries,B. 29 Countries,C. 27 Countries,D. 30 Countries,B. 29 Countries
Who was the first Muslim President of Indian National Congress?,A. Shoib Hashmi,B. Badaruddin Tayyabji,C. A.K Azad,D. Nawab Syed Bahadur,B. Badaruddin Tayyabji
Capital of Uganda is___________?,A. Kampala,B. Luanda,C. Yerevan,D. Vienna,A. Kampala
Charles Franklin Kettering invented_____________?,A. Quick start,B. automobile self start,C. clock,D. lamp,B. automobile self start
Which is Pakistan rank in Miserable Countries Ranking 2018?,A. 16,B. 34,C. 40,D. 56,B. 34
Which Country is No.1 in Miserable Countries Ranking 2018?,A. Pakistan,B. Ethopia,C. Venezuela,D. Iraq,C. Venezuela
Imran Ahmed Khan Niazi was born on _____________?,A. 25 Oppctober 1952,B. 05 October 1952,C. 05 Novemver 1952,D. None of these,B. 05 October 1952
Kwame Nkrumah was one of the leaders of___________?,A. Aisia,B. Europe,C. Africa,D. None of these,C. Africa
Which is the correct Abbreviation of USA Republican Party?,A. UCR,B. GOP,C. RP,D. RPUS,B. GOP
In which year “the lion of maysor” (Tipu-sultan) was born?,"A. 21 November, 1750","B. 30 November,1749","C. 29 December, 1750",D. None of these,"A. 21 November, 1750"
Beginning of Mughal empire started after defeat of__________?,A. Ibrahim Lodhi,B. Momal Lodhi,C. Ranjeet Lodhi,D. None of these,A. Ibrahim Lodhi
John Garang de Mabior  is famous for:____________?,A. Sudanese politician and leader,B. German Free Democratic Party President,C. South African Poet,D. Non of these,A. Sudanese politician and leader
OPEC-Organization of Petroleum Exporting Countries headquarter is in__________?,A. Iran,B. Kuwait,C. Austria,D. Saudi Arab,C. Austria
Table Mountain is a flat-topped mountain which is in___________?,A. Rusia,B. Nepal,C. South Africa,D. Pakistan,C. South Africa
Most populated state of USA is _____________?,A. California,B. Texas,C. New York,D. Florida,A. California
Which country from following was known as Malagasy from ________to__________?,A. Malaysia 1985 to 1990,B. Bhutan 2000 to 2007,C. Peru 1999 to 2001,D. Madagascar 1958 to 1975,D. Madagascar 1958 to 1975
Book named “The Voice of Human Justice ” is biography of___________?,A. Hazrat Umer (R.A),B. Hazrat Ali (R.A),C. Hazrat Abu Bakr (R.A),D. Hazrat Usman (R.A),B. Hazrat Ali (R.A)
Who is Author of book ” The Voice of Human Justice “?,A. George Jordac,B. George Orwell,C. George Fulton,D. None of these,A. George Jordac
VEXILLOLOGY is the study of _________?,A. Behaviour,B. Books,C. Countries,D. Flags,D. Flags
The coin rupia was firstly issued by _________?,A. Sher Shah Suri,B. Akbar,C. Humayun,D. Alla-ud-din Khilji,A. Sher Shah Suri
International students day is celebrated on____________?,A. 11 November,B. 17 November,C. 19 November,D. 1 December,B. 17 November
City of Aleppo is the historical city centre of ________?,A. Iraq,B. Iran,C. Syria,D. Greece,C. Syria
“BBC”  Stands for_____________?,A. British Broadcasting Corporation,B. Britain Broadcasting Company,C. British-Broadcasting Company,D. None of these,A. British Broadcasting Corporation
Which of following country is situated below sea level?,A. Srilanka,B. UAE,C. Italy,D. Netherlands,D. Netherlands
“There is no God other than God and Muhammad is His Prophet” Is The National Motto of_________?,A. Saudi Arabia,B. Syria,C. Iraq,D. Egypt,A. Saudi Arabia
“GOD IS THE GREATEST” IS the Motto of_________?,A. Iraq,B. Turkey,C. Saudi Arabia,D. None of these,A. Iraq
“Nizar-Qabbani” is the National poet of__________?,A. Syria,B. Egypt,C. Iran,D. Saudi Arabia,A. Syria
Tbilisi is the capital of which country?,A. Georgia,B. Ethipia,C. Portugal,D. Lebanon,A. Georgia
The world’s largest glacier is the Lambert glacier in Antarctica. Its length in miles is________?,A. 260,B. 250,C. 280,D. none of these,B. 250
"The urs of Shah Abdul Latif  Bhittai was celebrated ________ on 14 Oct, 2019?",A. 273th,B. 274th,C. 275th,D. 276th,D. 276th
International Ozone Day is observed on ________?,A. September 13,B. September 14,C. September 15,D. September 16,D. September 16
” DAS ” is the intelligence agency of ________ ?,A. U.K,B. Israel,C. Russia,D. Colombia,D. Colombia
The World’s first Camel hospital is located in __________?,A. Jeddah,B. Tehran,C. Dubai,D. Thar,C. Dubai
"RSS ideology followed by Indian Pm Modi, What does RSS stand for?",A. Rashtriya Swayamsevak Sangh,B. Rashtriya Swayamsevak Sabha,C. Rashtriya Swayamsevak Singh,D. All of the above,A. Rashtriya Swayamsevak Sangh
"According to United Nations latest estimate of 2019, Pakistan population is equivalent to ________ of the total world population?",A. 2.51%,B. 2.61%,C. 2.71%,D. 2.81%,D. 2.81%
When did Shams-ud-din Altamash die?,A. 1236,B. 1240,C. 1246,D. 1266,A. 1236
Which is the national flower of “Bosnia”?,A. Copihue,B. Wild Banana Orchid,C. Plum Blossom,D. Tahitian Gardenia,B. Wild Banana Orchid
Which is the national game of Sri Lanka ?,A. Gushtigiri,B. Taekwondo,C. Volleyball,D. Cricket,C. Volleyball
Deng Xiaoping is famous in  ________ profession.,A. Scientist,B. Politician,C. Actor,D. None,B. Politician
A.R Rehman won oscar award from which film?,A. Lagan,B. Slumdog Millionaire,C. 127 Hours,D. none,B. Slumdog Millionaire
Economies of Scale meaning ?,A. Cost on all products,B. Reduced per unit Cost,C. Higher per unit Cost,D. None of these,B. Reduced per unit Cost
_______was the first cricketer from Bangladesh to score a double century in test Cricket.,A. Mohammad Mithun,B. Mominul Haque,C. Mushfiqur Rahim,D. None of them,C. Mushfiqur Rahim
Who is the first batsman who hit six on the first ball in test match?,A. Shahid Afridi,B. Brendan McCallum,C. Chris Gayle,D. None,C. Chris Gayle
In which year “the lion of Maysor”(Tipu-Sultan) was born?,"A. November 21, 1750","B. November 11, 1750","C. November 13, 1750","D. November 3, 1750","A. November 21, 1750"
In which year did man step out on the moon?,A. 1970,B. 1969,C. 1972,D. 1975,B. 1969
The theme of World Space Week 2019 is _______________________?,"A. “Our Space, Our Time”","B. “The Moon: Gateway to the Stars,”",C. “Space Unites the World”,D. None of these,"B. “The Moon: Gateway to the Stars,”"
"World Space Week (WSW), as declared by the United Nations General Assembly, is held every year during __________ 4-10?","A. October, 4-10","B. November, 4-10","C. December, 4-10","D. January, 4-10","A. October, 4-10"
Who invented the “Cell phone”?,A. Alan Turing,B. Martin Cooper,C. Marie Curie,D. Alexander Graham Bell,B. Martin Cooper
Which is the First Book of Allama Iqbal?,A. Kulyat e Iqbal,B. Shikwa and Jawab-e-Shikwa,C. Javid Nama,D. Ilm ul Iqtisad,D. Ilm ul Iqtisad
The Book “Bang-i-Dara” was written by___________?,A. Jon Elia,B. Mirza Ghalib,C. Faiz Ahmed Faiz,D. Allama Iqbal,D. Allama Iqbal
The Planet which revolves slowly around the Sun is__________?,A. Mercury,B. Mars,C. Earth,D. Neptune,D. Neptune
The “Rising” of the “evening star” indicates the direction of the____________?,A. South Pole,B. East,C. West,D. North,C. West
Which is the only Snake that Builds a Nest?,A. The female King Cobra,B. The female viper,C. The female Anaconda,D. The female mamba,A. The female King Cobra
What is the dimension of basketball court are for the Olympics and world tournaments?,A. 28m×15m,B. 26m×14m,C. 27m×16m,D. 28m×16m,A. 28m×15m
How many stars are in the flag of European Union?,A. 8,B. 12,C. 16,D. 20,B. 12
"How many Countries are members of the “Organisation for Economic Co-operation and Development” (OECD), Which was founded in 1961?",A. 30,B. 36,C. 40,D. 46,B. 36
Al-Jazeera TV Channel belongs to ___________?,A. Qatar,B. Kuwait,C. Egypt,D. Bahrain,A. Qatar
Where Is The Headquarters Of Google Located?,A. Washington,B. Arizona,C. New York,D. California,D. California
Communist Manifesto was originally published in __________language?,A. Chinese,B. English,C. French,D. German,D. German
Nokia Mobile business was acquired by__________?,A. Microsoft,B. Google,C. Yahoo,D. Apple,A. Microsoft
Motorola Mobile business is now own by_________?,A. Microsoft,B. Google,C. Yahoo,D. Lenovo,D. Lenovo
The newest member of the Eurozone is_________?,A. Lithuania,B. Croatia,C. Bulgaria,D. Cyprus,A. Lithuania
"In France, the Bastille Day is celebrated on___________?",A. 14 May,B. 14 June,C. 14 July,D. 14 August,C. 14 July
All African countries are members of African Union except ?,A. Addis Ababa,B. Morocco,C. Cairo,D. Johannesburg,B. Morocco
The presidency of the UN Security Council rotates in alphabetical order among it’s members every ?,A. One month,B. Three months,C. Six months,D. Twelve months,A. One month
Headquarter of the African Union (AU) is located in___________?,A. Johannesburg,B. Cairo,C. Addis Ababa,D. Morocco,C. Addis Ababa
"Usain Bolt, the holder of World record for 100m race, belongs to which Country?",A. Barbados,B. USA,C. China,D. Jamaica,D. Jamaica
Which of the following is not a G-7 Country ?,A. Japan,B. Russia,C. France,D. Italy,B. Russia
Who is Current bowling Coach of Pakistan Cricket Team?,A. Misbah ul Haq,B. Javed mian dad,C. Waqar Younis,D. None,C. Waqar Younis
” Aghia Marina ” is the seaport of ________ ?,A. Greece,B. England,C. Russia,D. Australia,A. Greece
Which is the national flower of Grenada _______ ?,A. Bougainvillea,B. Cornflower,C. Red Rose,D. Monja Blanca,A. Bougainvillea
Which is the national flower of Croatia ________ ?,A. White Mariposa,B. Iris Croatica,C. Tudor Rose,D. Rose,B. Iris Croatica
Who is the author of the book ” Tools and Weapons:The Promise and The Peril of the Digital Age”?,A. Jeff Bezos,B. Sundar Pichai,C. Brad Smith,D. Satya Nedella,C. Brad Smith
When did World Day Against Trafficking in Persons celebrate?,A. 31st July,B. 30th July,C. 29th July,D. 28th July,B. 30th July
Which is the national flower of “Bhutan” ?,A. Simpoh Ayer,B. Blue Poppy,C. Rumdul,D. Copihue,B. Blue Poppy
Which is the national flower of Austria ?,A. Edelweiss,B. Red Poppy,C. Black Orchid,D. Blue-Eyed Grass,A. Edelweiss
What was the total members of East Asia Summit (EAS) in its inaugural summit held in Kuala Lumpur on 14 December 2005.,A. 12 members,B. 14 members,C. 18 members,D. 22 members,C. 18 members
Pakistan is a member of the APG Asia Pesific Group since_________. APG is a regional body of Paris-based FATF of the United Nations.,A. 1999,B. 2000,C. 2003,D. 2004,B. 2000
Who is known as Man of Blood and Iron ___________?,A. Sir Walter Soctt,B. Napoleon,C. Bismarck,D. Ho chi Minh,C. Bismarck
Which is the national flower of Jordan?,A. Red Rose,B. Cherry Blossom,C. Black Iris,D. White Iris,C. Black Iris
Court language during Ranjit Singh regime was___________?,A. Persian,B. Punjabi,C. Urdu,D. None,A. Persian
Ema is an example of _________?,A. Active Volcano,B. Plateau in a volcano,C. Extinct Volcano,D. Dormant Volcano,A. Active Volcano
The place of origin of an earthquake is called___________?,A. Seismic focus,B. Seismal,B. Epicenter,D. Amphidromic Point,A. Seismic focus
Name the Continents that form a mirror image of each other__________?,A. North America and South America,B. Africa and South America,C. Asia and Africa,D. Europe and Asia,B. Africa and South America
People who are called wasps have ancestors from which country_____________?,A. America,B. Spain,C. England,D. Persia,C. England
Volcanoes occur at tectonic plate boundaries that are ________?,A. Convergent,B. Divergent,C. Both A & B,D. Destructive,C. Both A & B
Black Forest is the name of mountain present in______________?,A. USA,B. Russia,C. Canada,D. None of these,D. None of these
Which one of the following seas is without a coastline?,A. Sargasso sea,B. Tasman sea,C. White sea,D. Sea of Okhotsk,A. Sargasso sea
Latitude of place is indicative of its_____________?,A. Time,B. Altitude,C. Temperature,D. Amount of rainfall,C. Temperature
Sargasso Sea is located in___________?,A. North Pacific Ocean,B. North Atlantic Ocean,C. South Atlantic Ocean,D. None of these,B. North Atlantic Ocean
The Sun reaches its Maximum Angular distance from the equator at the__________?,A. Equinox,B. Zenith,C. Solstice,D. Noontime,C. Solstice
Eskimos are the primitive people living in___________?,A. South America,B. Western Europe,C. Central Africa,D. North America,D. North America
The Peloponnesian War’ was fought between ____________ and _________?,A. Sparta and Iran,B. Sparta and Athens,C. Athens and Iran,D. Athens and Asia Minor,B. Sparta and Athens
"The imaginary line on the surface of earth which closely follows the 180° meridian, is called__________ ?",A. Equator,B. Prime Meridian,C. International Date Line,D. None of these,C. International Date Line
Child Labour is the main theme in most of the novels of____________?,A. D.H Lawrence,B. Leo Tolstoy,C. Maxim Gorky,D. Charles Dickens,C. Maxim Gorky
Russia withdrew from Afghanistan under the ___________?,A. Islamabad treaty,B. Kabul pact,C. Geneva Accord,D. Moscow Agreement,C. Geneva Accord
Which international arbitration institution fined Pakistan in Reko Diq mining case?,A. International Court of Arbitration,B. London Court of International Arbitration,C. International Centre for Settlement of Investment Disputes,D. None of these,C. International Centre for Settlement of Investment Disputes
When did Aurangzeb Alamgir died?,A. 1627,B. 1657,C. 1658,D. 1707,D. 1707
Who was the last king of the Bahmani empire _______?,A. Kalim-Allah Shah,B. Aladdin Shah,C. Ahmad Shah III,D. Wali-Allah Shah,A. Kalim-Allah Shah
Which is the national flower of Angola ?,A. Welwitschia,B. Narcissus,C. Red Poppy,D. Black Orchid,A. Welwitschia
Which is the national game of Turkey ?,A. Oil Wrestling,B. Sumo wrestling,C. Alpine Skiing,D. Golf,A. Oil Wrestling
Which one of the following ecosystems covers the largest area of the earth’s surface?,A. Grassland Ecosystem,B. Mountain Ecosystem,C. Marine Ecosystem,D. Desert Ecosystem,C. Marine Ecosystem
Mt. Ararat is the highest peak of__________?,A. Chile,B. Turkey,C. Britain,D. North Korea,B. Turkey
Where is the largest Coral Reef located?,A. Canada,B. U.K,C. Australia,D. Germany,C. Australia
Name the World famous and finest Harbour?,A. Calcutta,B. Mumbai,C. Sydney,D. New York,C. Sydney
Which layer of the atmosphere reflects radio waves back to the earth’s surface?,A. Troposphere,B. Stratosphere,C. Ozone layer,D. Ionosphere,D. Ionosphere
Loire is the longest river of____________?,A. France,B. Russia,C. UK,D. None,A. France
“Sense and Sensibility” was written by:____________?,A. Shakespeare’s,B. Jhon Milton,C. Jane Austen,D. Methew Arnold,C. Jane Austen
The World Day for International Justice (WDIJ) is observed every year on _________?,A. 16 July,B. 17 July,C. 18 July,D. 19 July,B. 17 July
IPCC is the abbreviation for___________?,A. International Program on Climate Climate,B. International Panel on Collective Change,C. Intergovernmental Panel on Climate Change,D. International Panel on Collective Climate,C. Intergovernmental Panel on Climate Change
Which from the following countries has no Armed Forces?,A. Niger,B. Nigeria,C. Iceland,D. Latvia,C. Iceland
The Book “Higher than Hopes” is a biography of __________ ?,A.Nelson Mandela,B. Henry S. Commager,C. Bill Clinton,D. Mother Terasa,A.Nelson Mandela
The Book “Long Walk to Freedom” is written by __________ ?,A. Nelson Mandela,B. Henry S. Commager,C. Bill Clinton,D. Mother Terasa,A. Nelson Mandela
Channel Tunnel is an Under Sea Rail Tunnel that linked ___________ ?,A. America and Mexico,B. England and France,C. France and Germany,D. England and Germany,B. England and France
Al-Tahrir Square is in ___________?,"A. Damascus, Syria","B.Cairo, Egypt","C. Tripoli, Libya","D. İstanbul, Turkey","B.Cairo, Egypt"
International Day of Diplomats is celebrated on____________?,A. 20 October,B. 24 October,C. 28 October,D. 31 October,B. 24 October
How many pairs of ribs are there in Human Body___________?,A. 12,B. 13,C. 11,D. none of these,A. 12
Franc is the currency of___________?,A. Rwanda,B. Malagasy,C. Burundi,D. All of them,D. All of them
Hindenburg line divides____________?,A. Germany and Poland,B. Germany and France,C. South Vietnam and North Vietnam,D. None of the above,A. Germany and Poland
The International Court of Justice is located in _________?,A. New York,B. Washigton,C. Geneva,D. The Hague,D. The Hague
Which Team did not Win a single Match in ICC Cricket World Cup 2019?,A. Sri Lanka,B. West Indies,C. Afghanistan,D. None of These,C. Afghanistan
Who is the Highest Run Scorer of ICC Cricket World Cup 2019?,A. Kane Williamson,B. Shakib Al Hasan,C. David Warner,D. Rohit Sharma,D. Rohit Sharma
How many times England won the ICC World Cup?,A. One time,B. Two Times,C. Three Times,D. Four Times,A. One time
Which Country leads the world in Wind Energy?,A. America,B. Japan,C. China,D. None of the these,C. China
The period in which the Suez Canal remained closed after Arab-Israel war____________?,A. 1967-1973,B. 1967-1975,C. 1967-1977,D. 1967-1979,B. 1967-1975
The Chapultepec Castle is located in___________?,A. Indonesia,B. Egypt,C. South Africa,D. Mexico,D. Mexico
"Borobudur, a UNESCO World Heritage Site is located in__________?",A. Indonesia,B. Egypt,C. South Africa,D. South Korea,A. Indonesia
Which country is completely surrounded by South Africa?,A. Gabon,B. Laos,C. Lesotho,D. Niue,C. Lesotho
The Komodo dragons are found in___________?,A. Indonesia,B. Maldives,C. South Africa,D. Egypt,A. Indonesia
Kansai International Airport on an artificial island is located in________?,A. China,B. Japan,C. South Korea,D. North Korea,B. Japan
Ross Island in the Ross Sea is located near_________?,A. Greenland,B. Norway,C. Continent of Antarctica,D. Continent of Australia,C. Continent of Antarctica
Mohs’ Scale” is used to indicate the_________?,A. Degree of hardness of minerals,B. Degree of viscosity of a liquid,C. Degree of elasticity of a material,D. Degree of brittleness of a substance,A. Degree of hardness of minerals
Which treaty provides for a common currency for European Community____________?,A. Treaty of Versailles,B. Geneva Convention,C. Brussels Treaty,D. Maastricht Treaty,D. Maastricht Treaty
Which of the following canals is considered to be an important link between the developed countries and the developing countries__________?,A. Panama Canal,B. Suez Canal,C. Kiel Canal,D. Grand Canal,B. Suez Canal
Gimpo airport is situated in__________?,A. Russia,B. Japan,C. South Korea,D. Germany,C. South Korea
Synagogue is place of worship of which religion?,A. Confucianism,B. Judaism,C. Shintoism,D. Buddhism,B. Judaism
Author of the book “The Making of Modern Sindh” is____________?,A. Rasool Bux Palijo,B. Ibrahim Joyo,C. Hamida Khuhro,D. Amar Jalil,C. Hamida Khuhro
The Battle of Halani was fought in___________?,A. 1712,B. 1748,C. 1762,D. 1782,D. 1782
Which style of painting was used by early Renaissance artists_______?,A. Gothic,B. Graeco-Roman,C. Catholic Art,D. None of these,B. Graeco-Roman
The science of lightning is called___________?,A. Aerology,B. Meteorology,C. Electeorology,D. Fulminology,D. Fulminology
Who was Bismarck?,A. German Navy Destroyer,B. German Politician and statesman,C. Orator,D. German Novelist,B. German Politician and statesman
The first private tourist of the space was___________?,A. Shuttle Worth,B. Larry Swanson,C. Dennis Tito,D. None of these,C. Dennis Tito
Who provided proof to suggest that the earth was spherical?,A. David Encaston,B. Francis Columbus,C. Ferdinand Magellan,D. None of these,C. Ferdinand Magellan
Tower of Silence is___________?,A. Cemetery in London built in the memory of dead of IInd World War.,"B. Arlington National Cemetery, Washington, D.C. U.S.A.",C. Place where dead remains of followers of Zoroastrian are placed after funeral rituals.,D. Another name of Eiffel Tower.,C. Place where dead remains of followers of Zoroastrian are placed after funeral rituals.
Who was the founder of Lodhi dynasty of India (1451-1526)?,A. Ibrahim Lodhi,B. Bahlul Khan Lodhi,C. Skindar Lodhi,D. None of these,B. Bahlul Khan Lodhi
Which is smallest state in Asia?,A. Bahrain,B. Malta,C. Maldives,D. Brunei,C. Maldives
International day to end impunity for crimes against journalists observed every year on_________?,A. 1 November,B. 2 November,C. 3 November,D. 4 November,B. 2 November
When was the border disputes settled between the US and Mexico?,A. 1960,B. 1970,C. 1975,D. 1980,B. 1970
How many US states border the Gulf of Mexico?,A. 3,B. 5,C. 9,D. 13,B. 5
Fidel Castro was the president of___________?,A. Spain,B. Poland,C. Cuba,D. South Africa,C. Cuba
Dampier is the seaport of____________?,A. Australia,B. Denmark,C. Dublin,D. Italy,A. Australia
Which city is called as ‘Queen of Adriatic’?,A. Rome,B. Paris,C. London,D. Venice,D. Venice
"Which Country from following, having No border line with Afghanistan?",A. Turkemanistan,B. Kyrgyzstan,C. Tajikistan,D. Uzbekistan,B. Kyrgyzstan
“Big Apple” is a nickname of___________?,A. Canada,B. New York,C. China,D. Russia,B. New York
A bird that can fly backwards?,A. Bat,B. Humming Bird,C. Crimson Sun Bird,D. Cardinal Bird,B. Humming Bird
"Gwadar became part of Pakistan on September 8,____________?",A. 1949,B. 1955,C. 1958,D. 1972,C. 1958
"The largest Island in the world is Greenland, which is largest Island in Indian Ocean?",A. Borneo,B. Madagascar,C. Java,D. Sunda,B. Madagascar
Through which one of the following countries the equator does not pass?,A. Zaire (Congo),B. Kenya,C. Uganda,D. Tanzania,D. Tanzania
“Last Judgement” is the famous painting of___________?,A. Rembrandt,B. Michel Angelo,C. Pablo Picasso,D. Leonardo de Vinci,B. Michel Angelo
What is the range of panama canal ?,A. 82 km,B. 90 km,C. 100 km,D. 120 km,A. 82 km
Who was the first Chairman of Pakistan atomic energy commission?,A. Dr. I.H. Usmani,B. Dr. Muhammad Abdus salam,C. Dr Nazeer Ahmed,D. Mr. Saleem Mehmud,C. Dr Nazeer Ahmed
"Pakistan Space and Upper Atmosphere Research Commission (SUPARCO), the national space agency, was established in 1961 as a Committee and was granted the status of a Commission in 1981.Who led the foundation of SUPARCO?",A. Dr. I.H Usmani,B. Dr Sibte nabi Naqvi,C. Dr. Abdus Salam,D. Dr. Saleem-uzaman Siddique,C. Dr. Abdus Salam
"During its 74th Plenary Meeting, the United Nations (UN) General Assembly 72nd Session has proclaimed 2019 as the International Year of the____________?",A. Climate Change,B. Forest Conservation,C. Cancer,D. Periodic table of chemical elements,D. Periodic table of chemical elements
Whose sword was named ” Excalibur”?,A. King James’,B. Sir Lancelot’s,C. Sir Mexalot’s,D. King Arthur’s,D. King Arthur’s
What is human body’s largest organ according to 2018 discovery?,A. Skin,B. Liver,C. Interstitium,D. None,C. Interstitium
Which vegetable is Toxic For Dogs?,A. Onion,B. Carrot,C. Peas,D. Potato,A. Onion
On which continent do Jaguars live?,A. Australia,B. America,C. Europe,D. Antarctica,B. America
"Which U.S President said, “I am not a crook.”",A. Ford,B. Nixon,C. Kenndy,D. Clinton,B. Nixon
Suez Canal was nationalized in July 1956 by Egypt’s President Gamal Abdul Nasser. In which year Suez Canal was constructed ?,A. 1859,B. 1869,C. 1879,D. 1889,B. 1869
Rabat is the capital of____________?,A. Peru,B. Surinam,C. Bolivia,D. Morocco,D. Morocco
Which city is called the ‘City of Palaces’ ?,A. Geneva,B. Cairo,C. Rome,D. Mexico City,D. Mexico City
Which language has maximum number of alphabet letters?,A. Sindhi,B. French,C. Persian,D. Cambodian,D. Cambodian
"Khudadad Khan was the first South Asian (Pakistani from chakwal) soldier in Indian-British Army to receive the highest military award for gallantry, the Victoria Cross, during First World War. In which country was he fighting due to that he earned Victoria Cross ?",A. Austria,B. France,C. Belgium,D. Germany,C. Belgium
Gaddani Beach is located in___________?,A. Balochistan,B. Sindh,C. KPK,D. Punjab,A. Balochistan
The founder of ‘Zamindar’ (newspaper) was ___________?,A. Ch Rahmat Ali,B. Allama Iqbal,C. Maulana Zafar Ali Khan,D. Maulana M Ali Johar,C. Maulana Zafar Ali Khan
Which of the following Englishmen was honored by Mughal king Jahangir with the title of Khan?,A. Vasco Da Gama,B. William Hawkins,C. Sir Thomas Rose,D. John Watts,B. William Hawkins
Mirani Dam is located on which river?,A. Bolan,B. Jhelum,C. Dashat,D. Hub,C. Dashat
The “Emergence of Pakistan” book is written by______________?,A. Ch Muhammad Ali,B. Ch Najib,C. K K Aziz,D. Ayesha Jalal,A. Ch Muhammad Ali
In which year Cricket World Cup was started?,A. 1979,B. 1975,C. 1974,D. 1983,B. 1975
When Pakistan established its first Atomic Energy Commission?,A. 1950,B. 1955,C. 1956,D. 1960,C. 1956
When did Qutub-ud-din Aibak die?,A. October 1208,B. November 1209,C. December 1210,D. July 1206,C. December 1210
Which is the national flower of “Bermuda” ?,A. Simpoh Ayer,B. Blue-Eyed Grass,C. Black Orchid,D. Rose,B. Blue-Eyed Grass
How many times the sun is bigger than the size of the earth?,A. 69 times,B. 89 times,C. 99 times,D. 109 times,D. 109 times
The first-ever World Food Safety Day (WFSD) has officially observed on which date __________?,A. 7 June 2019,B. 8 June 2019,C. 9 June 2019,D. 10 June 2019,A. 7 June 2019
Who said “Ballot is stronger than the bullet”?,A. Warren Hastings,B. Shahjahan,C. Abraham Lincoln,D. Dalhouse,C. Abraham Lincoln
Highest rainfall area of Pakistan?,A. Kumrat,B. Skardu,C. Muree,D. Chaghi,C. Muree
Hooker glacier is situated in__________?,A. China,B. Usa,C. Uk,D. New Zealand,D. New Zealand
Which is the national game of Iceland?,A. Handball,B. Cricket,C. Buzkashi,D. Water Polo,A. Handball
Name the Famous Poet of Pakistan who was given title “ Khuda e sukhan” or “ God of poetry”?,A. Allama iqbal,B. Meer Taqi Meer,C. Hafeez jullundhri,D. Mirza ghalib,B. Meer Taqi Meer
In 1918 the Prime Minister of UK was_____________?,A. Bonar Law,B. Ramsay MacDonald,C. Lloyd George,D. Stanley Baldwin,C. Lloyd George
Which is the national flower of Antigua And Barbuda ?,A. Dagger Log,B. Tahitian Gardenia,C. Iris Croatica,D. White Mariposa,A. Dagger Log
What is the total length of border between the United States and Mexico?,A. 3045 KM,B. 3145 KM,C. 3445 KM,D. 4445 KM,B. 3145 KM
International Anti- Corruption Day observed on___________?,A. Dec 8,B. Dec 9,C. Dec 10,D. Dec 11,B. Dec 9
How many countries are presently members of the “None-Aligned-Movement (NAM)”______,A. 100,B. 120,C. 125,D. 150,B. 120
Who invented “Aspirin” in 1897?,A. Barnard,B. Newton,C. Felix Hoffmann,D. McLeod,C. Felix Hoffmann
“Izmir Adnan Menderes Airport” is located in_________?,A. Egypt,B. UAE,C. Turkey,D. Cyprus,C. Turkey
"Which Country Was Expelled From The United Nations On September 22,1992?",A. South Africa,B. Yugoslavia,C. Iraq,D. None of these,B. Yugoslavia
"First Space Scientist from Pakistan at the University of Cambridge, heals from which city of Pakistan?",A. Karachi,B. Kech ( Turbat),C. Quetta,D. Lahore,B. Kech ( Turbat)
The First Urdu Newspaper daily published after creation of Pakistan was___________?,A. Mashriq,B. Imroze,C. Watan,D. Nawa-e-Waqat,B. Imroze
When did Zahir-ud-din Muhammad Babur born ________?,A. 12 January 1483,B. 14 February 1483,C. 17 March 1484,D. 22 September 1485,B. 14 February 1483
When did Zahir-ud-din Muhammad Babur die _______?,A. 25 November 1526,B. 26 December 1530,C. 17 September 1540,D. 9 January 1555,B. 26 December 1530
Kalim-Allah Shah was the last king of the Bahmani empire. He died in _______?,A. 1527,B. 1537,D. 1547,D. 1557,A. 1527
Which is the national flower of Argentina ?,A. Ceibo,B. Cornflower,C. Calla Lily,D. Marsh Marigold,A. Ceibo
S-400 missile system is associated with which of the following countries?,A. USA,B. N. Korea,C. Russia,D. China,C. Russia
The headquarters of World Intellectual Property Organisation (WIPO) is located in__________?,A. Paris,B. Madrid,C. New York,D. Geneva,D. Geneva
Which is the national game of Ireland?,A. Sepak Takraw,B. Gaelic Football,C. Association Football,D. Cross-Country Skiing (winter),B. Gaelic Football
"Which day observed on 12, May 2019?",A. International Nurse’s Day,B. Mother Day,C. Health Day,D. Both A & B,D. Both A & B
Theresa May is the Britain’s _______ female Prime Minister?,A. 1st,B. 2nd,C. 3rd,D. 4th,B. 2nd
“Mein Kampf “or My fight is a book written by____________?,A. Nelson Mandela,B. Bill Clinton,C. Vladimir Lenin,D. Adolf Hitler,D. Adolf Hitler
Which is the number one game in the World?,A. Soccer,B. Hockey,C. Cricket,D. Basketball,A. Soccer
THAAD misille system is associated with which of the following countries?,A. USA,B. Russia,C. China,D. N. Korea,A. USA
The total number of divisions in AJK is __________ ?,A. 2,B. 3,C. 5,D. 6,B. 3
What is the age of Retirement of Supreme Court Judges?,A. 55,B. 60,C. 64,D. 65,D. 65
What is the age limit for retirement in Pakistan?,A. 60 years,B. 55 years,C. 65 years,D. 50 years,A. 60 years
Which Country has no River?,A. Qatar,B. UAE,C. JORDAN,D. Saudi Arabia,D. Saudi Arabia
"In February 2016, the ________ government created the post of Minister of State for Happiness?",A. Saudi Arabia,B. Finland,C. Canada,D. UAE,D. UAE
Which is the largest Museum in the World?,A. State Hermitage Museum,B. Louvre Museum,C. Metropolitan Museum of Art,D. National Museum of China,B. Louvre Museum
First marriage of Quaid-e-Azam took place in which Year?,A. 1892,B. 1893,C. 1893,D. None of These,A. 1892
When Korea was divided into two parts?,A. 1940,B. 1943,C. 1945,D. None of these,C. 1945
Virus is the word of which language?,A. English,B. Latin,C. Greek,D. None of These,B. Latin
“Myth of Independence” written by____________?,A. Gen. Ayub Khan,B. Gen. Zia ul Haq,C. Zulfiqar Ali Bhutto,D. Imran Khan,C. Zulfiqar Ali Bhutto
Dr.Abdul Qadeer Khan did his Ph.D. from Leaven University of____________?,A. Germany,B. Holland,C. Belgium,D. Austria,C. Belgium
Who give the title “Quaid-e-Azam” to Muhammad Ali Jinnah?,A. Moulana Muhammad Ali Johar,B. Moulan Mazharuddin Shaheed,C. Allama Iqbal,D. Sir Syed Ahmed Khan,B. Moulan Mazharuddin Shaheed
“Game Changer” is the autobiography of which famous Cricketer?,A. Wasim Akram,B. Shoaib Akhtar,C. Shahid Afridi,D. Misbah ul Haq,C. Shahid Afridi
Pakistan’s response to Indian aggression on February 27 will be remembered as___________?,A. Operation Swift Retort,B. Operation Zarb-e-Azb,C. Operation Sher-e-Dil,D. None of these,A. Operation Swift Retort
What is the Nationality of founder of Wikileaks?,A. US citizen,B. UK citizen,C. Australian,D. Ecuadorian,C. Australian
Zoroastrian is a worship of___________?,A. Air,B. Stone,C. Wood,D. fire,D. fire
World’s highest waterfall is in__________?,A. Brazil,B. USA,C. Venezuela,D. Zambia,C. Venezuela
Where is famous “Natural Bridge” located?,"A. Kabul , Afghanistan","B. Ankara, Turkey",C. Madrid Spain,D.,"Virginia, USA"
When Burma was separated from India?,A. 1935,B. 1936,C. 1937,D. 1938,C. 1937
When Asia-Pacific Economic Cooperation was established?,A. 1978,B. 1989,C. 1992,D. 1998,B. 1989
Which of the following is buffer state of Asia?,A. China,B. Afghanistan,C. India,D. Srilinka,B. Afghanistan
Who is known as the founder of the ‘Republic of Turkey’?,A. Ismet Inonu,B. Fevzi Cakmak,C. Mustafa Kamal Ataturk,D. None of the above,C. Mustafa Kamal Ataturk
“KHAD & RAMA” are Secret agencies of__________?,A. Russia,B. Afghanistan,C. Albania,D. Iran,B. Afghanistan
Who was the main female God worshipped by Indus people?,A. Sarada,B. Mother Goddess,C. Laxmi,D. Shakti,B. Mother Goddess
Where is Notre Dam Cathederal?,A. USA,B. Germany,C.,D. U. K,France
Jinnah of Pakistan by Stanely Wolpert was published in__________?,A. 1984,B. 1890,C. 2002,D. 1949,A. 1984
Stanley Wolpert wrote the books on______________?,A. Quaid Azam Muhammad Ali Jinnah,B. Bainzeer Bhutto,C. Z.A. Bhutto,D. A and C both,D. A and C both
Thar coal is __________ largest coal reserves of the World?,A. 5th,B. 6th,C. 7th,D. 8th,C. 7th
"The 6th category of Noble Peace prize was added in 1969, which one is from the below?",A. Physics,B. Chemistry,C. Economics,D. Literature,C. Economics
Latakia and Tartus are Seaports of____________?,A. Syria,B. Iran,C. Yemen,D. Jordan,A. Syria
Who was the founder of republican party of USA_____________?,A. Alexander Hamilton,B. Franklin Roosevelt,C. George Washington,D. Thomas Jefferson,A. Alexander Hamilton
Freetown is the capital of____________?,A. Senegal,B. Guinea,C. Sierra leone,D. Liberia,C. Sierra leone
Which of the following country has no boundary with Syria?,A. Iraq,B. Iran,C. Turkey,D. Israel,B. Iran
The land of hospitality is____________?,A. KPK,B. Sindh,C. Baluchistan,D. Punjab,A. KPK
Death of Genghis Khan in battle against the Western Xia Dynasty (China) in _______ ?,A. 1226,B. 1227,C. 1229,D. None of these,B. 1227
Which is the national flower of “Belize” ?,A. Blue-Eyed Grass,B. Black Orchid,C. Red Poppy,D. Patuju,B. Black Orchid
Which is the national flower of Belarus?,A. Red Poppy,B. Flax,C. Blue Poppy,D. Cantuta,B. Flax
Which is the national game of New Zealand ?,A. Gaelic Football,B. Rugby Union,C. Rugby League,D. Volleyball,B. Rugby Union
How many crops seasons are in Pakistan?,A. 2,B. 3,C. 4,D. None of the above.,A. 2
Which one of the following is the largest sector of Pakistan’s economy?,A. Banking,B. Industry,C. Agriculture,D. Manufacturing,C. Agriculture
Which is the national flower of Andorra ?,A. Gardenia,B. Red Poppy,C. Black Orchid,D. Blue-Eyed Grass,A. Gardenia
For Economics category a first Nobel prize was given in____________?,A. 1901,B. 1969,C.1945,D. 1968,B. 1969
"Rome Statute, is related to which of the following organizations?",A. World Bank,B. UNIDO,C. Food and Agriculture Organization (FAO),D. International Criminal Court (ICC),D. International Criminal Court (ICC)
What was the theme of 2019 International Women’s Day?,A. Women in the Changing World of Work: Planet 50-50 by 2030,B. Time is Now: Rural and urban activists transforming women’s lives,"C. Think equal, build smart, innovate for change","D. Empowering Women, Empowering Humanity: Picture it","C. Think equal, build smart, innovate for change"
Which Country Celebrated Valentine’s Day for the first time on 14 Feb. 2019?,A. Yemen,B. Qatar,C. Saudi Arabia,D. Kuwait,C. Saudi Arabia
The World Science Day is observed every year on __________ ?,B. 15 January,C. 25 February,C. 01 March,D. 10th November,D. 10th November
"Which of following is the theme of 2019 World Day of Social Justice observed on February 20, 2019?","A. If You Want Peace & Development, Work for Social Justice",B. Preventing conflict and sustaining peace through decent work,C. Promote global justice & poverty eradication,D. None of these,"A. If You Want Peace & Development, Work for Social Justice"
The World Day of Social Justice is observed every year on ____________?,"A. February, 19","B. February, 20","C. February, 21","D. February, 25","B. February, 20"
Montevideo is the capital of which South American country?,A. Bolivia,B. Uruguay,C. Argentina,D. Venezuela,B. Uruguay
Which US state has the most active volcanoes?,A. California,B. Texas,C. Florida,D. Alaska,D. Alaska
In which Country you can visit Machu Picchu?,A. Peru,B. Chile,C. Ecuador,D. Colombia,A. Peru
What is the highest waterfall in Europe?,A. Mongefossen,B. Rhine,C. Gullfose,D. Dettifose,A. Mongefossen
Which mountain is known as Savage Mountain?,A. K2,B. Mount Everest,C. Kangchenjunga,D. Lhotse,A. K2
Which Country has the most Natural Lakes?,A. Finland,B. Canada,C. China,D. None of these,B. Canada
What razor-thin country accounts for more than half of the western coastline of South America?,A. Chile,B. Peru,C. Ecuador,D. Colombia,A. Chile
Canada is made up of how many Provinces?,A. 10,B. 11,C. 8,D. 9,A. 10
What is the largest island in the Caribbean Sea?,A. Cuba,B. Green island,C. Maui island,D. Bermuda,A. Cuba
The World Kidney day is observed ___________?,A. 12 March,B. 13 March,C. 14 March,D. 10 March,C. 14 March
First Female Ambassador of Saudi Arabia to US is___________?,A. Nadia Baeshen,B. Sarah Ayed bent Mohammed Al Ayed,C. Princess Rima bint Bandar,D. None of these,C. Princess Rima bint Bandar
What is the theme of the 2019 International Mother Language Day?,"A. Indigenous Languages as a factor in development, peace and reconciliation","B. Quality education, language(s) of instruction and learning outcomes",C. Linguistic diversity and multilingualism count for sustainable development,D. None of the above,"A. Indigenous Languages as a factor in development, peace and reconciliation"
When (FATF) was established by the G-7 Summit that was held in Paris?,A. 1981,B. 1989,C. 1991,D. 1995,B. 1989
What is the tenure of FATF Presidentship which rotates among member Countries?,A. 1 year,B. 2 years,C. 3 years,D. 4 years,A. 1 year
Which countries had the most Nobel Prize winners in 2017?,A. USA,B. UK,C. France,D. Germany,A. USA
Sicily is the largest island in which Sea?,A. Red Sea,B. Caspian Sea,C. Arabian Sea,D. Mediterranean Sea,D. Mediterranean Sea
The Black forest is located in which European country?,A. Germany,B. France,C. Britain,D. Spain,A. Germany
Catalonia is a region of which country?,A. Spain,B. Chile,C. Cuba,D. Germany,A. Spain
Where do you find St. Peter’s Basilica?,A. Vatican city,B. Russia,C. Spain,D. Cuba,A. Vatican city
What body of water separates Saudi Arabia from Africa?,A. Red sea,B. Mediterranean,C. Caspian Sea,D. Arabian Sea,A. Red sea
After many years Cinema houses were opened in Saudi Arabia?,A. 25 Years,B. 20 Years,C. 35 Years,D. 55 Years,C. 35 Years
Which Country and its territories cover the most time zones?,A. Germany,B. Greece,C. France,D. Spain,C. France
Which of the following straits separate Asia from Africa?,A. Bering Strait,B. Bab-ul-Mandab,C. Bosphorous Strait,D. None of these,B. Bab-ul-Mandab
Which is the national flower of Barbados ?,A. Flax,B. Pride Of Barbados,C. Red Poppy,D. Black Orchid,B. Pride Of Barbados
When was  the  Famous children’s television  show  “Ainak  Wala  Jinn”  broadcasted  by  PTV?,A. 1990,B. 1991,C. 1992,D. 1993,D. 1993
"Yerevan, one of the world’s continuously inhabited cities, is the Capital of what Country?",A. Armenia,B. Vatican,C. Spain,D. Cuba,A. Armenia
Capital of Chechnya is___________?,A. Paris,B. Moscow,C. Grozny,D. None of these,C. Grozny
The Kyoto Protocol was established in ________ at the in _________?,A. 2005 . . . Botswana,B. 1997 . . . Japan,C. 1992 . . . Brazil,D. 1997 . . . Sweden,B. 1997 . . . Japan
Kingston is the capital of____________?,A. Kiribiti,B. Kosovo,C. Jamaica,D. None of these,C. Jamaica
World Polio Day observed every year on___________?,A. October 22,B. October 23,C. October 24,D. None of these,C. October 24
When FBI of America was established?,A. 1900,B. 1908,C. 1916,D. 1920,B. 1908
Where the First ASEAN summit was held in February 1976?,A. India,B. Indonesia,C. Philpine,D. Myanmar,B. Indonesia
Sheikh Mujib-u-Rahman was born in__________?,A. Tungipara Upazila,B. Savar Upazila,C. Uttra Thana,D. Pabna District,A. Tungipara Upazila
From when Pakistani soldiers have been stationed in Saudi Arabia to protect the Kingdom?,A. since the 1950s,B. since the 1960s,C. since the 1970s,D. since the 1980s,B. since the 1960s
The World Radio Day (WRD) is observed every year on ___________?,A. 12 February,B. 13 February,C. 14 February,D. 15 February,B. 13 February
What are the Coldest months in Australia?,A. December and January,B. February and March,C. July and August,D. April and May,C. July and August
Scientific Name of Human is____________?,A. Homo sapiens,B. Mono sapiens,C. Bio sapiens,D. Cosmopolitan,A. Homo sapiens
What “Enrico Fermi” invented?,A. X ray machine,B. Betatron,C. Cyclotron,D. Nuclear reactor,Rashid Mehmood
FATF has its headquarter in______________?,A. Paris,B. Vienna,C. Hague,D. Washington,A. Paris
Abida Parveen was honored with President of Pakistan award in_________?,,,,,A 1984
Samara was built by_________?,A. Walid,B. Mamun,C. Muta’sam‍,D. None of the above,C. Muta’sam‍
Al-Beruni died in the year__________?,A. 1047,B. 1048,C. 1049,D. None of the above,Rashid Mehmood
Grand Mosque at Damascus was built by______________?,A. Abdul Malik,B. Walid bin Abdul Malik,C. Umar bin Abdul Aziz,D. None of the above,B. Walid bin Abdul Malik
Which is national flower of Taiwan ?,A. Linnaea Borealis,B. Edelweiss,C. Jasmine,D. Plum Blossom,D. Plum Blossom
Which is the national flower of Sweden ?,A. Linnaea Borealis,B. Rose Of Sharon,C. King Protea,D. Plum Blossom,A. Linnaea Borealis
Which is the national flower of Suriname ?,A. Jasmine,B. Faya Lobi,C. Edelweiss,D. Carnation,B. Faya Lobi
Which is the national flower of Spain ?,A. Carnation,B. Water Lily,C. Jungle Geranium,D. Edelweiss,A. Carnation
Reuters News Agency belongs to which country?,A. US,B. Russia,C. Canada,D. UK,D. UK
Paristan Lake is in district?,A. Muzzafarabad,B. Skardu,C. Peshawar,D. Rawalpindi,B. Skardu
Maiden Tower is in_________?,A. Russia,B. France,C. Azerbaijan,D. Malaysia,C. Azerbaijan
The tallest man of Pakistan is__________?,A. Alam Channa,B. Nabeel Islam,C. Zia Rasheed,D. Javaid Kazmi,C. Zia Rasheed
The Currency of Maldives is___________?,A. Kwacha,B. Ringgit,C. Rufiyaa,D. Pataca,C. Rufiyaa
Park Güell is in__________?,A. UAE,B. Spain,C. Nepal,D. Japan,B. Spain
Federal Investigation Agency (FIA) founded in___________?,A. 13 June 1970,B. 13 January 1975,C. 13 August 1980,D. 13 September 1985,B. 13 January 1975
The oldest Intelligence agency of Pakistan is_____________?,A. ISI,B. IB,C. MI,D. None of these,B. IB
Eden of Sindh is called_________?,A. Hyderabad,B. Karachi,C. Larkana,D. Sukkur,C. Larkana
Twyfelfontein is in___________?,A. Russia,B. Canada,C. Namibia,D. China,C. Namibia
Twelve Apostles are in___________?,A. France,B. Japan,C. Australia,D. Canada,C. Australia
Minaret of Jam is in_______________?,A. Indonesia,B. Srilanka,C. Bangladesh,D. Afghanistan,D. Afghanistan
Loch Ness is freshwater loch in________?,A. Ireland,B. Scotland,C. France,D. Russia,B. Scotland
Abu Simbel Temples is in_____________?,A. India,B. China,C. Egypt,D. Japan,C. Egypt
Tilicho Lake is in__________?,A. Indonesia,B. China,C. Nepal,D. Srilanka,C. Nepal
Millau Bridge is in__________?,A. England,B. France,C. Australia,D. China,B. France
Mount Eden Crater is in________?,A. USA,B. New Zealand,C. Australia,D. Japan,B. New Zealand
Hagia Sophia Museum is in___________?,A. India,B. Turkey,C. UAE,D. Japan,B. Turkey
Leaning Tower of Pisa is in_________?,A. Russia,B. Italy,C. France,D. England,B. Italy
Garba Dance is performed in Hindu Festival?,A. Diwali,B. Holi,C. Navartri,D. Raksha Bandhan,C. Navartri
Garba Dance originated from___________?,A. Punjab,B. Gujrat,C. Ahmedabad,D. Kolkata,B. Gujrat
The “Tiger of Mysore” is called____________?,A. Titu Mir,B. Nadir Shah,C. Tipu Sultan,D. None of these,C. Tipu Sultan
In Indus Valley “Alluvial Soil” was used for making?,A. Bricks,B. Maps,C. Fertilization,D. Drinks,A. Bricks
Indus Valley Civilization belongs to__________?,A. Neolithic Age,B. Metal Age,C. Stone Age,D. Both a & b,D. Both a & b
Jamia Masjid Damascus was built by___________?,A. Ameer Muwiya,B. Umar Bin Abdul Aziz,C. Walid I,D. Suleman,C. Walid I
St. George Fort was built in___________?,A. Surath,B. Madras (now Chennai),C. Agra,D. Delhi,B. Madras (now Chennai)
First Capital of British Raj was __________?,A. Bombay,B. Delhi,C. Agra,D. Calcutta,D. Calcutta
Last Mughal Empire was___________?,A. Babar,B. Shah Jahan,C. Bahadur Shah II,D. Jahangir,C. Bahadur Shah II
Financial Action Task Force (FATF) was founded in which year?,A. 1998,B. 1989,B. 1979,C. 1997,B. 1989
“Malthusian Theory” is regarding_________?,A. Production,B. Prosperity,C. Profit,D. Population,D. Population
Eisenhower trophy is given annually to what best amateur team?,A. Baseball,B. Golf,C. Tennis,D. None odf these,B. Golf
King Abdullah Died on____________?,A. 23rd January 2011,B. 23rd January 2013,C. 23rd January 2015,D. None of these,C. 23rd January 2015
When Narendar Modi sworn as Indian PM?,"A. 26th May, 2012","B. 26th May, 2013","C. 26th May, 2014",D. None of these,"C. 26th May, 2014"
First T20 International was played Between?,A. Australia & England,B. Australia & South Africa,C. Australia & New Zealand,D. None of these,C. Australia & New Zealand
Name the only city which has hosted three Olympics?,A. Paris,B. New York,C. London,D. None of these,C. London
The theme of World Wetlands Day 2019 is___________?,A. Wetlands For Our Future,B. Wetlands Take Care of Water,C. To inspire the people to save wetland,D. Wetlands and Climate Change,D. Wetlands and Climate Change
ICC Men’s T20 World Cup 2020 will be held in___________?,A. Australia,B. India,C. England,D. New Zealand,A. Australia
The Umayyad Caliphate was overthrown in 751 A.D by Abbasids after the_________?,A. Battle of Tribes,B. Battle of Arabs,C. Battle of Islam,D. Battle of Zab,D. Battle of Zab
Who was the first Muslim Caliph of Spain?,A. Abd Ar Rehman Ad-Dakhil,B. Abd Al Jabar,C. Abd L Malik,D. Marwan 11,A. Abd Ar Rehman Ad-Dakhil
The Muslim invaded Spain in__________?,A. 701 A.D,B. 711 A.D,C. 717 A.D,D. 727 A.D,B. 711 A.D
The length of Cricket bat is________inches?,A. 30,B. 38,C. 44,D. 48,B. 38
What do you mean “Scrabble” in Sports?,A. Board game,B. Water game,C. Card game,D. Kind of wrestling,A. Board game
Who is called “Bradman of Asia”?,A. Zaheer Abbas,B. Majid khan,C. Sadiq Muhammad,D. Hanif Muhammad,A. Zaheer Abbas
Which Japanese King wrote a book with his own blood?,A. Emperor Jinping,B. Emperor Sun Li Fin,C. Emperor Sutoku,D. None of these,C. Emperor Sutoku
Who is known as Napolean of India?,A. Samudar Gupta,B. Narendra Modi,C. Gandhi,D. None of these,A. Samudar Gupta
Ancient city of Byzentium is today known as____________?,A. Ankara,B. Istanbul,C. Izmir,D. Atalanta,B. Istanbul
Who has been appointed as Pakistan’s first female Hindu Civil Judge?,A. iran Bedi,B. Krishna Kumari,C. Suman Bodani,D. None of these,C. Suman Bodani
What is the Theme of “World Cancer Day 2019”?,A. “I Can We Can”,B. “Myths The Debunk”,C. “No Ahead Of Us”,D. “I am and I will”,D. “I am and I will”
Which Country Won 19th Asian Junior Squash Tournament by beating India?,A. Pakistan,B. Thailand,C. China,D. None,A. Pakistan
Which is the national flower of Belgium?,A. Golden Lily,B. Red Poppy,C. Blue-Eyed Grass,D. Rose,B. Red Poppy
"The fish that has four hearts,one nostril,no jaws and no stomach is__________?",A. Guppy,B. Wels Catfish,C. Zander,D. Hagfish,D. Hagfish
Which Muslim Country recognize China in the 1st week in January 1950?,A. Pakistan,B. Iran,C. Saudi Arabia,D. Iraq,A. Pakistan
Which country made world’s largest blanket in January 2019?,A. China,B. Ireland,C. Pakistan,D. None Of These,B. Ireland
“Wolf Moon” is traditional name for the Full Moon of_________?,A. Janurary,B. February,C. March,,A. Janurary
Which is the first ever Law university of Pakistan?,A. Quaid-e-Azam,B. LUMS,C. SZABUL,D. Bahria University,C. SZABUL
Who was the first Captain of the Pakistan national cricket team?,A. Imtiaz Ahmad,B. Fazal Mahmood,C. Abdul Hafeez Kardar,D. Imran Khan,C. Abdul Hafeez Kardar
International Day of Education is celebrated on__________?,A. 25th February,B. 15th January,C. 24th January,D. 10th December,C. 24th January
Which Country successfully tested its “Mother of All Bombs” in January 2019?,A. Iran,B. China,C. Pakistan,D. India,B. China
PCIW stands for___________?,A. Police criminal investigation wing,B. Popcorn cut and invest company,C. Pakistan Commissioner for Indus Waters,D. Peep core in water,C. Pakistan Commissioner for Indus Waters
CPEC has how many Special Economic Zones?,A. 6,B. 8,C. 9,D. 5,C. 9
What was the theme of international Forest day 2018?,A. Forest and Sustainable cities,B. Forest and water,C. Forest and Ecosystem,D. Forest matters,A. Forest and Sustainable cities
Which of the following is the author of the book “We Are Displaced” ?,A. Reham Khan,B. Malala Yosufzai,C. Nadia Murad,D. Sharmeen Obaid,B. Malala Yosufzai
International Human Rights day is observed every year on___________?,A. 2nd December,B. 10th December,C. 22nd December,D. 25th December,B. 10th December
Halim Dhanidina the first ever Muslim judge in state of California belongs to which country?,A. India,B. Bangladesh,C. Pakistan,D. None,A. India
Youtube was launched in ___________?,A. 2009,B. 2007,C. 2011,D. 2005,D. 2005
Singapore was separated from which Country in 1965?,A. Japan,B. Malaysia,C. Brunei Darussalam,D. None of the Above,B. Malaysia
"Kumbh Mela is a _______ day festival, where millions of Hindu devotees are expected to attend with the belief that taking a dip in the holy waters will cleanse them of their sins?",A. 25 days,B. 35 days,C. 45 days,C. 55 days,C. 45 days
"The International Space Station has turned _________ old on November 20, 2018.",A. 22 years,B. 21 years,C. 19 years,D. 20 years,D. 20 years
The World Leprosy Day 2019 will be observed on?,A. 25 January,B. 26 January,C. 27 January,D. 28 January,C. 27 January
Bolshevik Revolution is related to which Country?,A. France,B. America,C. Russia,D. Australia,C. Russia
In American history name the only President who resigned?,A. Abraham linkin,B. Jimmy Carter,C. Richard Nixon,D. none of these,C. Richard Nixon
"In which city the inaugural meeting of G20, was held on 15–16 December 1999?",A. London,B. Berlin,C. Paris,D. New York,B. Berlin
When The G20 (or Group of Twenty) was founded?,A. 26 September 1999,B. 20 October 1998,C. 5 June 1997,D. 1 December 2000,A. 26 September 1999
Which is the national Flower of Liechtenstein ________ ?,A. Pomegranate Blossom,B. Oxeye Daisy,C. Yellow Lily,D. Pepper,C. Yellow Lily
Which country has large number of nuclear warheads?,A. America,B. Russia,C. France,D. China,B. Russia
What Does SIM Stand for on a Cell Phone?,A. Subscriber identity module,B. Subscriber Inline module,C. Secret Internet module,D. Subscriber Interface Module,A. Subscriber identity module
International Day Against Drug Abuse and Illicit Trafficking is observed every year on__________?,A. 25 july,B. 10 April,C. 24 June,D. 26 June,D. 26 June
For how many years Pakistan was placed on FATF’s Grey List for the first time?,A. 3 years,B. 5 years,C. 2 years,D. 1 years,A. 3 years
When was for the first time January 1st was Celebrated as a New Year?,A. 45 B.C,B. 50 B.C,C. 40 B.C,D. 35 B.C,A. 45 B.C
Pulakesin II was the most famous ruler of ________ ?,A. Chalukyas,B. Cholas,C. Pallavas,D. Satavahanas,A. Chalukyas
When the Soviet Union invaded Afghanistan?,A. 24 December 1974,B. 24 December 1977,C. 24 December 1979,D. 24 December 1981,C. 24 December 1979
Which country is second biggest arms importer in the World?,A. India,B. Saudi Arabia,C. Pakistan,D. North Korea,A. India
The Theme for the World AIDS Day 2018 was____________?,A. Know Your Status,B. Together we will end AIDS,C. Zero Discrimination,D. None of these,A. Know Your Status
"First Nuclear Power Plant in Arab World, which was inaugurated in March 2018 is Located in_______?",A. Saudi Arabia,B. Qatar,C. UAE,D. Iraq,C. UAE
What is the National Sweet of Pakistan?,A. Barfi,B. Gulab jamun,C. Jalebi,D. None of these,B. Gulab jamun
How many vowels does Arabic Language have?,A. 2,B. 3,C. 5,D. 7,B. 3
ISPR stands for________?,A. Inter Superior Personal Relations,B. Internal Services Public Relations,C. Inter Services Public Relations,D. Internal Superior Public Relations,C. Inter Services Public Relations
” Brisbane ” is the seaport of _______ ?,A. Australia,B. Argentina,C. Aruba,D. Azerbaijan,A. Australia
“San Julian” is the seaport of _______ ?,A. Australia,B. Argentina,C. Aruba,D. Azerbaijan,B. Argentina
Rivers Tigris and Euphrates are associated with _______?,A. Chinese Civilization,B. Egyptian Civilization,C. Harappan Civilization,D. Mesopotamian Civilization,D. Mesopotamian Civilization
“Facebook” was launched in__________?,"A. February 4, 2004","B. February 9, 2009","C. March 21, 2006","D. July 26, 1994","A. February 4, 2004"
MUST is a secret agency of which country?,A. Sweden,B. Poland,C. Norway,D. Denmark,A. Sweden
Handball game originated in which country?,A. Denmark,B. USA,C. Australian,D. France,A. Denmark
What is the width of tennis court for singles?,A. 7.32 m,B. 8.23 m,C. 9.33 m,D. 10.66 m,B. 8.23 m
What is the length of tennis court?,A. 23.77m,B. 25.77m,C. 27.77m,D. 24.77m,A. 23.77m
The world’s oldest Prime Minister at the age of 92 is_________?,A. Sir Aneerood Jugnath,B. Mahatir Muhammad,C. LI kiqianq,D. Nicolás Maduro,B. Mahatir Muhammad
The Gulf Cooperation Organization was founded on____________?,A. 25th Jan 1981,B. 25th March 1981,C. 25th May 1981,D. 25th July 1981,C. 25th May 1981
Whats is the age of world oldest Skydiver Irene O’ Shea?,A. 100,B. 102,C. 103,D. 104,B. 102
What is the name of world oldest Skydiver?,A. Irene O’Shea,B. Ainy,C. Jimmy,D. Angela,A. Irene O’Shea
The Republic Day of Turkey is celebrated on__________?,A. 26 October,B. 27 October,C. 28 October,D. 29 October,D. 29 October
The world’s largest Arabic audio library launched in____________?,"A. Abu Dhabi, UAE","B. Dubai, UAE","C. Riyadh, Saudi Arabia","D. Muscat, Oman","B. Dubai, UAE"
Language of Gandhara Civilization was___________?,A. Sanskrit,B. Hindi,C. Prakrit,D. None of these,C. Prakrit
"Which PTV Programme was hosted by “PM Benazir Bhutto” during 1970,s?",A. Focus on world,B. Pakistan today,C. Outlook,D. Encounter,D. Encounter
Which country made world’s largest amphibious aircraft AG600?,A. Russia,B. Japan,C. China,D. India,C. China
Which is first Country in the world to fully legalize cannabis (marijuana)?,A. Canada,B. Uruguay,C. Norway,D. Australia,B. Uruguay
________ became the G7 first country to legalize marijuana?,A. USA,B. Canada,C. Uruguay,D. None of These,B. Canada
Buddha temple is in_________?,A. India,B. Pakistan,C. China,D. USA,C. China
The blood donor day is celebrated on____________?,A. 14th June,B. 15th June,C. 16th June,D. none of these,A. 14th June
World’s 1st 3D-Printed e-Bike was manufactured by __________?,A. Japan,B. Germany,C. China,D. USA,B. Germany
Who became the first woman footballer to win the Ballon D’Or?,A. Ada Hegerberg,B. Dzsenifer Marozsan,C. Wendie Renard,D. None of above,A. Ada Hegerberg
The largest cold desert of the world is in ___________?,A. Europe,B. Antarctica,C. Africa,D. Asia,B. Antarctica
Which country has the most number of  active volcanoes in the world?,A. Indonesia,B. West Indies,C. Mexico,D. Russia,A. Indonesia
Which country has world’s longest zipline?,A. UAE,B. India,C. Germany,D. Russia,A. UAE
The world’s tallest hotel is _____________?,A. JW Marriott Marquis Hotel (Dubai),B. Gevora Hotel (Dubai),C. Marriott Marquis (NY),D. The Venetian (USA),B. Gevora Hotel (Dubai)
The Japanese call their country as __________?,A. Nikon,B. Nippon,C. Chingcho,D. Ninja,B. Nippon
Which of the following is the longest highway _____________?,A. Karakoram Highway,B. Trans-Canada,C. Highway 401,D. Leh-Manali Highway,B. Trans-Canada
Which of the following is a search engine?,A. AOL,B. Ask.com,C. Excite,D. DuckDuckGo,E. All of the above
Which of the following is not a search engine?,A. Yahoo,B. Qzone,C. Bing,D. Baidu,B. Qzone
Headquarter of Q-Mobile is in _____________?,A. Beijing,B. Karachi,C. Shanghai,D. Lahore,B. Karachi
Gionee is a ____________ smartphone manufacturing company that exports parts and sometimes rebadge phones to Karachi based consumer electronics company QMobile?,A. China’s,B. USA’s,C. India’s,D. Germany’s,A. China’s
There are ___________ manufacturing factory of Q-Mobile in Pakistan?,A. 5,B. 3,C. 0,D. 1,C. 0
QMobile was launched in ____________?,A. 2012,B. 2011,C. 2009,D. 2010,C. 2009
+93 is International code for which country?,A. India,B. Iran,C. Afghanistan,D. Bangladesh,C. Afghanistan
Malala Yousafzai was awarded with Noble prize in which year?,A. 2014,B. 2015,C. 2013,D. 2016,A. 2014
The world’s longest sea bridge Zhuhai Macau linking ___________?,A. Hong Kong and China,B. Japan and Russia,C. Russia and China,D. China and Russia,A. Hong Kong and China
Which is the world’s longest sea bridge?,A. Zhuhai Macau Bridge,B. Golden Gate Bridge,C. San Francisco Bridge,D. George Washington Bridge,A. Zhuhai Macau Bridge
where is white elephant found in the world?,A. Australia,B. Thailand,C. Kenya,D. New Zealand,B. Thailand
What is the length of world longest sea bridge “Hong Kong-Zhuhai-Macau “?,A. 50Km,B. 55Km,C. 60Km,D. 65Km,B. 55Km
The Pearl River is located in which country?,A. Philippines,B. China,C. Mayanmar,D. Bangladesh,B. China
"Bitcoin is a Cryptocurrency, a form of electronic cash, who founded it?",A. Satoshi Nakamoto,B. George Orvil,C. William Ford,D. Drendun Hurt,A. Satoshi Nakamoto
UNHCR Stands for _____________?,A. United Nations Office of  Human Resource,B. United Nations High Commissioner for Refugees,C. United Nations Human Commission  Resource,D. None of these,B. United Nations High Commissioner for Refugees
Hopman Cup is related to which sports?,A. Badminton,B. Lawn Tennis,C. Table Tennis,D. Hockey,B. Lawn Tennis
Ryder Cup related to which sport?,A. Tennis,B. Golf,C. Hockey,D. Football,B. Golf
GST was first imposed by which country in the world?,A. Italy,B. France,C. Germany,D. Norway,B. France
When was first Oscar ceremony held?,A. 1923,B. 1929,C. 1933,D. 1938,B. 1929
Ruble is the Currency of_________?,A. Turkey,B. Singapore,C. Russia,D. Korea,C. Russia
THE Currency of “Panama” is_________?,A. Peso,B. Kina,C. Balboa,D. New Sol,C. Balboa
Who was the last Viceroy of India?,A. Lord Mount Batten,B. Lord william,C. Charles metcalfe,D. Lord hardings,A. Lord Mount Batten
When Sui Northern Gas Pipelines Limited (SNGPL) converted into a public limited company?,A. june 1961,B. july 1962,C. jan 1963,D. jan 1964,D. jan 1964
When Sui Northern Gas Pipelines Limited (SNGPL) Pakistan company was established ?,A. 1962,B. 1963,C. 1964,D. 1965,B. 1963
The FIFA Ballon d’Or 2017 award for the world best player was won by___________?,A. Crisitiano Ronaldo,B. Lionel Messi,C. Neymar,D. Pogabe,A. Crisitiano Ronaldo
Simly Dam Lake is located near________?,A. Mirpur,B. Attok,C. Islamabad,D. Hassan Abdal,C. Islamabad
The author of novel “The Bluest Eye” is__________?,A. Toni Morrison,B. Munta Bannerji,C. Shakespeare,D. Adolf Hitler,A. Toni Morrison
World No-Tobacco Day is observed on__________?,A. May 31,B. May 29,C. May 28,D. May 22,A. May 31
International Day of “UN Peacekeepers” is observed on__________?,A. May 29,B. May 30,C. July 26,D. May 31,A. May 29
The currency of Belarus is_________?,A. Ruble,B. Eruo,C. peso,D. Dollar,A. Ruble
“TT” is the news agancy of__________?,A. Romaina,B. Russia,C. Canada,D. Sweden,D. Sweden
ROMPRESS is the news agancy of__________?,A. Germany,B. Canada,C. Romania,D. Russia,C. Romania
The Port of Naples is the seaport of____________?,A. Italy,B. Russia,C. France,D. Germany,A. Italy
River Mackenzie is located in__________?,A. Russia,B. Usa,C. UK,D. Canada,D. Canada
The Arch of Janus is situated in_________?,A. Italy,B. France,C. Spain,D. Germany,A. Italy
How many child marriages have been prevented by UNICEF in last decade reported in 2018?,A. 15 million,B. 25 million,C. 35 million,D. 45 million,B. 25 million
What is the area of Japan?,"A. 477,972 km²","B. 577,972 km²","C. 537,972 km²","D. 377,972 km²","D. 377,972 km²"
How many points are in bedminton game?,A. 11 points,B. 21 points,C. 31 points,D. 41 points,B. 21 points
Which of the following countries have the direct access to Black Sea?,A. Hungry,B. Georgia,C. Slovakia,D. Greece,B. Georgia
"In international competitions, Weight of Javelin Throw of female is___________?",A. 400 g,B. 600 g,C. 800 g,D. None of these,B. 600 g
Port Dickson is a sea port of which country?,A. Italy,B. Syria,C. Malaysia,D. Australia,C. Malaysia
Nagorno Karabakh region is recognized as part of___________?,A. Georgia,B. Turkey,C. Iran,D. Azerbaijan,D. Azerbaijan
Which Country’s flag never flies at half-mast?,A. Jordan,B. Syria,C. Iran,D. Saudi Arabia,D. Saudi Arabia
First meeting of Indian National Congress was held in?,A. Calcutta,B. Bombay,C. Delhi,D. Aligarh,B. Bombay
Where is the headquarter of United Nations Industrial Development Organization (UNIDO)?,A. Geneva,B. Bonn,C. Vienna,D. London,C. Vienna
P-waves is a term associated with__________?,A. Earthquakes,B. Oceans,C. Wind,D. Rivers,A. Earthquakes
"The first space shuttle launched by USA on April 12, 1981 was named?",A. Discovery,B. Endeavor,C. Columbia,D. Atlantis,C. Columbia
When did Pakistan recognize Bangladesh?,A. Dec 1973,B. Jan 1974,C. Feb 1974,D. Mar 1974,C. Feb 1974
Which country cricket team won the blind world cup 2018?,A. Pakistan,B. India,C. Afghanistan,D. Australia,B. India
How many times Pakistan won the ” Blind Cricket World Cup”?,A. 0,B. 1,C. 2,D. 3,C. 2
How many Olympic Games have been held in Africa?,A. 0,B. 2,C. 4,D. 12,A. 0
Treaty of Lausanne was signed in_________?,A. 1922,B. 1924,C. 1923,D. 1921,C. 1923
Minsk is the capital of__________?,A. Belarus,B. Latvia,C. Ukraine,D. None,A. Belarus
The longest lunar eclipse of 21st century was occurred on__________?,"A. 27th August, 2018","B.  27th July, 2018","C. 27th June, 2018","D. 27th November, 2018","B.  27th July, 2018"
Nine Jewels ( Navaratnas) was Nine Members Courtiers of___________?,A. Jahangir,B. Akbar,C. Babar,D. Shah Jahan,B. Akbar
Which King for the first time in Saudi history has officially visited Russia?,A. King Faisal,B. King Salman,C. King Ahmad,D. King Bagwar,B. King Salman
Surat is a city in which country?,A. India,B. Palestine,C. Saudi Arabia,D. Iran,A. India
The playground of “Baseball” is known as___________?,A. Diamond,B. Ring,C. Court,D. Rink,A. Diamond
Aleppo is a famous city of which Country?,A. Iraq,B. Lebanon,C. Syria,D. Iran,C. Syria
_______ is called “Pearl of Antilles”?,A. Cuba,B. Iraq,C. Qatar,D. None,A. Cuba
The Mirror is the News paper of________?,A. USA,B. UAE,C. UK,D. GERMANY,C. UK
What is the name of the Europe’s first underwater restaurant?,A. 5.8 Undersea Restaurant,B. Ithaa Undersea Restaurant,C. Under,D. SEA,C. Under
Which country is called White Man’s grave?,A. Afghanistan,B. Iraq,C. Haiti,D. Guinea,D. Guinea
“Penang” is the seaport of____________?,A. Malaysia,B. United States,C. France,D. Germany,A. Malaysia
Maktoobat e Imam Rabbani is one of the writtings of ______________?,A. Shah Waliullah,B. Sir Syed Ahmed Khan,C. Allama Iqbal,D. Mujaddid Alif Sani,D. Mujaddid Alif Sani
First meeting of UN General Assembly meeting was held on__________?,"A. 10 January,  1946","B. 10 January, 1945","C. 15 January, 1945","D. 24 October, 1945","A. 10 January,  1946"
Shaikh Ahmad Sirhindi (Mujaddid Alif Sani) was born on__________?,A. 971 AH,B. 973 AH,C. 974 AH,D. 975 AH,A. 971 AH
Seven Queens of Sindh are mentioned in___________?,A. Mashriq Ki Betiyan,B. Shah Jo Risalo,C. Sindh Ja Surma,D. Pirs of Sindh,B. Shah Jo Risalo
Which from the Following Countries is NOT the member of BRICS?,A. America,B. Russia,C. China,D. India,A. America
The first nuclear power plant in Pakistan was established at___________?,A. Mianwali,B. Islamabad,C. Peshawar,D. Karachi,D. Karachi
How many countries have successfully detonated nuclear weapons?,A. 5 countries,B. 7 countries,C. 8 countries,D. 11 countries,C. 8 countries
A group of elephants is called___________?,A. ZEAL,B. Herd,C. MOB,D. TOWER,B. Herd
A lion sleeps _______ hours a day?,A. 5 hours,B. 7 hours,C. 10 hours,D. 20 hours,D. 20 hours
In which year IDEAS (International defence exhibition and seminar) was cancelled by government of Pakistan citing devastating floods as the reason?,A. 2002,B. 2006,C. 2014,D. 2010,D. 2010
Pakistan is hosting IDEAS (International defence exhibition and seminar) since 2000 after every ________ years?,A. 1,B. 3,C. 2,D. 4,C. 2
What does Biennial means __________?,A. An event occurring every year.,B. An event occurring every two years.,C. An event occurring every four years.,D. An event occurring every sixteen years.,B. An event occurring every two years.
Which of the following city of Pakistan hosts IDEAS (International defence exhibition and seminar) since it’s inauguration?,A. Lahore,B. Karachi,C. Islamabad,D. Rawalpindi,B. Karachi
Pakistan is hosting IDEAS (International defence exhibition and seminar) since ________?,A. 2009,B. 2011,C. 2001,D. 2000,D. 2000
Which of the following country owns IDEAS (International defence exhibition and seminar)?,A. Pakistan,B. India,C. USA,D. China,A. Pakistan
IDEAS stands for _________?,A. Internal defense exhibition and seminar.,B. International defence exhibition and seminar.,C. Indian defence exhibition and seminar.,D. None of these,B. International defence exhibition and seminar.
Which two countries are separated by Mac Mohan Line?,A. India and China,B. India and Nepal,C. India and Bangladesh,D. none of these,A. India and China
The term PVC used in the plastic industry stands for______________?,A. Phosphavinyl chloride,B. Phosphor vanadiu chloride,C. Polyvinyl chloride,D. Polyvinyl carbobate,C. Polyvinyl chloride
What was the old name of Sri Lanka?,A. Burma,B. Ceylon,C. Batavia,D. Rawan Lanka,B. Ceylon
Who is called the father of Modern Psychology?,A. Wilhelm Wundt,B. Ibn-e-Khaldoom,C. Adams Smith,D. Charless Darwin,A. Wilhelm Wundt
Name the Architecture of  Mazar e iqbal ?,A. Nawab Zainunddin,B. Nawab Faizuddin,C. Nawab Zain yar jang Bahadur,D. Nawab Faiz yar jang Bahadur,C. Nawab Zain yar jang Bahadur
Who is the highest wicket taker in a single test match?,A. Jim Laker,B. Imran Khan,C. Yasir Shah,D. Shane Warn,A. Jim Laker
Which of the followning is the world oldest city?,A. Damascus,B. Cairo,C. Baghdad,D. none of them,A. Damascus
Who was the last ICC president as the post of ICC president was abolished in April 2016?,A. Mustafa Kamal,B. Zaheer Abbas,C. Shashank Manohar,D. Mr. Srinivasan,B. Zaheer Abbas
The post of ICC president was abolished in ________ renamed as  ICC chairman?,A. 2013,B. 2015,C. 2016,D. 2018,C. 2016
Where is the Island Corsica?,A. Red Sea,B. Mediterranean Sea,C. Indian Sea,D. Dead Sea,B. Mediterranean Sea
Who is the author of the book “Pakistan: Beyond The Crisis State”?,A. Asma Jahngir,B. Dr Sheerin Mazari,C. Maleeha Lodhi,D. Tehmina Junjoya,C. Maleeha Lodhi
Who is the Author of book “Governing The Ungovernable”?,A. Hassan Askari,B. Dr Ishrat Hussain,C. Mamnoon Hussain,D. Justice Nasir ul Mulk,B. Dr Ishrat Hussain
which one is landlocked country between china and Russia?,A. Iran,B. Canada,C. Mongolia,D. Pakistan,C. Mongolia
Tea can be best cultivated on__________?,A. Plains,B. Hill tops,C. Hill slopes,D. All of above,C. Hill slopes
The 2018 Nobel Prize in Physiology or Medicine has been awarded jointly to James P Allison and Tasuku Honjo for their discovery of which cancer?,A. Chemotherapy,B. Radiation,C. Surgery,D. Immunotherapy,D. Immunotherapy
When was Oil and Gas Development Company Limited commonly known as OGDCL founded in _________?,"A. June 20, 1961","B. August 20, 1961","C. September 20, 1961","D. October 20, 2961","C. September 20, 1961"
"When was Pakistan Telecommunication Company Limited, commonly known as PTCL founded in______?",A. 1947,B. 1949,C. 1951,D. 1953,A. 1947
When did Pakistan became member of IMF?,A. 1947,B. 1948,C. 1950,D. 1951,C. 1950
Which is biggest Restaurant Chain of the World?,A. KFC,B. Richet Burgers,C. McDonalds,D. Turkish Grill,C. McDonalds
What is the name of Malaysia’s first female Shariah high court judge?.,A. Justice Nadia Omar,B. Justice Khadeeja Mushtaq,C. Justice Mehar Aalia,D. Justice Nenney Shushaidah,D. Justice Nenney Shushaidah
Who is the auther of book “The Shadow Of The Crescent Moon”?,A. Fatima Bhuto,B. Asifa Bhuto,C. Maryam Aurangzaib,D. Zartaj Gul,A. Fatima Bhuto
When was the Water and Power Development Authority established?,"A. February 12, 1958","B. February 12, 1959","C. February 12, 1960","D. February 12, 1961","A. February 12, 1958"
The ruling military junta changed its name from Burma to Myanmar in ________?,A. 1969,B. 1979,C. 1989,D. 1999,C. 1989
The height of Leaning Tower of Pisa is_________?,A. 300m,B. 368m,C. 57m,D. 27m,C. 57m
Pine is a __________?,A. fruit,B. vegetable,C. Tree,D. Grass,C. Tree
Which Country is the largest producer of Potatoes?,A. India,B. China,C. USA,D. Pakistan,B. China
When USA declared ISIS as terrorist Organization of the World?,A. 20 May-2016,B. 15 January-2016,C. 15 June-2015,D. 22 March-2016,A. 20 May-2016
Abdul Sattar Edhi died at the age of?,A. 84,B. 86,C. 90,D. 88,D. 88
Where is the headquarter of Asia-Pacific Economic Cooperation?,A. Beijing,B. Toronto,C. Moscow,D. Singapore,D. Singapore
How many countries are members of Asia-Pacific Economic Cooperation (APEC)?,A. 12,B. 21,C. 31,D. 41,B. 21
The World leader in Geothermal Electricity is___________?,A. New Zealand,B. USA,C. Iceland,D. Pakistan,B. USA
Who Called Mahatma Gandhi “a half naked fakir”?,A. Nehru,B. Roosevelt,C. Churchill,D. none of these,C. Churchill
Which Country has 27 stars on its Flag?,A. Mexico,B. Panama,C. Cuba,D. Brazil,D. Brazil
Where is the headqurter of Organisation for Economic Co-operation and Development(OECD)?,A. Paris,B. New York,C. Geneva,D. Vienna,A. Paris
Which Planet is Called Great Red Spot?,A. Neptune,B. Mars,C. Jupiter,D. Mercury,C. Jupiter
LLAMA is the National Animal of which Country?,A. Brazil,B. Italy,C. Canada,D. Bolivia,D. Bolivia
How many Countries are members of OIC?,A. 55,B. 56,C. 57,D. 64,C. 57
The Parliament of Cuba is called____________?,A. National assembly,B. National Assembly of People’s Power,C. Federal assembly,D. Cortes,B. National Assembly of People’s Power
When Houthi rebels toppled the internationally recognized government in Yemen?,A. 2013,B. 2014,C. 2015,D. 2016,B. 2014
Capital of Togo is_________?,A. Lomé,B. Lusaka,C. Khartoum,D. Thirnphu,A. Lomé
"UNITA has become a political party in angola but between the 1960,s-1990,s it was one of the chief rebel groups in the country. Who was it’s leader?",A. Robert Mugabe,B. Samuel Doe,C. Jonas Savimbi,D. Amilcar Carbral,C. Jonas Savimbi
What is the flattest Continent?,A. Asia,B. Australia,C. Europe,D. Antarctica,B. Australia
CV or curriculum vitae is very often used. From which language is the term curriculum vitae derived?,A. French,B. Greek,C. Latin,D. German,C. Latin
Dynamite was invented by___________?,A. Alfred Nobel,B. Thomas Edison,C. William Davis,D. None of these,A. Alfred Nobel
AP News Agency has its headquarter in ______________?,A. New York,B. Washington,C. Paris,D. London,A. New York
Yerevan is Capital of ______ Country ?,A. Barbodas,B. Armenia,C. Senegal,D. None of these,B. Armenia
Mostly Which Country sales sophisticated weapons to Saudi Arabia?,A. Russia,B. US,C. European countries,D. China,B. US
NRO is Abbreviation of_______________?,A. No Reconciliation Ordinance,B. National Reconciliation Order,C. No Reconciliation Order,D. National Reconciliation Ordinance,D. National Reconciliation Ordinance
Asia Cup 2018 held in which country?,A. UAE,B. Bangladesh,C. India,D. Indonesia,A. UAE
"European Court of justice established in 1952, is located in___________?","A. Hague, Netherlands.","B. Geneva, Switzerland",C. Luxembourg city,D. Belgium,C. Luxembourg city
Who is the author of the book “Kashmir-A Disputed Legacy”?,A. Josef korbel,B. Lawrence Ziring,C. Alistair Lamb,D. KK Aziz,C. Alistair Lamb
FATF is Abbreviation for_____________?,A. Financial Action Task foundation,B. Financial Auto Task force,C. Force Action Task Force,D. Financial Action Task Force,D. Financial Action Task Force
+20 is International code for which Country?,A. libya,B. Syria,C. Palestine,D. Egypt,D. Egypt
Where the Eleventh WTO Ministerial Conference was held?,A. London,B. Buenos Aires,C. Berlin,D. Geneva,B. Buenos Aires
What is the Total Construction Cost of World’s longest Sea bridge?,A. $20bn,B. $30bn,C. $40bn,D. $50bn,A. $20bn
Which Country build world’s longest sea bridge?,A. Hong Kong,B. China,C. Japan,D. Russia,B. China
The Capital of “East Timor” is__________?,A. Dili,B. Roseau,C. Quito,D. Bogota,A. Dili
The Capital of “Belize” is_________?,A. Belmopan,B. La Pas,C. Brasila,D. Sucre,A. Belmopan
Where was Napoleon sent into exile after the “Battle Of Waterloo”?,A. St.Helena,B. Elba,C. Corsica,D. Capri,A. St.Helena
The “Pacific Ocean” was named by__________?,A. Francis Bacon,B.Ferdinand Magellan,C. Jame Wilson,D. None of these,B.Ferdinand Magellan
Ashgabad is the capital city of___________?,A. Kazakhstan,B. Turkmenistan,C. Tajikstan,D. Armenia,B. Turkmenistan
IBM has purchased open source software company Red Hat for_________?,A. $24 billion,B. $34 billion,C. $44 billion,D. $51 billion,B. $34 billion
“Pakistan: A Modern History” is written by___________?,A. Ian Talbot,B. Lawrence Ziring,C. Anatol Lieven,D. K.K.Aziz,A. Ian Talbot
How many time zones are there in France?,A. 9,B. 10,C. 11,D. 12,D. 12
Donald John Trump belongs to the state of________?,A. New York,B. Hawaii,C. Washington DC,D. None,A. New York
What is the theme of the 2018 World Food Day (WFD)?,A. A millennium free from hunger,B. Our Actions Are Our Future,C. Break the Cycle of Rural Poverty,D. Harvesting nature’s diversity,B. Our Actions Are Our Future
Who was the founder of Jamat_e_islami?,A. mian tufail muhammed,B. maulana syed abul a’ala moududi,C. qazi hussain ahmed,D. siraj ul haq,B. maulana syed abul a’ala moududi
When was Jamat_e_Islami founded?,"A. 26 august, 1941","B. 26 august, 1940","C. 26 august, 1942","D. 26 august, 1943","A. 26 august, 1941"
Max planck received the noble prize in physics in ____________ for discovery of Energy Quanta?,A. 1915,B. 1916,C. 1917,D. 1918,D. 1918
Who Is the author of “Nineteen-Eighty-Four”???,A.Shakespeare,B. R.K.Layman,C. George Orwell,D. None of these,C. George Orwell
The Ancient City “Prayaga” was renamed as “Allahabad” by which Mughal emperor?,A. Akbar,B. Aurangzeb,C. Humayun,D. Shah Jahan,D. Shah Jahan
"__________was the leader of Palestinian,s hunger strike in Israeli jails?",A. Marwan Barghouti,B. Yusef Urabi,C. Abu Maher Ghneim,D. Amin-al-Hindi,A. Marwan Barghouti
"Which is the world’s largest online social network, with 1.5 billion daily user?",A. Instagram,B. Facebook,C. Twiter,D. Youtube,B. Facebook
What is the height of badminton net from ground?,A. 1.124 meter,B. 1.311 meter,C. 1.524 meter,D. 1.834 meter,C. 1.524 meter
When did Xi jinping became President of China?,"A. March 14, 2013","B. April 14, 2013","C. July 28, 2013","D. September 28, 2013","A. March 14, 2013"
How many States does Sri Lanka have?,A. 5 states,B. 9 states,C. 15 states,D. 20 states,B. 9 states
Quito is a capital of__________?,A. PORTUGAL,B. SERBIA,C. ECUADOR,D. BRAZIL,C. ECUADOR
Which Tennis open also called Roland-Garros?,A. The Australian Open,B. The French Open,C. Wimbledon,D. US Open,B. The French Open
"The Australian Open is the first of the four Grand Slam Tennis events held each year, preceding the French Open, Wimbledon and the US Open was founded in?",A. 1905,B. 1908,C. 1911,D. 1913,A. 1905
+61 is the international code for which country?,A. Australia,B. New Zealand,C. UK,D. US,A. Australia
"Wimbledon, is the oldest tennis tournament in the world played on outdoor grass court in london, founded in__________?",A. 1820,B. 1850,C. 1877,D. 1897,C. 1877
The United States Open Tennis Championships is a hard court tennis tournament when it was founded?,A. 1860,B. 1881,C. 1900,D. 1913,B. 1881
When was The International Table Tennis Federation (ITTF) founded?,A. 1920,B. 1926,C. 1935,D. 1949,B. 1926
+91 is International code for which country?,A. India,B. Bangladesh,C. Afghanistan,D. Iran,A. India
Where is the headquarter of The International Table Tennis Federation (ITTF)?,A. Beijing,B. Tokyo,C. Lausanne,D. Singapore,C. Lausanne
"When The International Association of Athletics Federations (IAAF) founded in Stockholum, Swedon?",A. 17 July 1912,B. 17 July 1914,C. 17 July 1916,D. 17 July 1918,A. 17 July 1912
Where is the headquarter of The International Association of Athletics Federations IAAF?,A. Monaco,B. Vienna,C. Paris,D. London,A. Monaco
When Dick Pound founded the World Anti-Doping Agency?,"A. November 10, 1999","B. November 10, 2000","C. November 10, 2001","D. November 10, 2002","A. November 10, 1999"
Where is the Headquarter of The World Anti-Doping Agency?,A. Montreal,B. New York,C. London,D. Moscow,A. Montreal
"In which country early in the year 2018 a team of archaeologists announced the discovery of more than 61,000 long-lost Maya civilization?",A. Guatemala,B. Panama,C. Mexico,D. Brazil,A. Guatemala
ON 15th August which Country(s) celebrates their Independence Day?,A. South Korea,B. India,C. Liechtenstein,D. Congo,E. All of Above
International Energy Agency (IEA) was founded in year?,A. 1970,B. 1972,C. 1974,D. 1978,C. 1974
Headquarter of International Energy Agency (IEA) is located in:,A. USA,B. Germany,C. France,D. none of these,C. France
Which animal has the largest brain in the world?,A. Elephant,B. Graffe,C. Sperm whale,D. Ostrich,C. Sperm whale
Which animal has the largest ears of any animal in the planet?,A. African Elephant,B. Jackrabbit,C. Giraffe,D. Whale Shark,A. African Elephant
What is the fastest land snake in the world?,A. Black mamba,B. Pythons,C. Anaconda,D. Viper,A. Black mamba
Total members of International Energy Agency (IEA) are_________?,A. 25,B. 30,C. 35,D. 36,B. 30
Mo Farah a champion at which sport?,A. Football,B. Swimming,C. Tennis,D. Athetics,D. Athetics
"Michael Phelps has won the most Olympic medals ever, which sport did he compete in?",A. Swimming,B. Tennis,C. Soccer,D. Football,A. Swimming
Andy Murray is champion at which sport?,A. Football,B. Tennis,C. Soccer,D. Basketball,B. Tennis
What colour belt are martial arts experts entitled to wear?,A. Black,B. Red,C. White,D. Green,A. Black
Which country does footballer Lionel Messi play for?,A. Argentina,B. France,C. Brazil,D. Germany,A. Argentina
How many titles won Brazil in FIFA World Cups?,A. 3,B. 4,C. 5,D. 6,C. 5
"With five victories to date, what team has won the FIFA World Cup the most number of times?",A. France,B. Germany,C. Spain,D. Brazil,D. Brazil
Which is the largest river of Canada?,A. St. Lawrence.,B. Florence.,C. McKenzie.,D. St. Kitty.,C. McKenzie.
what is the size of bedminton court in singles?,"A. Width 17f, Length 44f","B. Width 16f, Length 44f","C. Width 15f, Length 44f","D. Width 14f, Length 44f","A. Width 17f, Length 44f"
What is the sand on a golf course called?,A. Bunker,B. Silica,C. Regular,D. Ooid,A. Bunker
How many pieces does a player have in Ludo?,A. 7,B. 6,C. 5,D. 4,D. 4
From which country does Lego come?,A. Denmark,B. Australia,C. England,D. Greece,A. Denmark
In which sport might you do a slam dunk?,A. Basketball,B. Football,C. Tennis,D. Soccer,A. Basketball
A card of which colour dismisses a player from the match?,A. Blue,B. Red,C. Green,D. Yellow,B. Red
What is the minimum number of players that can play in one soccer team?,A. 6 players,B. 7 players,C. 8 players,D. 9 players,B. 7 players
In which sport can you hear the score announced as “30-love” ?,A. Tennis,B. Football,C. Ludo,D. Soccer,A. Tennis
"The Bering Strait is a strait of the Pacific, which borders with the Arctic to north. It is located between?",A. Russia and the United States,B. Russia and Poland,C. Canada  and the United States,D. USA and Mexico,A. Russia and the United States
Rotunda Capitol Building is located in __________ ?,A. Paris,B. Washington DC,C. Berlin,D. Ottawa,B. Washington DC
News Paper “The Mail” has its origin from ?,A. Moscow,B. London,C. Paris,D. Washington,B. London
_____________ is the independence day of Sudan.,A. January 1,B. January 2,C. January 3,D. January 4,A. January 1
The International Day of Older Persons is observed every year on __________?,A. August 1,B. September 1,C. October 1,D. November 1,C. October 1
Provencal language is spoken in _______ ?,A. Portugal,B. France,C. Ethiopia,D. Rhodesia,B. France
February 14 is known as _________ ?,A. World Health Day,B. Earth Day,C. Valentine Day,D. World Meteorological Day,C. Valentine Day
International Mother Language day is celebrated every Year on _____________ ?,A. February 21,B. February 22,C. February 23,D. February 24,A. February 21
Tatar is a _______?,A. Language,B. Cuisine,C. Religion,D. Game,A. Language
The day known as the Global family day is ________?,A. December 31,B. January 1,C. January 27,D. July 21,B. January 1
"In, Scrabble the number of tiles a player has is_________?",A. 6,B. 7,C. 8,D. 9,B. 7
Total pockets on a standard pool table are ?,A. 4,B. 6,C. 8,D. 10,B. 6
+90 is International code for which country?,A. Turkey,B. Vietnam,C. Yemen,D. Cuba,A. Turkey
How many holes in a standard golf course ?,A. 16,B. 18,C. 20,D. 21,B. 18
"Indian troops stormed Golden Temple, a holy place of Sikhs, in Amritsar in__________?",A. 1978,B. 1980,C. 1982,D. 1984,D. 1984
Charlie Chaplin’s stolen dead body was recovered in year?,A. 1975,B. 1976,C. 1977,D. 1978,D. 1978
Renminbi is the official currency of____________?,A. Taiwan,B. China,C. North Korea,D. Philippine,B. China
Old Name of Palestine is___________?,A. Kahira,B. Bhambore,C. Canaan,D. None of above,C. Canaan
Highest Point Of Hindu Kush Range?,A. Nanga parbat,B. K-2,C. Trich Mir,D. Mount Everest,C. Trich Mir
SAFF Championship 2018 was hosted By_________?,A. India,B. Bangladesh,C. Maldives,D. Nepal,B. Bangladesh
Which Team Won SAFF Championship 2018?,A. India,B. Pakistan,C. Maldives,D. Nepal,C. Maldives
The Abu Ghraib Military Prison is located in which of the following Countries?,A. Iraq,B. Cuba,C. Afghanistan,D. Pakistan,A. Iraq
The “Swaythling Cup” is associated with the game of__________?,A. Volleyball,B. Badminton,C. Gulf,D. Table tennis,D. Table tennis
Afghanistan became an affiliate member of the International Cricket Council (ICC) in___________?,A. 2001,B. 2002,C. 2003,D. 2007,A. 2001
In which Country ruins of “Cyrene” is located?,A. Egypt,B. Lybia,C. Jordan,D. Turkey,B. Lybia
In which Country does the desert city Timbuktoo lies?,A. Morocco,B. Mauritania,C. Mali,D. Sudan,C. Mali
Darul Uloom Deoband was founded in________?,A. 31 May 1866,B. 31 June 1867,C. 31 July 1868,D. 31 August 1869,A. 31 May 1866
The Presidency of United Nations Security Council rotates every__________?,A. One month,B. Six month,C. Twelve month,D. One Year,A. One month
Which of the following Governor General of Pakistan died in exile?,A. Ghulam Muhammad,B. Iskander Mirza,C. Khawaja Nazimudin,D. Muhammad Ali Boghra,B. Iskander Mirza
The first United Nation Conference on Environment and Development which was held in 1992 at_________?,A. Johansberg,B. London,C. New York,D. Rio De Jenerio,D. Rio De Jenerio
Otto Von Bismarck was _____________?,A. Historian of UK,B. Ceazar of Russia,C. First chancelor of German empire,D. King of Prussia,C. First chancelor of German empire
"Chichen Itza was a large pre-Columbian city built by the Maya people of the Terminal Classic period, the archaeological site is located  at________?",A. Brazil,B. USA,C. Mexico,D. Canada,C. Mexico
"In relay race, the baton must weight at least______ grame?",A. 30,B. 40,C. 50,D. 60,C. 50
Saigon is the old name of which city?,A. Jakarta,B. Hu Chi Minh,C. Manila,D. Bangkok,B. Hu Chi Minh
Which is the only one hockey world cup was palyed after three years?,A. 1975,B. 1976,C. 1977,D. 1978,D. 1978
From which year Hockey World Cup is being played after every four years?,A. 1980,B. 1982,C. 1984,D. 1986,B. 1982
Where first Hockey World Cup was played in 1971?,A. Barcelona,B. Madrid,C. Lahore,D. Sydny,A. Barcelona
How many rows and columns are in the modern Periodic Table?,A. 18 columns and 7 rows,B. 12 columns and 9 rows,C. 7 columns and 18 rows,D. 25 columns and 15 rows,A. 18 columns and 7 rows
Word “Tusnami” belong to which Language?,A. Veitnam,B. Indonesia,C. China,D. Japan,D. Japan
What are rows in Periodic table called?,A. Period,B. Group,C. Verticals,D. Perpendiculars,A. Period
What are Columns in Periodic table called?,A. Period,B. Group,C. Verticals,D. Perpendiculars,B. Group
Where is Largest man made Waterfall?,A. Brazil,B. China,C. Canada,D. USA,B. China
Which City of the Iran has the biggest Oil refinery of Iran?,A. Abadan,B. Asphan,C. Tehran,D. None of them,A. Abadan
Why Aberdeen city of UK is an important city?,A. industrial city,B. seaport,C. famous as granite city,D. all of them,D. all of them
The first ever Test match in the history of Cricket was played between England and Australia in___________?,,,,,1877
TAPI Gas Pipe Line will go through which sea?,A. Caribbean sea,B. Arabian sea,C. Caspain sea,D. None of these,C. Caspain sea
Who was the first Federal Tax Ombudsman of Pakistan?,A. Justice (R) Saleem Kazmi,B. Justice (R) Saleem Akhtar,C. Justice (R) Allah Nawaz,D. Justice (R) Ijaz Nisar,B. Justice (R) Saleem Akhtar
The epic Peom “Shahnama” was written by________?,A. Al Beruni,B. Firdausi,C. Amir Khusrau,D. Rumi,B. Firdausi
The capital of Belarus is……..?,A. Brazilia,B. Minsk,C. Manama,D. Sarajevo,B. Minsk
FTA stands for_____________?,A. Free Transit Agreement,B. Free Trade Agreement,C. Free Transport Agreement,D. Free Traveling Agreement,B. Free Trade Agreement
FDI stands for__________?,A. Foreign Disposal Income,B. Foreign Direct Investment,C. Foreign Dealing Investment,D. Foreign Direct Income,B. Foreign Direct Investment
APAPPS Stands for ____________?,A. Afghanistan-Pakistan Action Plan for Peace and Solidarity,B. Afghanistan-Pakistan Allied Plan for Peace and Solidarity,C. Afghanistan-Pakistan Alliance Progress for peace and Solidarity,D. Afghanistan-Pakistan Action Progress for Peace and Solidarity,A. Afghanistan-Pakistan Action Plan for Peace and Solidarity
G.T. Road stands for___________?,A. Grand Tourist Road,B. Grand Trunk Road,C. Great Transport Road,D. None of these,B. Grand Trunk Road
Spain became democratic in which year?,A. 1970,B. 1971,C. 1974,D. 1975,D. 1975
When King Edward Medical University (oldest Medical university of Pakistan) was established?,A. 1852,B. 1856,C. 1860,D. 1884,C. 1860
Which Country built the World’s tallest Timber tower named Mjos Tower?,A. Iran,B. Japan,C. France,D. Norway,D. Norway
WhatsApp launched on_________?,A. 24 feb 2009,B. 24 feb 2008,C. 24 feb 2007,D. None,A. 24 feb 2009
Buzkushi is a __________?,A. River of Afghanistan,B. National tree,C. A traditional afghan drerss,D. A traditional afghan game,D. A traditional afghan game
The Book “Higher Than Hope: The Biography Of Nelson Mandela” is written by?,A. Viny Mandela,B. Hennery Slag,C. Fatima Meer,D. None,C. Fatima Meer
in how many European Countries Euro currency is used?,A. 15,B. 19,C. 23,D. None of these,B. 19
When the name of Lyallpur was changed to Faisalabad?,"A. September 1, 1977","B. August 1, 1978","C. January 1, 1979","D. March 1, 1980","A. September 1, 1977"
Abd al-Rahman I was the conquer of __________?,A. Spain,B. India,C. Iraq,D. Iran,A. Spain
Name of Central Excise Duty has been changed as a Federal Excise Duty on?,"A. 1st July, 2003","B. 1st July, 2005","C. 1st July, 2007","D. 1st July, 2008","B. 1st July, 2005"
“Al-Farooq” and “AL-Ghazali” are written by?,A. Hali,B. Shibli Nomani,C. Deputy Nazir Ahmad,D. None of above,B. Shibli Nomani
Karez is the irrigation system of which province of Pakistan?,A. punjab,B. sindh,C. KPK,D. Balochistan,D. Balochistan
Capital of Turkey is__________?,A. istanbul,B. Ankara,C. damshqus,D. tehran,B. Ankara
The 2018 Hungarian parliamentary elections were the _________ since the adoption of the new constitution by the Country.,A. 1st,B. 2nd,C. 4th,D. 6th,B. 2nd
The 19th Asian games will be held in which city?,"A. Tokyo, Japan","B. Osaka, Japan","C. Kuala lumpur, Malaysia","D. Hanghzou, China","D. Hanghzou, China"
The motto of 18th Asian games is __________?,A. Energy of Asia,B. Games for Peace,C. Diversity Shines Here,"D. Thrilling Games, Harmonious Asia",A. Energy of Asia
Hangzhou will be the _________ Chinese City to host Asian games in 2022.,A. 1st,B. 2nd,C. 3rd,D. 4th,C. 3rd
The 17th Asian games were held in which City?,"A. Jakarta and Palembang, Indonesia","B. Incheon, South Korea","C. New Delhi, India","D. Beijing, China","B. Incheon, South Korea"
The 17th Asian Games were held in _________?,A. 2014,B. 2015,C. 2016,D. 2018,A. 2014
Who is the Author of  “The Myth of independence”?,A. I.H. Qureshi,B. Zulfikar Ali Bhutto,C. Aysha Jalal,D. Shahid Rafique,B. Zulfikar Ali Bhutto
The headquarter of  Food and Agriculture Organization (FAO) of the United Nations is in_________?,"A. Rome, Italy","B. Paris, France","C. New York, US",D. None,"A. Rome, Italy"
"The Coldstream Guards is the oldest continuously serving regiment in the Army, belongs to which Country?",A. Japan,B. Iceland,C. USA,D. UK,D. UK
RAW is an Indian Secret Service which headquarters is in delhi and was founded in?,A. 1960,B. 1965,C. 1968,D. 1970,C. 1968
"CIA is Intelligence agency of USA headquartered in Langley, Virginia was founded in?","A. Sep 18, 1945","B. Sep 18, 1946","C. Sep 18, 1947","D. Sep 18, 1948","C. Sep 18, 1947"
How many sports were played in summer Olympic 2016?,A. 22,B. 28,C. 34,D. 40,B. 28
How many Sports were in Winter Olympic 2018?,A. 7 Sports,B. 9 Sports,C. 12 Sports,D. 15 Sports,A. 7 Sports
Famous British Physicist Stephen Hawking died at the age of _________?,A. 66,B. 76,C. 86,D. 96,B. 76
Who is the Author of the Book “Brief Answers to the Big Questions”?,A. Stephen Hawking,B. Albert Einstein,C. Newton,D. Chadwick,A. Stephen Hawking
The day which is celebrated on 21 September every year is _________?,A. Indigenious day,B. Election day,C. Central excise day,D. World peace day,D. World peace day
The third Sunday in January is annually celebrated as____________?,A. Thanksgiving,B. National Youth Day,C. World Religion Day,D. International Day for Achievers,C. World Religion Day
When National Voter’s Day is celebrated by ECP?,A. 7 December,B. 8 December,C. 8 January,D. 7 November,A. 7 December
Katla Volcano located in which country?,A. Iceland,B. Ireland,C. Finland,D. Sawaziland,A. Iceland
JAXA is a Space Agency of which Country?,A. Jordan,B. Japan,C. Jamaica,D. Germany,B. Japan
"What is the typical interest rate on World Bank loans, which are revised every six months?",A. 0.5%,B. 1%,C. 1.5%,D. 2%,A. 0.5%
Which Country recently joined in IMF as 189th member?,A. Nauru,B. South Sodan,C. Lativia,D. Sumatra,A. Nauru
"When in New York, UNO head quarter complex is completed?",A. 1950,B. 1952,C. 1955,D. 1956,B. 1952
Which Country has the most fatalities in World War 2?,A. Soviot Union,B. UK,C. USA,D. Yogusalavia,A. Soviot Union
FRB stands for____________?,A. Federal Return Board,B. Federal Revenue Board,C. Federal Reserve Board,D. Foreign Return Board,C. Federal Reserve Board
“OGDC” is abbreviation of_________________?,A. Oil & Gas Development Council,B. Oil & Gas Development Company,C. Oil & Gas Development Corporation,D. None of above,B. Oil & Gas Development Company
When did Pervez Musharraf resign from the post of President ?,A. 18 August 2008,B. 12 October 2008,C. 10 September 2008,D. 5 July 2005,A. 18 August 2008
"The 17th summit of Shanghai Cooperation Organisation (SCO) was held in June, 2017 in Astana. Where did its 18th summit held?",A. Manila,B. Singapore,C. Indonesia,D. China,D. China
World Longest mountain range is__________?,A. Himalya,B. Hindu kush,C. Andes,D. Kunlun,C. Andes
Which Country have the Highest Percentage Of Population Under 18 Years Old?,A. Niger,B. Uganda,C. Chad,D. Ungola,A. Niger
Which is the most corrupt Country in the World?,A. Nigeria,B. Sudan,C. Uganda,D. South Africa,A. Nigeria
When was the United Nations headquarters start to built?,A. September 1948,B. September 1949,C. September 1950,D. September 1951,A. September 1948
SAARC Disaster Management Center was set up in Oct 2006 at_________?,A. Kabul,B. Khatmando,C. New Delhi,D. Islamabad,C. New Delhi
CT Scan stand for__________?,A. Computed Tomography Scan,B. Computer Topography Scan,C. Computed Topography Scan,D. Computer Tomography Scan,A. Computed Tomography Scan
Which Country largest grower and Producer of Palm oil?,A. Indonesia,B. Malaysia,C. Thailand,D. None of these,A. Indonesia
Where is river Ontario?,A. Australia,B. Canada,C. North America,D. Japan,B. Canada
Novel “War and Peace” was written by__________?,A. Tito,B. Leo Tolstoy,C. Shelly,D. Daunte,B. Leo Tolstoy
What is the Capital of Gambia?,A. Conakry,B. George Town,C. Banjul,D. Seoul,C. Banjul
The Current Senior-most Parliamentarian in Pakistan is_____________?,A. Sheikh raheed,B. chaudhry Anwar ali cheema,C. Makhdoom Amin faheem,D. Chaudhry Nisar Ali Khan,A. Sheikh raheed
Who is the first Asian to win the Nobel Prize?,A. C.V Raman,B. Dr. Abdul Salam,C. I.A Bunin,D. Rabindranath Tagore,D. Rabindranath Tagore
“Sabor” is the parliment of__________?,A. Denmark,B. Italy,C. Croatia,D. Finland,C. Croatia
Baseball is the national Game of___________?,A. France,B. Haiti,C. Turkey,D. Cuba,D. Cuba
What is the third highest Mountain Peak in the world?,A. Kanchenjunga,B. Makalu,C. Cho Oyu,D. Lhotse,A. Kanchenjunga
How many players in baseball game in each team?,A. 7,B. 9,C. 11,D. 13,B. 9
How many players are in a water polo team?,A. 4,B. 5,C. 6,D. 7,D. 7
Ramon Magsaysay Award is regarded as the_________version of the Nobel Prize?,A. African,B. Asian,C. European,D. Chinese,B. Asian
Which of the following has won the Nobel Prize for Chemistry 2018?,A. George Smith,B. Frances Arnold,C. Greg Winter,D. All of above,D. All of above
Which of the following has won the Nobel Prize for Physics 2018?,A. Gérard Mourou,B. Arthur Ashkin,C. Donna Strickland,D. All of these,D. All of these
Which of the following has won the Nobel Prize for Physiology or Medicine 2018?,A. James P. Allison,B. Tasuku Honjo,C. Michael W. Young,D. Both A & B,D. Both A & B
"The Only Country in the World, which Flag is not rectangular?",A. Swaziland,B. Andorra,C. Nepal,D. Kazakhstan,C. Nepal
Which landlocked Country flag has Two Cows in it?,A. Lichtenstein,B. Kazakhstan,C. Swaziland,D. Andorra,D. Andorra
Capital of Sudan is_________?,A. Jamestown,B. Juba,C. Dodoma,D. Khartoum,D. Khartoum
Vexillology is the study of__________?,A. Flags,B. Signals,C. Vintage Cars,D. Stamps,A. Flags
"In which city Interpol was founded in September 7, 1923?",A. Paris,B. London,C. Vienna,D. Geneva,C. Vienna
Water lily is symbol of which Country?,A. Canada,B. China,C. Bangladesh,D. Pakistan,C. Bangladesh
When was Chernobyl catastrophic nuclear accident occurred in Ukrainian Soviet Socialist Republic?,A. 26 April 1980,B. 26 April 1986,C. 26 April 1989,D. 26 April 1994,B. 26 April 1986
How many countries are member of UNO?,A. 191,B. 192,C. 193,D. 194,C. 193
Telephone was invented by__________?,A. Vint Cerf,B. Charles Babbage,C. Edison,D. Alexander Graham Bell,D. Alexander Graham Bell
Who was the first President of Chinese Republic  ?,A. jUNKO Tabar,B. Sun yat san,C. MaoTse-Tung,D. Kim ii Jong,B. Sun yat san
World Intellectual Property Day is observed on___________?,A. 20 May,B. 20 Feb,C. 26 Oct,D. 26 April,D. 26 April
What country has the highest divorce rate by UNO?,A. Maldives,B. Belarus,C. United states,D. India,A. Maldives
Which one is the World’s most dangerous city?,"A. Los cabos, Mexico","B. Mumbai, India","C. Kabul, Afghanistan","D. Berlin, Germany","A. Los cabos, Mexico"
Bali is an island of_________?,A. Indonesia,B. Malasia,C. Austrailia,D. None of  these,A. Indonesia
In which district of Pakistan Kalabagh Dam is located?,A. MIANWALI,B. SAHIWAL,C. BAHAWALPUR,D. ATTOCK,A. MIANWALI
Oldest democracy in the world is___________?,A. Greece,B. Pakistan,C. India,D. USA,A. Greece
Pakistan won the ICC World Cup (One Day) in 1992. It was___________in a row of ICC World Cup.,A. 5th,B. 6th,C. 7th,D. 8TH,A. 5th
Who is the founder of google?,A. Larry page,B. Sergey Brin,C. Martin Cooper,D. Both A & B,D. Both A & B
Tomb of Nur Jahan is located in__________?,A. Kabul,B. Agra,C. Lahore,D. Multan,C. Lahore
How Many Countries In Continent Africa?,A. 50,B. 52,C. 54,D. 56,C. 54
what is the meaning of eSwatini?,A. Land of Contrasts,B. Land of Pure people,C. Land of the Swazis,D. Land of Fertile fields,C. Land of the Swazis
What is the new name of the Country Swaziland?,A. Belarus,B. Moldova,C. Angola,D. eSwatini,D. eSwatini
The largest helicopter in the world is__________?,A. CH-47 Chinook,B. Hughes YOH-6A,C. Robinson R44,D. Mil Mi-26,D. Mil Mi-26
Which was the first country to withdraw from CENTO?,A. Iraq,B. Afghanistan,C. Turkey,D. U.K,A. Iraq
When was SAARC founded?,A. 1982,B. 1984,C. 1985,D. 1983,C. 1985
Which UN body deals with Population Problems ?,A. UNDP,B. UNFPA,C. UNICEF,D. UNESCO,B. UNFPA
Which of the following Countries is not a member of a SAARC ?,A. Sri lanka,B. Bhutan,C. Maldives,D. Myanmar,D. Myanmar
Which of the following is used as the logo of the world wide fund for nature (WWF)?,A. Deer,B. Panda,C. Camel,D. Lion,B. Panda
The land lying between the river Ravi and river Chenab is called________?,A. Bari Doab,B. Chaj Doab,C. Rachna Doab,D. Sindh sagar Doab,C. Rachna Doab
The Land lying between the River Indus and River Jhelum is called:,A. Bari Doab,B. Chaj Doab,C. Rachna Doab,D. Sindh sagar Doab,D. Sindh sagar Doab
UPS is now widely use in households. What does UPS stands for ?,A. Uniform Power Storage,B. Universal Product Support,C. Under Panel Storage,D. Uninterruptible Power Supply,D. Uninterruptible Power Supply
What is the Combined Population of the Commonwealth  Community of 53 Countries?,A. 1.4 billion,B. 2.4 billion,C. 3.4 billion,D. 4.4 billion,B. 2.4 billion
"Rwanda will be the Second African Country to host The Commonwealth Heads of Government Meeting (CHOGM) 2020, which was the first?",A. Ghana,B. Uganda,C. Egypt,D. South Africa,B. Uganda
Croatia is an Eastern European country with a long coastline on the____________?,A. Adriatic Sea,B. Sea of Azove,C. Dead sea,D. Red sea,A. Adriatic Sea
What was the name of Malaysian airline flight which was lost and disappeared in 2014?,A. MH 370,B. Mh 385,C. NN 350,D. MN 300,A. MH 370
The book “No Spin” is the autobiography of which veteran Cricketer?,A. Muttiah Muralitharan,B. Anil Kumble,C. Bishan Singh Bedi,D. Shane Warn,D. Shane Warn
The Author of book “The Reluctant Fundamentalist” is_____________?,A. Mohsin Hamid,B. Nazir Ahmed,C. Hafeez Ali Jan,D. Rafiq Tarar,A. Mohsin Hamid
India is the most successful team in the Asia Cup tournament having won the cup ______times?,A. Five,B. Six,C. Seven,D. Four,C. Seven
The Author of book “Pakistan: A Hard Country” is___________?,A. Anatol lieven,B. Ruskin Dom,C. I H Qureshi,D. Stephan Job,A. Anatol lieven
Where was the first Asia Cup held?,A. UAE,B. India,C. Pakistan,D. Sri Lanka,A. UAE
The first Asia Cup was held in ________?,A. 1982,B. 1984,C. 1986,D. 1988,B. 1984
Who Wrote the Book named “The Blind Man’s Garden”?,A. Mohsin Hamid,B. Nadeem Aslam,C. Ayesha jala,D. Zahid Hamid,B. Nadeem Aslam
World Heart Day is Celebrated every year on ___________?,A. 28 October,B. 28 November,C. 29 September,D. 28 April,C. 29 September
How many Sovereign States have English as an official language?,A. 50,B. 54,C. 57,D. 60,B. 54
Pakistan became a member of International Atomic Energy Agency (IAEA) in_________?,A. 1949,B. 1953,C. 1957,D. 1963,C. 1957
Which Country is safest country in the World according to World Economic Forum report?,A. Finland,B. UAE,C. Norway,D. Poland,A. Finland
The International Olympic Committee (IOC) was founded in 1894 at___________?,A. Saudi Arabia,B. Iraq,C. Qatar,D. Paris,D. Paris
"The Temple of Heaven, a religious building, is located in____________?",A. Edinburgh,B. Rome,C. Beijing,D. Shanghai,C. Beijing
Reuters news agency was established in_________?,A. 1846,B. 1849,C. 1851,D. 1855,C. 1851
Which country has recently rolled out World’s First Hydrogen Powered Train?,A. Italy,B. Norway,C. Germany,D. Denmark,C. Germany
CBA stands for __________?,A. Collective Bargaining Agent,B. Collective Bargaining Agency,C. Collective Bargaining Administration,D. Collective Bargaining Association,A. Collective Bargaining Agent
Ukara is an island in___________?,A. Lake Victoria,B. Lake Caspian,C. Lake Superior,D. Lake Baikal,A. Lake Victoria
Which of the following is called “Grave Yard Of Dinosaurs”?,A. China,B. Argentine,C. Montana,D. Brazil,C. Montana
The ________ Nuclear Power Plant is the United Arab Emirates’s first Nuclear Power Station?,A. Fujairah Nuclear Power Plant,B. Ajman Nuclear Power Plant,C. Hanul Nuclear Power Plant,D. Barakah Nuclear Power Plant,D. Barakah Nuclear Power Plant
Barakah Nuclear Power Plant is in___________?,A. India,B. Pakistan,C. Iran,D. UAE,D. UAE
The joint operations center of Islamic Military Counter Terrorism Coalition (IMCTC) is in__________?,A. Dubai,B. Riyadh,C. Tehran,D. Islamabad,B. Riyadh
World Senior Citizen Day is celebrated on___________?,A. August 23,B. August 22,C. August 21,D. August 20,C. August 21
Jang ( News Paper ) belongs to which city of Pakistan?,A. Karachi,B. Lahore,C. Peshawar,D. Quetta,A. Karachi
Headquarters of OPEC is located in__________?,A. Vienna,B. Jakarta,C. Hague,D. Berlin,A. Vienna
"Who holds the title of  Badshah Khan, frontier Gandhi ?",A. Abdul Ghaffar Khan,B. Lala Lajpat Rai,C. Gandhi,D. Rabindra Nath,A. Abdul Ghaffar Khan
The International Olympic Committee (IOC) was founded in__________?,A. 1894,B. 1898,C. 1902,D. 1904,A. 1894
The headquarter of Reuters News agency is in__________?,A. Brussels,B. Paris,C. London,D. None of these,C. London
The International Olympic Committee (IOC) was founded by__________?,A. Demetrios Vikelas,B. Pierre de Coubertin,C. Both of these,D. None of these,C. Both of these
The Creation of IOC was inspired by the ancient Olympic Games which were held in________?,A. France,B. Germany,C. Greece,D. Switzerland,C. Greece
FIFA was founded in_________?,A. 1904,B. 1908,C. 1912,D. 1916,A. 1904
The largest Gold mine of Australia is__________?,A. Telfer Gold Mine,B. Fimiston Open Pit,C. Boddington Gold Mine,D. Jundee Gold Mine,C. Boddington Gold Mine
AP news agency was established in_________?,A. 1842,B. 1846,C. 1849,D. 1850,B. 1846
Due to World wars the Olympic Games were cancelled in?,A. 1916 and 1940,B. 1918 and 1942,"C. 1916, 1938, and 1942","D. 1916, 1940, and 1944","D. 1916, 1940, and 1944"
The first Summer Olympics organized by the IOC were held in 1896 in________?,A. France,B. Germany,C. Greece,D. Switzerland,C. Greece
The first Winter Olympics organized by the IOC was held in ________ in 1924?,A. France,B. Germany,C. Greece,D. Switzerland,A. France
The FIFA Men’s World Cup was commenced in_________?,A. 1924,B. 1930,C. 1936,D. 1942,B. 1930
The FIFA Women’s World Cup was commenced in_________?,A. 1981,B. 1983,C. 1987,D. 1991,D. 1991
Kangaroos are mostly found in___________?,A. Australia,B. New Zealand,C. Australia and New Zealand,"D. Australia, New Zealand and South Africa",A. Australia
Polar bears are mostly__________?,A. carnivorous,B. Herbivorous,C. Omnivorous,D. None of these,A. carnivorous
Which country produce the most of the refugees in the world?,A. Syria,B. Afghanistan,C. South sudan,D. Myanmar,A. Syria
The world’s first nuclear power plant was built by_________?,A. United States,B. France,C. Russia,D. Germany,C. Russia
The Tallest tree in the world is__________?,A. Date palm,B. Coconut palm,C. Cuban Royal palm,D. Redwoods,D. Redwoods
The oldest film industry of the world is____________?,A.	Lollywood,B.	Bollywood,C.	Hollywood,D.	Nestor Studios,C.	Hollywood
The largest eggs in the world today are the eggs laid by the_________?,A. African Duck,B. Whale,C. Crocodile,D. Ostrich,D. Ostrich
Pandas are feed almost entirely on__________?,A. beech,B. bamboo,C. red pine,D. European larch,B. bamboo
Old name of Zimbabwe is__________?,A. Southern Rhodesia,B. Northern Rhodesia,C. Saigon,D. Zaire,A. Southern Rhodesia
Who is the current CEO of Q-Mobile?,A. Anwar Saifullah Khan,B. Zeeshan Akhtar,C. Jawed Iqbal,D. Wang Xiu Ying,B. Zeeshan Akhtar
Who assassinated Gandhi?,A. disgruntled British soldier,B. Muslim nationalist,C. Sikh Nationalist,D. Hindu nationalist,D. Hindu nationalist
When did India become independent?,A. 1940,B. 1942,C. 1947,D. 1952,C. 1947
"The scientific study of the origin, history, and structure of the earth is known as ________?",A. Geography,B. Geology,C. Hydrology,D. Meteorology,B. Geology
The study of the earth and its features is known as ________?,A. Geology,B. Geography,C. Crystallography,D. Petrolgy,B. Geography
The study of light and vision is known as _______?,A. Acoustics,B. Optics,C. Astronomy,D. None of these,B. Optics
"Science dealing with design, construction, and use of machinery or mechanical structures is known as ________?",A. Optics,B. Mechanics,C. Paleontology,D. None of these,B. Mechanics
"The study of aircraft design, construction, and navigation is known as ________?",A. Acoustics,B. Aeronautics,C. Robotics,D. Meteorology,B. Aeronautics
The study of sound is known as ________?,A. Acoustics,B. Paleontology,C. Mineralogy,D. Cartography,A. Acoustics
Animal that Sleeps the least is___________?,A. Elephants,B. Giraffe,C. Sheep,D. Deer,B. Giraffe
"The most sleepiest animal in the world, which sleeps about 22 hours (out of 24)?",A. Squirrel,B. Tiger,C. Python,D. Koala,D. Koala
Which of the following animal sleeps the most i.e. 20 hours out of 24 hours?,A. Leopard,B. Lion,C. Tiger,D. Giant Armadillo,B. Lion
"David Cameron, Britian Prime Minister from (2010 to 2016) Belongs to ___________ party?",A. Conservative,B. Democratic,C. Labour,D. People`s,A. Conservative
The first country in the world to impose complete ban on the sale of all forms of Tobacco is_______?,A. New Zealand,B. Switzerland,C. Bhutan,D. Japan,C. Bhutan
The world’s largest land animal is__________?,A. Hippopotamus,B. Asian elephant,C. African forest elephant,D. African bush elephant,D. African bush elephant
What was the name of the first mosque in the Indian subcontinent?,A. Mahabat Khan Mosque,B. Badshahi Mosque,C. Cheraman Juma Mosque,D. Malik Dinar Mosque,C. Cheraman Juma Mosque
Shahi Qila located in which city of Pakistan?,A. Lahore,B. Sukkur,C. Quetta,D. Peshawar,A. Lahore
The USA film industry Hollywood is located in__________?,A. New york,B. California,C. Alaska,D. Washington D.C,B. California
Who was the Prime Minister of the Britain during Indo-Pak Partition?,A. Clement Attlee,B. Lord Mount Batten,C. Winston Churchill,D. Chamberlain,A. Clement Attlee
How many times has Pakistan hosted Asian games?,A. Once,B. Twice,C. Never,D. Thrice,C. Never
Who is the Civilian Commander-In-Chief of Pakistan Armed forces?,A. Cheif Justice of Pakistan,B. President of Pakistan,C. Prime Minister of Pakistan,D. Speaker of National Asembly,B. President of Pakistan
How many football World Cups have been played till now?,A. 18,B. 19,C. 20,D. 21,D. 21
In which city of Sindh the famous Hathi Dar is located?,A. Sukkur,B. Shikarpur,C. Kotdiji,D. Sehwan,B. Shikarpur
Old name of Dhaka is_________?,A. Khan garh,B. Mehmood nagar,C. Jehangir nagar,D. Montgomery,C. Jehangir nagar
Which of the following is Higher Rank in Pakistan Air Force?,A. Squadron Leader,B. Air commodore,C. Wing Commando,D. Group Caption,B. Air commodore
The Half marathon has an official distance of _______ kilometers?,A. 19.1 km,B. 20.2 km,C. 21.1 km,D. 22.3 km,C. 21.1 km
The full marathon has an official distance of ________ kilometers?,A. 39 km,B. 41.2 km,C. 42.2 km,C. 44.1 km,C. 42.2 km
Talbul project is disputed between:,A. India – Bangladesh,B. Pakistan – India,C. Indian – Bhutan,D. India – Srilanka,B. Pakistan – India
The 2018 Asian games is officially known as_________?,A. 18th Asian Games,B. 19th Asian Games,C. Jakarta Palembang 2018,D. Both A & C,D. Both A & C
Where was 1951 Asian games held?,"A. New Delhi, India","B. Jakarta, Indonesia","C. Tokyo, Japan","D. Seoul, South Korea","A. New Delhi, India"
The 1951 Asian games was officially known as__________?,A. First Asian Games,B. The Games of Asia,C. Peace Games,D. The Asian Games,A. First Asian Games
First Asian games were held in year ________?,A. 1949,B. 1950,C. 1951,D. 1952,C. 1951
The 20th Commonwealth games were held in which year?,A. 2013,B. 2014,C. 2018,D. 2016,B. 2014
The 20th Commonwealth games were held in________?,"A. Queensland, Australia","B. Glasgow, Scotland","C. New Delhi, India","D. Birmingham, England","B. Glasgow, Scotland"
What was the motto of the 21st Commonwealth games?,A. Peace and passion,B. Energy of the Commonwealth,C. Share the dream,"D. Heart of the UK, soul of the Commonwealth",C. Share the dream
1st Commonwealth games were held in year _______?,A. 1930,B. 1926,C. 1922,D. 1934,A. 1930
Jhat pat is the old name of__________?,A. Haripur,B. Dera Alhyar,C. Sawat,D. Khairpur,B. Dera Alhyar
Name the First-ever eye bank of Pakistan?,A. Eye Bank Foundation,B. Lions Eye Institute,C. Eye Bank Society Hospital,D. Al-Shifa Trust Eye Hospital,D. Al-Shifa Trust Eye Hospital
The Winter Capital of the Balochistan?,A. Ziarat,B. Gwadar,C. Quetta,D. Dera Bugti,B. Gwadar
Dapsang is another name of_________?,A. K-2,B. Nanga parbat,C. Rakaposhi,D. Mount Everest,A. K-2
The Indus flows into the Arabian sea at________?,A. Sajawal,B. Thata,C. Karachi,D. Badin,B. Thata
Which is oldest university of United States of America?,A. Yale,B. Seattle,C. New York,D. Harvard,D. Harvard
University of Karachi was established in which year?,A. 1948,B. 1951,C. 1954,D. 1957,B. 1951
Sindh University Jamshoro was established in which year?,A. 1944,B. 1945,C. 1946,D. 1947,D. 1947
Estimated average depth of Arabian sea near Karachi is_________?,A. 2223m,B. 2324m,C. 2526m,D. 2734m,D. 2734m
The United Nations’ (UN) World Refugee Day is observed on_________ each year.,A. June 20,B. June 21,C. June 22,D. June 23,A. June 20
Which is the world’s largest refugee camp in 2018?,A. Bidi Bidi,B. Dadaab,C. Kutupalong,D. Kakuma,C. Kutupalong
Who is known as Father of Pakistan Air Force?,A. Air Chief Marshal Mosa Khan,B. Air Chief Marshal M. Asghar Khan,C. Air Chief Marshal Sohail Aman,D. None of these,B. Air Chief Marshal M. Asghar Khan
How many Pakistanis are currently included in British Parliament?,A. 10,B. 12,C. 14,D. 16,B. 12
Recently how many Muslims are elected to British Parliament?,A. 12,B. 10,C. 14,D. 16,D. 16
Which conutry is following one party system?,A. Mongolia,B. China,C. Chile,D. Spain,B. China
Current Director General of International Organization of Migration is?,A. William Lacy,B. William Lee,C. Antonio Vitorino,D. Joseph Henderson,C. Antonio Vitorino
How many headsmen (Jalad) are in Pakistan’s jail?,A. 3,B. 5,C. 7,D. 9,A. 3
How President of Pakistan is elected?,A. National Assembly,B. Senate,C. Provincial Assemblies,"D. National Assembly, Senate and Provincial Assemblies","D. National Assembly, Senate and Provincial Assemblies"
Homeopathy as system of medicine was developed by Dr. Samuel Hahnemann in Germany in _______?,A. 1788,B. 1792,C. 1796,D. 1799,C. 1796
The World Homeopathy Day is observed every year on _______ to pay tribute to Dr. Christian Friedrich Samuel Hahnemann.,A. 8th April,B. 10th April,C. 15th April,D. 22nd April,B. 10th April
First time in world Country to make constitution is___________?,A. China,B. France,C. USA,D. Russia,C. USA
Guantanamo Bay is used as a Prison for__________?,A. Iraq war prisoners,B. Afghanistan War prisoners,C. International Prisoners,D. None of these,B. Afghanistan War prisoners
Where the 3rd Nuclear Security Summit held on the 24th March 2014?,"A. Paris, France","B. New York, USA","C. London, UK","D. Hague, Netherland","D. Hague, Netherland"
Which Continent has the highest number of Countries?,A. Asia,B. Europe,C. Noth America,D. Africa,D. Africa
First Opium War was fought between_____________?,A. Romania and Hungry,B. France and Germany,C. United Kingdom and China,D. none of these,C. United Kingdom and China
In ODI Cricket Which Team holds the record of highest margin win (by score) is ?,A. Australia,B. South Africa,C. New zealand,D. Sri Lanka,C. New zealand
STAR stands for__________?,A. Standard Terminal Arrival Road,B. Standard Terminal Arrival Route,C. Standard Term Arrival Route,D. Strong Terminal Arrival Road,B. Standard Terminal Arrival Route
The second name of Khojak Pass is _______ ?,A. Toba Chaman,B. Toba Afghanistan,C. Toba Kaker,D. None of them,C. Toba Kaker
What is meant by word Quetta?,A. Town,B. Fort,C. Hill,D. Dead,B. Fort
The word “OPF” stands for_________?,A. Overseas Pakistan Federation,B. Overseas People Federation,C. Overseas Pakistanis Foundation,D. None of these,C. Overseas Pakistanis Foundation
“Doab” is a _______?,A. Area b/w two oceans,B. Area b/w two rivers,C. Area b/w two islands,D. Area b/w two countries,B. Area b/w two rivers
First Asian city to host the Olympics is__________?,A. Beijing,B. Tokyo,C. New Dehli,D. Katmandu,B. Tokyo
First Country to make Education Compulsory is_________?,A. USA,B. China,C. Japan,D. Prussia,D. Prussia
Who was the 1st President of India?,A. V.V. Giri,B. Jawaharlal Nehru,C. Rajendra Prasad,D. Lal Bahadur Shastri,C. Rajendra Prasad
The last King of Afghanistan was____________?,A. Habib ullah Khan,B. Muhammad Zahir Shah,C. Sardar Daud Khan,D. Aman ullah Khan,B. Muhammad Zahir Shah
The largest opium producer province of Afghanistan is_________?,A. Helmand,B. Paktia,C. Herat,D. Nangarhar,A. Helmand
Which of the following is not an example of modern slavery?,A. Bonded labour,B. Child labour,C. Human trafficking,D. Forced marriage,E. All of the above are examples of modern slavery
Which Country has Constructed the world longest sea bridge?,A. USA,B. Germany,C. China,D. France,C. China
Reykjavik is the capital of ________?,A. Iceland,B. Ireland,C. Croatia,D. Montenegro,A. Iceland
Manila is the capital and seaport of ________?,A. Phillipines,B. Coast Rica,C. Croatia,D. Montenegro,A. Phillipines
Gulf war started in________?,A.1990,B.1992,C.1993,D.1991,A.1990
Capital of Croatia is_____________?,A. Zagreb,B. Rijeka,C. Sisak,D. Zadar,A. Zagreb
River Sawan is located in__________?,A. Sindh,B. GB,C. Swat,D. Rawalpindi,D. Rawalpindi
Who Won the FIFA World Cup 2018 ?,A. Croatia,B. Argentina,C. Pakistan,D. France,D. France
Who was the First Poet of the Urdu language?,A. Mirza Asadullah Khan Ghalib,B. Hassan Mohani,C. Amir Khusrow,D. Mir Taqi Mir,C. Amir Khusrow
Who is the Father of Urdu Literature?,A. Mirza Asadullah Khan Ghalib,B. Mir Taqi Mir,C. Hassan Mohani,D. Molvi Abdul Haq,D. Molvi Abdul Haq
SUPARCO stand for__________?,A. The Space and Upper Atmosphere Research Commission,B. The Space and Upper Atmosphere Research Company,C. The Space and Upper Atmosphere Research Cooperation,D. The Space and Upper Atmosphere Research Contents,A. The Space and Upper Atmosphere Research Commission
SSGC stands for __________?,A. Sui Sindh Gas Corridor,B. Sui Southern Gas Company’s,C. Sui Special Gas Company’s,D. Sui Southern Gas Corridor,B. Sui Southern Gas Company’s
CPI stands for __________?,A. Company Price Index,B. Customer Price Index,C. Current Price Index,D. Consumer Price Index,D. Consumer Price Index
International Day of Cooperatives is observed on the ________  Saturday of July each year?,A. First,B. Second,C. Third,D. Fourth,A. First
2018 Nobel Prize Currently Awarded in Physics is for________?,A. For groundbreaking inventions in the field of laser physics,B. For the optical tweezers and their application to biological systems,"C. For their method of generating high-intensity, ultra-short optical pulses",D. All of these,D. All of these
DMO stands for __________?,A. Direct Monitoring Officer,B. Dual Monitoring Officer,C. District Monitoring Officer,D. Departmental Monitoring Officer,C. District Monitoring Officer
World Zoonoses Day is observed on __________ every year?,A. July 3,B. July 4,C. July 5,D. July 6,D. July 6
CGTO stands for __________?,A. Counter Gas Theft Organization,B. Counter Gas Theft Operations,C. Central Gas Theft Operations,D. Company Gas Theft Operations,B. Counter Gas Theft Operations
What is the Capital of Monaco?,A. Mont Karl,B. Monte Carlo,C. Monaco,D. Mancino,B. Monte Carlo
Who has become the first cricketer to play 100 T20 Internationals?,A. MS Dhoni,B. Shahid Afridi,C. Virat Kohli,D. Shoib Malik,D. Shoib Malik
UFO stands for ______?,A. Unidentified flying objects,B. Universal famous objects,C. Unidentified famous objects,D. Universal flying Objects,A. Unidentified flying objects
World UFO Day is Celebrated on ________?,A. July 1,B. July 2,C. July 3,D. July 4,B. July 2
World Sports Journalists Day is Celebrated on ________?,A. July 1,B. July 2,C. July 3,D. July 4,B. July 2
International Joke Day is celebrated in the world on __________?,A. 1 July,B. 2 July,C. 3 July,D. 4 July,A. 1 July
SSC stands for __________?,A. Senate Standing Cooperation,B. Senate Standing Conference,C. Senate Standing Committee,D. Senate Standing Coalition,C. Senate Standing Committee
Recep Tayyip Erdoğan belongs to which Political Party?,A. İYİ (Good Party),B. HDP (Peoples’ Democratic Party),C. CHP (Republican People’s Party),D. AK Party (Justice and Development Party),D. AK Party (Justice and Development Party)
Friendship Bridge on oxus River connects:________________?,A. Russia and Afghanistan,B. China and Russia,C. Tajikistan and Kazakhastan,D. Uzbekistan and Afghanistan,D. Uzbekistan and Afghanistan
Which is the Intelligence Agency of Israel?,A. Khad,B. Mosad,C. CIA,D. None of the above,B. Mosad
Kutte ki Qabar (The Dog’s Grave) an Area Disputed between Sindh and Balochistan is located in_________range?,A. Koh-i-Suleman,B. Kirthar,C. Siachen,D. Koh-i-Sufaid,B. Kirthar
Most polluted lake in the world is ____________?,A. Lake Titicaca,B. Lake Karachay,C. Onondaga Lake,D. Lake Ontario,B. Lake Karachay
CAA stands for _________?,A. Civil Action Authority,B. Civil Aviation Authority,C. Command Aviation Army,D. Command Action Agency,B. Civil Aviation Authority
The BISP had been launched by the PPP government in __________?,A. 2008,B. 2009,C. 2010,D. 2011,A. 2008
BISP stands for __________?,A. Benazir Income Service Programme,B. Bhutto Income Service Programme,C. Benazir Income Support Programme,D. Bhutto Income Support Programme,C. Benazir Income Support Programme
Model Town incident happened in Lahore on ___________?,"A. June 17, 2014","B. June 18, 2014","C. June 19, 2014","D. June 20, 2014","A. June 17, 2014"
Yachting (sailing) became a Olympic event in______?,A. 1902,B. 1900,C. 1906,D. 1904,B. 1900
The office of the UN General Assembly is in____________?,A. Vienna,B. New York,C. Paris,D. Zurich,B. New York
Shah Wali Ullah was born in the reign of___________?,A. Aurengzeb,B. Akbar,C. Shah Jahan,D. None of these,A. Aurengzeb
The United States of America lies in _________ Continent?,A. North America,B. South America,C. Europe,D. Central-Europe,A. North America
Most Populated Country of South-America is___________?,A. Brazil,B. Colombia,C. Argentia,D. Venezuela,A. Brazil
Most Populated Country in Africa is__________?,A. Nigeria,B. Ethopia,C. Egypt,D. Congo,A. Nigeria
Which country is going to host 2019 Cricket World Cup?,A. South Africa,B. India,C. England,D. West Indies,C. England
PTA stands for __________?,A. Pakistan Television Authority,B. Pakistan Telecommunication Authority,C. Pakistan Technology Association,D. Pakistan Tribal Areas,B. Pakistan Telecommunication Authority
FED stands for __________?,A. Foreign Economic Detail,B. Federal Excise Duty,C. Foreign Exchange Deduction,D. Federal Economic Department,B. Federal Excise Duty
PSU stands for __________?,A. Primary Sampling Unit,B. Play Station Unit,C. Power Supply Unit,D. Plymouth State University,C. Power Supply Unit
The world’s largest animal is___________?,A. blue whale,B. gray whale,C. sperm whale,D. North Pacific right whale,A. blue whale
Who is known as the Poet of Nature?,A. William Black,B. William Shakespeare,C. William Wordsworth,D. William Butler Yeats,C. William Wordsworth
NAP stands for _________?,A. National Army Policy,B. National Army Plan,C. National Action Plan,D. National Activity Policy,C. National Action Plan
Belgium is located in Europe?,A.,B. East,C. North,D. South,West
What is the length of Ranikot fort?,"A. 32 kilometer,20 (mi)","B. 33 kilometer,21 (mi)","C. 31 kilometer,19 (mi)","D. 30 kilometer,18 (mi)","C. 31 kilometer,19 (mi)"
WhatsApp was founded in 2009 by:_____________?,A. Brian Acton,B. Jan Koum,C. Mark Zuckerberg,D. Both A & B,D. Both A & B
Which is the intelligence agency of UK?,A. Security Service (MI 5),B. Secret Intelligence Service SIS (MI 6),C. Both A & B,D. None of the above.,C. Both A & B
CIA stands for ___________?,A. Central Intelligence America,B. Central Intelligence Agency,C. Central American Intelligence Agency,D. None of the Above.,B. Central Intelligence Agency
CIA is the intelligence agency of which Country ?,A. USA,B. UK,C. Pakistan,D. None of the above,A. USA
Pakistan came into being 27 Ramadan_________A.H?,A. 1361 A.H,B. 1362 A.H,C. 1365 A.H,D. 1366 A.H,D. 1366 A.H
Which is called the ‘Land of golden fibre’?,A. Sri Lanka,B. Bangladesh,C. Iran,D. Pakistan,B. Bangladesh
Which city is called the ‘Little Pakistan’?,A. Cairo,B. Bradford,C. Chicago,D. Dhaka,B. Bradford
SRO stands for _________?,A. Security Reform Union,B. Statutory Regulation Organization,C. Statutory Regulatory Order,D. Senior Regional Officer,C. Statutory Regulatory Order
PBS stands for _________?,A. Pakistan Bureau of Science,B. Pakistan Board of Statistics,C. Pakistan Bureau of Statistics,D. Pakistan Board of Science,C. Pakistan Bureau of Statistics
Mosquito has _______ sharp edges like teeth?,A. 46,B. 47,C. 48,D. 49,B. 47
BDU stands for ___________?,A. Bomb Discharge Unit,B. Bomb Disconnect Unit,C. Bomb Deactivate Unit,D. Bomb Disposal Unit,D. Bomb Disposal Unit
MOU stands for ____________?,A. Medical officer Union,B. Memorandum Of Understanding,C. Military Official Unit,D. Media Official Unit,B. Memorandum Of Understanding
PBA stands for ____________?,A. Pakistan Broadband Association’s,B. Pakistan Broadcasters Association’s,C. Private Business Accounts,D. Public Business Accounts,B. Pakistan Broadcasters Association’s
ATC stands for _____________?,A. Anti-Terrorism Court,B. Anti-Terrorism Agency,C. Anti-Terrorism Association,D. Advanced Technology Associates,A. Anti-Terrorism Court
Zimbabwe has the highest number of ______ official languages.,A. 12,B. 14,C. 16,D. 18,C. 16
ECL stands for ____________?,A. Entry Control List,B. Exit Control List,C. Extended Control List,D. Error Correction List,B. Exit Control List
National Day is observed in which Islamic country on first January?,A. Sudan,B. Libya,C. Nigeria,D. Maldives,A. Sudan
RAW stands for _______?,A. Reduction of American Warrior,B. Real Action Work,C. Repertoire of Administrative Workload,D. Research and Analysis Wing,D. Research and Analysis Wing
The driest desert in the world is___________?,A. Sahara Desert,B. Cholistan Desert,C. Arabian Desert,D. Atacama Desert,D. Atacama Desert
The largest waterfalls system in the world is__________?,A. Angel Falls,B. Victoria Falls,C. Niagara Falls,D. Iguazu Falls,A. Angel Falls
The Atacama Desert is located in_________?,A. Asia,B. Africa,C. South America,D. Australia,C. South America
The Great Wall of China is about __________ KM long.,"A. 18,196","B. 19,196","C. 20,196","D. 21,196","D. 21,196"
State Bird of Pakistan is_________?,A. Pregarine falcon/shaheen,B. Markhor,C. Chakor,D. None of above,A. Pregarine falcon/shaheen
National insignia of Pakistan is__________?,A. Deodar,B. Indus dolphin,C. Crescent and star,D. None of above,C. Crescent and star
National monument of Pakistan is located in ___________?,A. Rawalpindi,B. Faisalabad,C. Islamabad,D. Lahore,C. Islamabad
National Predator of Pakistan is__________?,A. Lion,B. Snow bear,C. Snow Leopard,D. All of these,C. Snow Leopard
National Vegetable of Pakistan is_________?,A. Carrot,B. Tomato,C. Lady Finger,D. All of these,C. Lady Finger
FIR stands for ___________?,A. Final Information Report,B. First Information Report,C. Field Information Report,D. Fact Interrogation Report,B. First Information Report
Which Islamic country national language is English?,A. Somalia,B. Brunei,C. Nigeria,D. Libya,C. Nigeria
Arabic is national language of how many Islamic countries?,A. 24,B. 26,C. 28,D. 30,B. 26
ECG stands for _______________?,A. East Capital Group,B. Electro Cardio Gram,C. Emergency Cell Group,D. Electronic Communication Group,B. Electro Cardio Gram
ACU stands for _____________?,A. Animals Care Unit,B. Anti-corruption Unit,C. Asian commonwealth Universities,D. Area Control Unit,B. Anti-corruption Unit
How many state owned shipping fleet does Pakistan have?,A. 5,B. 3,C. 1,D. 7,C. 1
Which of the following is the longest route of Pakistan Railways?,A. Kotri to Attock line,B. Karachi to Peshawar line,C. Rohri to Chaman line,D. Quetta to Taftan line,B. Karachi to Peshawar line
M9 is the motorway b/w _________?,A. Faisalabad to Multan,B. Hyderabad to Karachi,C. Multan to Sukkur,D. Karachi Northern Bypass,B. Hyderabad to Karachi
M8 is the motorway b/w _________?,A. Ratodero to Karachi,B. Ratodero to Gawadar,C. Ratodero to DG khan,D. Lahore to Sialkot,B. Ratodero to Gawadar
M2 is the motorway b/w _________?,A. Multan to Sukkur,B. Islamabad to Lahore,C. Karachi to Hyderabad,D. Lahore to Sialkot,B. Islamabad to Lahore
M1 is the motorway b/w ________?,A. Lahore to Islamabad,B. Peshawar to Islamabad,D. Pindi Bhattian to Faisalabad,D. Faisalabad to Multan,B. Peshawar to Islamabad
IMF stands for __________?,A. Infant Mortality Foundation,B. International Management Forum,C. International Monetary Fund,D. International Machine Foundation,C. International Monetary Fund
RO stands for ____________?,A. Registered Ordered,B. Returning Officer,C. Registered Officer,D. Research Office,B. Returning Officer
Who was the last ruler of Lodi dynasty ?,A. Bahlol Lodi,B. Sikandar Lodi,C. Ibrahim Lodi,D. Daulat Khan Lodi,C. Ibrahim Lodi
GDP stands for ________?,A. Global Demand for Production,B. Global Petroleum Corporation,C. Gross Domestic Product,D. General Demand for Production,C. Gross Domestic Product
CTD stands for ______________?,A. Capital Training Department,B. Central Travelling Department,C. Counter Training Department,D. Counter Terrorism Department,D. Counter Terrorism Department
Which is the world’s largest man-made lake by volume?,A. Lake Guri,B. Lake Nasser,C. Bratsk Reservoir,D. Lake Kariba,D. Lake Kariba
Whih is world’s largest non-subglacial underground lake?,A. Craighead Caverns,B. Dragon’s Breath Cave,C. Moqua Well,D. Sovetskaya Lake,B. Dragon’s Breath Cave
Which is world’s smallest underground lake?,A. Craighead Caverns,B. Dragon’s Breath Cave,C. Moqua Well,D. Sovetskaya Lake,C. Moqua Well
__________ was the first ruler of soomra dynasty (1011-1026)?,,,,,D- Al-khafif
Where is located Barakah power plant which is the world’s largest nuclear project un­der construction ?,A. Iran,B. Qatar,C. UAE,D. None of these,C. UAE
what is expected construction cost of barakah power plant in Abu Dhabi?,A. $20 billion USD,B. $22 billion USD,C. $24.4 billion USD,D. None of above,C. $24.4 billion USD
"According to clause 224 of the Constitution, elections for the national and provincial assemblies are to be held within ______ days following the day the term of the assemblies expires.",A. 40,B. 50,C. 60,D. 70,C. 60
"Under which section of the Elections Act, 2017, the president holds the authority to announce the date for elections in consultation with the ECP?",A. Section 56 (1),B. Section 57 (1),C. Section 58 (1),D. Section 59 (1),B. Section 57 (1)
Who holds the authority to announce the date for elections in consultation with the ECP?,A. Prime Minister,B. President,C. Supreme Court,D. Both A & B,B. President
The founder of the first Afghan dynasty in India was ?,A. Sikandar Lodi,B. Ibrahim Lodi,C. Bahlol Lodi,D. None of these,C. Bahlol Lodi
ECG is used for the diagnosis of ailment of the ?,A. Kidneys,B. Heart,C. Brain,D. Lungs,B. Heart
"In railway tracks, a small gap is left between the rails ?",A. To permit the shrinkage of metal,B. To save the cost of metal,C. To allow for the expansion during heat,D. None of them,C. To allow for the expansion during heat
“Amir Krore” was the first poet of ?,A. Balochi,B. Pushto,C. Sindhi,D. Kashmiri,B. Pushto
Dialysis is used for the treatment of ?,A. Heart Weakness,B. Brain diseases,C. Kidney failure,D. None of these,C. Kidney failure
The tallest tree in the world is ?,A. Redwood,B. Eucalyptus,C. Cedar,D. Date palm,A. Redwood
Before independence Kosovo was the part of ?,A. Albania,B. Serbia,C. Yugoslavia,D. Bulgaria,B. Serbia
Before independence East Timor was the part of ?,A. Malaysia,B. Taiwan,C. Indonesia,D. Thailand,C. Indonesia
Name the longest rail tunnel of the world?,A. Rokko (Japan),B. Channel (UK),C. Shimizu (Japan),D. Seikan (Japan),D. Seikan (Japan)
Which country discovered Cricket?,A. Australia,B. South Africa,C. England,D. W Indies,C. England
The General Assembly meets every year in regular sessions beginning every year in ?,A. November,B. October,C. September,D. December,C. September
Name the river in the world which carries the maximum volume of water ?,A. Amazon,B. Nile,C. Indus,D. Mississippi,A. Amazon
ECP stands for ___________?,A. Engineering committee of Pakistan,B. Election Commission of Pakistan,C. Economic commission of Pakistan,D. Economic council of Pakistan,B. Election Commission of Pakistan
Which country has won the most Olympic titles?,A. USA,B. Russia,C. France,D. China,A. USA
Which is considered as parliament of world ?,A. Cortes,B. National Assembly,C. Parliament,D. UN General Assembly,D. UN General Assembly
SAARC stands for ______________?,A. South Asian Association for Regional Cooperation,B. South American Association for Regional Cooperation,C. Small Agricultural Association for Regional Cooperation,D. South Asia Association for Railway Cooperation,A. South Asian Association for Regional Cooperation
Which continent has the most languages in the world?,A. Africa,B. Asia,C. South America,D. North America,B. Asia
Temporary members of the Security Council of the UNO are elected for the term of ?,A. Four Year,B. Two Year,C. One Year,D. Three Year,B. Two Year
Who wrote “The sun also rises”?,A. D.H.Lawrence,B. Hemingway,C. Voctoria Schofield,D. T.S.Eliot,B. Hemingway
Philology is the study of ___________?,A. Languages,B. Muscles,C. Architecture,D. Bones,A. Languages
What is the sweetest language in the world?,A. English,B. Spanish,C. Bengali,D. Urdu,C. Bengali
What is the most beautiful language in the world?,A. Italian,B. Spanish,C. English,D. French,D. French
______ language is named the world’s “most influential language”.,A. Urdu,B. Chinese,C. French,D. English,D. English
What language is the official language in the most countries?,A. Spanish,B. English,C. Arabic,D. Chinese,B. English
